{
    "bench": "fannkuchredux-4.c",
    "language": "c",
    "input": 9.0,
    "average_run_time": 959322.5,
    "maximum_run_time": 1173872.0,
    "minimum_run_time": 871585.0,
    "average_cpu_time": 0.008025333333333334,
    "minimum_cpu_time": 0.007756,
    "maximum_cpu_time": 0.008948,
    "average_cpu_busy": 0,
    "average_ram_load": 0,
    "run_results": [
        {
            "index": 0,
            "input": 9.0,
            "run_time": 1173872.0,
            "start_time": 1679838389981444290,
            "stop_time": 1679838389982618162,
            "ram_samples": [],
            "cpu_samples": [
                0.0,
                0.0,
                0.0,
                0.0,
                0.0,
                0.0,
                0.0,
                0.0,
                0.0,
                0.0,
                0.0,
                0.0,
                0.0,
                0.0,
                0.0,
                0.0
            ],
            "average_cpu_busy": 0.0,
            "user_cpu_time": 0.00784,
            "sys_cpu_time": 0.0,
            "total_cpu_time": 0.00784,
            "max_rss": 19256,
            "exit_code": 0,
            "failed": false
        },
        {
            "index": 1,
            "input": 9.0,
            "run_time": 904576.0,
            "start_time": 1679838389993672966,
            "stop_time": 1679838389994577542,
            "ram_samples": [],
            "cpu_samples": [
                0.0,
                0.0,
                0.0,
                0.0,
                0.0,
                0.0,
                0.0,
                0.0,
                0.0,
                0.0,
                0.0,
                0.0,
                0.0,
                0.0,
                0.0,
                0.0
            ],
            "average_cpu_busy": 0.0,
            "user_cpu_time": 0.007989,
            "sys_cpu_time": 0.0,
            "total_cpu_time": 0.007989,
            "max_rss": 19256,
            "exit_code": 0,
            "failed": false
        },
        {
            "index": 2,
            "input": 9.0,
            "run_time": 913874.0,
            "start_time": 1679838390005736131,
            "stop_time": 1679838390006650005,
            "ram_samples": [],
            "cpu_samples": [
                0.0,
                0.0,
                0.0,
                0.0,
                0.0,
                0.0,
                0.0,
                0.0,
                0.0,
                0.0,
                0.0,
                0.0,
                0.0,
                0.0,
                0.0,
                0.0
            ],
            "average_cpu_busy": 0.0,
            "user_cpu_time": 0.007782,
            "sys_cpu_time": 0.0,
            "total_cpu_time": 0.007782,
            "max_rss": 19260,
            "exit_code": 0,
            "failed": false
        },
        {
            "index": 3,
            "input": 9.0,
            "run_time": 929874.0,
            "start_time": 1679838390017263391,
            "stop_time": 1679838390018193265,
            "ram_samples": [],
            "cpu_samples": [
                0.0,
                0.0,
                0.0,
                0.0,
                0.0,
                0.0,
                0.0,
                0.0,
                0.0,
                0.0,
                0.0,
                0.0,
                0.0,
                0.0,
                0.0,
                0.0
            ],
            "average_cpu_busy": 0.0,
            "user_cpu_time": 0.007756,
            "sys_cpu_time": 0.0,
            "total_cpu_time": 0.007756,
            "max_rss": 19260,
            "exit_code": 0,
            "failed": false
        },
        {
            "index": 4,
            "input": 9.0,
            "run_time": 962154.0,
            "start_time": 1679838390028959639,
            "stop_time": 1679838390029921793,
            "ram_samples": [],
            "cpu_samples": [
                0.0,
                0.0,
                0.0,
                0.0,
                0.0,
                0.0,
                0.0,
                0.0,
                0.0,
                0.0,
                0.0,
                0.0,
                0.0,
                0.0,
                0.0,
                0.0
            ],
            "average_cpu_busy": 0.0,
            "user_cpu_time": 0.008948,
            "sys_cpu_time": 0.0,
            "total_cpu_time": 0.008948,
            "max_rss": 19260,
            "exit_code": 0,
            "failed": false
        },
        {
            "index": 5,
            "input": 9.0,
            "run_time": 871585.0,
            "start_time": 1679838390041233609,
            "stop_time": 1679838390042105194,
            "ram_samples": [],
            "cpu_samples": [
                0.0,
                0.0,
                0.0,
                0.0,
                0.0,
                0.0,
                0.0,
                0.0,
                0.0,
                0.0,
                0.0,
                0.0,
                0.0,
                0.0,
                0.0,
                0.0
            ],
            "average_cpu_busy": 0.0,
            "user_cpu_time": 0.007837,
            "sys_cpu_time": 0.0,
            "total_cpu_time": 0.007837,
            "max_rss": 19264,
            "exit_code": 0,
            "failed": false
        }
    ]
}