{
    "bench": "fannkuchredux-2.c",
    "language": "c",
    "input": 9.0,
    "average_run_time": 975863.3333333334,
    "maximum_run_time": 1252629.0,
    "minimum_run_time": 873408.0,
    "average_cpu_time": 0.019064333333333332,
    "minimum_cpu_time": 0.018748,
    "maximum_cpu_time": 0.020024,
    "average_cpu_busy": 0,
    "average_ram_load": 0,
    "run_results": [
        {
            "index": 0,
            "input": 9.0,
            "run_time": 914104.0,
            "start_time": 1679838390680238569,
            "stop_time": 1679838390681152673,
            "ram_samples": [],
            "cpu_samples": [
                0.0,
                0.0,
                0.0,
                0.0,
                0.0,
                0.0,
                0.0,
                0.0,
                0.0,
                0.0,
                0.0,
                0.0,
                0.0,
                0.0,
                0.0,
                0.0
            ],
            "average_cpu_busy": 0.0,
            "user_cpu_time": 0.020024,
            "sys_cpu_time": 0.0,
            "total_cpu_time": 0.020024,
            "max_rss": 19292,
            "exit_code": 0,
            "failed": false
        },
        {
            "index": 1,
            "input": 9.0,
            "run_time": 994274.0,
            "start_time": 1679838390689959191,
            "stop_time": 1679838390690953465,
            "ram_samples": [],
            "cpu_samples": [
                0.0,
                0.0,
                0.0,
                0.0,
                100.0,
                0.0,
                0.0,
                0.0,
                0.0,
                0.0,
                0.0,
                0.0,
                0.0,
                0.0,
                0.0,
                0.0
            ],
            "average_cpu_busy": 9.94274e-07,
            "user_cpu_time": 0.015189,
            "sys_cpu_time": 0.003797,
            "total_cpu_time": 0.018986,
            "max_rss": 19296,
            "exit_code": 0,
            "failed": false
        },
        {
            "index": 2,
            "input": 9.0,
            "run_time": 934192.0,
            "start_time": 1679838390699327842,
            "stop_time": 1679838390700262034,
            "ram_samples": [],
            "cpu_samples": [
                0.0,
                0.0,
                0.0,
                0.0,
                0.0,
                0.0,
                0.0,
                0.0,
                0.0,
                0.0,
                0.0,
                0.0,
                0.0,
                0.0,
                0.0,
                0.0
            ],
            "average_cpu_busy": 0.0,
            "user_cpu_time": 0.018748,
            "sys_cpu_time": 0.0,
            "total_cpu_time": 0.018748,
            "max_rss": 19296,
            "exit_code": 0,
            "failed": false
        },
        {
            "index": 3,
            "input": 9.0,
            "run_time": 886573.0,
            "start_time": 1679838390708186016,
            "stop_time": 1679838390709072589,
            "ram_samples": [],
            "cpu_samples": [
                0.0,
                0.0,
                0.0,
                0.0,
                0.0,
                0.0,
                0.0,
                0.0,
                0.0,
                0.0,
                0.0,
                0.0,
                0.0,
                0.0,
                0.0,
                0.0
            ],
            "average_cpu_busy": 0.0,
            "user_cpu_time": 0.018782,
            "sys_cpu_time": 0.0,
            "total_cpu_time": 0.018782,
            "max_rss": 19296,
            "exit_code": 0,
            "failed": false
        },
        {
            "index": 4,
            "input": 9.0,
            "run_time": 873408.0,
            "start_time": 1679838390716706056,
            "stop_time": 1679838390717579464,
            "ram_samples": [],
            "cpu_samples": [
                0.0,
                0.0,
                0.0,
                0.0,
                0.0,
                0.0,
                0.0,
                0.0,
                0.0,
                0.0,
                0.0,
                0.0,
                0.0,
                0.0,
                0.0,
                0.0
            ],
            "average_cpu_busy": 0.0,
            "user_cpu_time": 0.018791,
            "sys_cpu_time": 0.0,
            "total_cpu_time": 0.018791,
            "max_rss": 19296,
            "exit_code": 0,
            "failed": false
        },
        {
            "index": 5,
            "input": 9.0,
            "run_time": 1252629.0,
            "start_time": 1679838390725355359,
            "stop_time": 1679838390726607988,
            "ram_samples": [],
            "cpu_samples": [
                0.0,
                0.0,
                0.0,
                0.0,
                0.0,
                0.0,
                0.0,
                0.0,
                0.0,
                0.0,
                0.0,
                0.0,
                0.0,
                0.0,
                0.0,
                0.0
            ],
            "average_cpu_busy": 0.0,
            "user_cpu_time": 0.015243999999999999,
            "sys_cpu_time": 0.0038109999999999997,
            "total_cpu_time": 0.019055,
            "max_rss": 19296,
            "exit_code": 0,
            "failed": false
        }
    ]
}