{
    "bench": "fannkuchredux-3.c",
    "language": "c",
    "input": 9.0,
    "average_runtime": 900285.1666666666,
    "average_cpu_busy": 0.0,
    "average_ram_load": 0,
    "run_results": [
        {
            "index": 0,
            "input": 9.0,
            "run_time": 908563.0,
            "start_time": 1679663717920973506,
            "stop_time": 1679663717921882069,
            "ram_samples": [],
            "cpu_samples": [
                0.0,
                0.0,
                0.0,
                0.0,
                0.0,
                0.0,
                0.0,
                0.0,
                0.0,
                0.0,
                0.0,
                0.0,
                0.0,
                0.0,
                0.0,
                0.0
            ],
            "average_cpu_busy": 0.0,
            "user_cpu_time": 0.018768,
            "sys_cpu_time": 0.0,
            "total_cpu_time": 0.018768,
            "max_rss": 18580,
            "exit_code": 0,
            "failed": false
        },
        {
            "index": 1,
            "input": 9.0,
            "run_time": 901138.0,
            "start_time": 1679663717943208699,
            "stop_time": 1679663717944109837,
            "ram_samples": [],
            "cpu_samples": [
                0.0,
                0.0,
                0.0,
                0.0,
                0.0,
                0.0,
                0.0,
                0.0,
                0.0,
                0.0,
                0.0,
                0.0,
                0.0,
                0.0,
                0.0,
                0.0
            ],
            "average_cpu_busy": 0.0,
            "user_cpu_time": 0.014822,
            "sys_cpu_time": 0.003705,
            "total_cpu_time": 0.018527000000000002,
            "max_rss": 18584,
            "exit_code": 0,
            "failed": false
        },
        {
            "index": 2,
            "input": 9.0,
            "run_time": 981091.0,
            "start_time": 1679663717965071841,
            "stop_time": 1679663717966052932,
            "ram_samples": [],
            "cpu_samples": [
                0.0,
                0.0,
                0.0,
                0.0,
                0.0,
                0.0,
                0.0,
                0.0,
                0.0,
                0.0,
                0.0,
                0.0,
                0.0,
                0.0,
                0.0,
                0.0
            ],
            "average_cpu_busy": 0.0,
            "user_cpu_time": 0.018483,
            "sys_cpu_time": 0.0,
            "total_cpu_time": 0.018483,
            "max_rss": 18588,
            "exit_code": 0,
            "failed": false
        },
        {
            "index": 3,
            "input": 9.0,
            "run_time": 850743.0,
            "start_time": 1679663717987144182,
            "stop_time": 1679663717987994925,
            "ram_samples": [],
            "cpu_samples": [
                0.0,
                0.0,
                0.0,
                0.0,
                0.0,
                0.0,
                0.0,
                0.0,
                0.0,
                0.0,
                0.0,
                0.0,
                0.0,
                0.0,
                0.0,
                0.0
            ],
            "average_cpu_busy": 0.0,
            "user_cpu_time": 0.018459,
            "sys_cpu_time": 0.0,
            "total_cpu_time": 0.018459,
            "max_rss": 18588,
            "exit_code": 0,
            "failed": false
        },
        {
            "index": 4,
            "input": 9.0,
            "run_time": 817599.0,
            "start_time": 1679663718008687635,
            "stop_time": 1679663718009505234,
            "ram_samples": [],
            "cpu_samples": [
                0.0,
                0.0,
                0.0,
                0.0,
                0.0,
                0.0,
                0.0,
                0.0,
                0.0,
                0.0,
                0.0,
                0.0,
                0.0,
                0.0,
                0.0,
                0.0
            ],
            "average_cpu_busy": 0.0,
            "user_cpu_time": 0.018309,
            "sys_cpu_time": 0.0,
            "total_cpu_time": 0.018309,
            "max_rss": 18588,
            "exit_code": 0,
            "failed": false
        },
        {
            "index": 5,
            "input": 9.0,
            "run_time": 942577.0,
            "start_time": 1679663718030117542,
            "stop_time": 1679663718031060119,
            "ram_samples": [],
            "cpu_samples": [
                0.0,
                0.0,
                0.0,
                0.0,
                0.0,
                0.0,
                0.0,
                0.0,
                0.0,
                0.0,
                0.0,
                0.0,
                0.0,
                0.0,
                0.0,
                0.0
            ],
            "average_cpu_busy": 0.0,
            "user_cpu_time": 0.018859,
            "sys_cpu_time": 0.0,
            "total_cpu_time": 0.018859,
            "max_rss": 18652,
            "exit_code": 0,
            "failed": false
        }
    ]
}