{
    "bench": "fannkuchredux-3.java",
    "language": "java",
    "input": 12.0,
    "average_run_time": 1246412.8333333333,
    "maximum_run_time": 1458846.0,
    "minimum_run_time": 1134047.0,
    "average_cpu_time": 27.766098999999997,
    "minimum_cpu_time": 27.540191,
    "maximum_cpu_time": 27.974719,
    "average_cpu_busy": 0,
    "average_ram_load": 0,
    "run_results": [
        {
            "index": 0,
            "input": 12.0,
            "run_time": 1227964.0,
            "start_time": 1680007339248164787,
            "stop_time": 1680007339249392751,
            "ram_samples": [],
            "cpu_samples": [
                0.0,
                0.0,
                0.0,
                0.0,
                0.0,
                0.0,
                0.0,
                0.0,
                0.0,
                0.0,
                0.0,
                0.0,
                0.0,
                0.0,
                0.0,
                0.0
            ],
            "average_cpu_busy": 0.0,
            "user_cpu_time": 27.520183,
            "sys_cpu_time": 0.020007999999999998,
            "total_cpu_time": 27.540191,
            "max_rss": 42012,
            "exit_code": 0,
            "failed": false
        },
        {
            "index": 1,
            "input": 12.0,
            "run_time": 1134047.0,
            "start_time": 1680007366719716641,
            "stop_time": 1680007366720850688,
            "ram_samples": [],
            "cpu_samples": [
                0.0,
                0.0,
                0.0,
                0.0,
                0.0,
                0.0,
                0.0,
                0.0,
                0.0,
                0.0,
                0.0,
                0.0,
                0.0,
                0.0,
                0.0,
                0.0
            ],
            "average_cpu_busy": 0.0,
            "user_cpu_time": 27.739799,
            "sys_cpu_time": 0.008003999999999999,
            "total_cpu_time": 27.747803,
            "max_rss": 42060,
            "exit_code": 0,
            "failed": false
        },
        {
            "index": 2,
            "input": 12.0,
            "run_time": 1162440.0,
            "start_time": 1680007394394845809,
            "stop_time": 1680007394396008249,
            "ram_samples": [],
            "cpu_samples": [
                0.0,
                0.0,
                0.0,
                0.0,
                0.0,
                0.0,
                0.0,
                0.0,
                0.0,
                0.0,
                0.0,
                0.0,
                0.0,
                0.0,
                0.0,
                0.0
            ],
            "average_cpu_busy": 0.0,
            "user_cpu_time": 27.958709,
            "sys_cpu_time": 0.01601,
            "total_cpu_time": 27.974719,
            "max_rss": 43216,
            "exit_code": 0,
            "failed": false
        },
        {
            "index": 3,
            "input": 12.0,
            "run_time": 1211753.0,
            "start_time": 1680007422312056428,
            "stop_time": 1680007422313268181,
            "ram_samples": [],
            "cpu_samples": [
                0.0,
                0.0,
                0.0,
                0.0,
                0.0,
                0.0,
                0.0,
                0.0,
                0.0,
                0.0,
                0.0,
                0.0,
                0.0,
                0.0,
                0.0,
                0.0
            ],
            "average_cpu_busy": 0.0,
            "user_cpu_time": 27.946545,
            "sys_cpu_time": 0.015993999999999998,
            "total_cpu_time": 27.962539,
            "max_rss": 41672,
            "exit_code": 0,
            "failed": false
        },
        {
            "index": 4,
            "input": 12.0,
            "run_time": 1283427.0,
            "start_time": 1680007450243150216,
            "stop_time": 1680007450244433643,
            "ram_samples": [],
            "cpu_samples": [
                0.0,
                0.0,
                0.0,
                0.0,
                0.0,
                0.0,
                0.0,
                0.0,
                0.0,
                0.0,
                0.0,
                0.0,
                0.0,
                0.0,
                0.0,
                0.0
            ],
            "average_cpu_busy": 0.0,
            "user_cpu_time": 27.621023,
            "sys_cpu_time": 0.012003,
            "total_cpu_time": 27.633026,
            "max_rss": 42312,
            "exit_code": 0,
            "failed": false
        },
        {
            "index": 5,
            "input": 12.0,
            "run_time": 1458846.0,
            "start_time": 1680007477801771094,
            "stop_time": 1680007477803229940,
            "ram_samples": [],
            "cpu_samples": [
                0.0,
                0.0,
                0.0,
                0.0,
                0.0,
                0.0,
                0.0,
                0.0,
                0.0,
                0.0,
                0.0,
                0.0,
                0.0,
                0.0,
                0.0,
                0.0
            ],
            "average_cpu_busy": 0.0,
            "user_cpu_time": 27.714320999999998,
            "sys_cpu_time": 0.023995,
            "total_cpu_time": 27.738315999999998,
            "max_rss": 42028,
            "exit_code": 0,
            "failed": false
        }
    ]
}