{
    "bench": "fannkuchredux-3.java",
    "language": "java",
    "input": 9.0,
    "average_runtime": 2249777.6666666665,
    "average_cpu_busy": 0.0,
    "average_ram_load": 0,
    "run_results": [
        {
            "index": 0,
            "input": 9.0,
            "run_time": 2344086.0,
            "start_time": 1679835116156178849,
            "stop_time": 1679835116158522935,
            "ram_samples": [],
            "cpu_samples": [
                0.0,
                0.0,
                0.0,
                0.0,
                0.0,
                0.0,
                0.0,
                0.0,
                0.0,
                0.0,
                0.0,
                0.0,
                0.0,
                0.0,
                0.0,
                0.0
            ],
            "average_cpu_busy": 0.0,
            "user_cpu_time": 28.020651,
            "sys_cpu_time": 0.032019,
            "total_cpu_time": 28.05267,
            "max_rss": 42112,
            "exit_code": 0,
            "failed": false
        },
        {
            "index": 1,
            "input": 9.0,
            "run_time": 2651302.0,
            "start_time": 1679835144158490441,
            "stop_time": 1679835144161141743,
            "ram_samples": [],
            "cpu_samples": [
                0.0,
                0.0,
                0.0,
                0.0,
                0.0,
                0.0,
                0.0,
                0.0,
                0.0,
                0.0,
                0.0,
                0.0,
                0.0,
                0.0,
                0.0,
                0.0
            ],
            "average_cpu_busy": 0.0,
            "user_cpu_time": 27.386614,
            "sys_cpu_time": 0.024005,
            "total_cpu_time": 27.410619,
            "max_rss": 41612,
            "exit_code": 0,
            "failed": false
        },
        {
            "index": 2,
            "input": 9.0,
            "run_time": 2055064.0,
            "start_time": 1679835171494874718,
            "stop_time": 1679835171496929782,
            "ram_samples": [],
            "cpu_samples": [
                0.0,
                0.0,
                0.0,
                0.0,
                0.0,
                0.0,
                0.0,
                0.0,
                0.0,
                0.0,
                0.0,
                0.0,
                0.0,
                0.0,
                0.0,
                0.0
            ],
            "average_cpu_busy": 0.0,
            "user_cpu_time": 27.315124,
            "sys_cpu_time": 0.027989999999999998,
            "total_cpu_time": 27.343114,
            "max_rss": 42052,
            "exit_code": 0,
            "failed": false
        },
        {
            "index": 3,
            "input": 9.0,
            "run_time": 2179017.0,
            "start_time": 1679835198768697347,
            "stop_time": 1679835198770876364,
            "ram_samples": [],
            "cpu_samples": [
                0.0,
                0.0,
                0.0,
                0.0,
                0.0,
                0.0,
                0.0,
                0.0,
                0.0,
                0.0,
                0.0,
                0.0,
                0.0,
                0.0,
                0.0,
                0.0
            ],
            "average_cpu_busy": 0.0,
            "user_cpu_time": 27.43912,
            "sys_cpu_time": 0.024006,
            "total_cpu_time": 27.463126,
            "max_rss": 42496,
            "exit_code": 0,
            "failed": false
        },
        {
            "index": 4,
            "input": 9.0,
            "run_time": 2244038.0,
            "start_time": 1679835226152903087,
            "stop_time": 1679835226155147125,
            "ram_samples": [],
            "cpu_samples": [
                0.0,
                0.0,
                0.0,
                0.0,
                0.0,
                0.0,
                0.0,
                0.0,
                0.0,
                0.0,
                0.0,
                0.0,
                0.0,
                0.0,
                0.0,
                0.0
            ],
            "average_cpu_busy": 0.0,
            "user_cpu_time": 27.628799,
            "sys_cpu_time": 0.020006,
            "total_cpu_time": 27.648805,
            "max_rss": 42240,
            "exit_code": 0,
            "failed": false
        },
        {
            "index": 5,
            "input": 9.0,
            "run_time": 2025159.0,
            "start_time": 1679835253727211798,
            "stop_time": 1679835253729236957,
            "ram_samples": [],
            "cpu_samples": [
                0.0,
                0.0,
                0.0,
                0.0,
                0.0,
                0.0,
                0.0,
                0.0,
                0.0,
                0.0,
                0.0,
                0.0,
                0.0,
                0.0,
                0.0,
                0.0
            ],
            "average_cpu_busy": 0.0,
            "user_cpu_time": 27.965314,
            "sys_cpu_time": 0.028009,
            "total_cpu_time": 27.993323,
            "max_rss": 42408,
            "exit_code": 0,
            "failed": false
        }
    ],
    "maximum_runtime": 2651302.0,
    "minimum_runtime": 2025159.0
}