{
    "bench": "fannkuchredux-3.ada",
    "language": "ada",
    "input": 9.0,
    "average_runtime": 915549.0,
    "average_cpu_busy": 0.0,
    "average_ram_load": 0,
    "run_results": [
        {
            "index": 0,
            "input": 9.0,
            "run_time": 929612.0,
            "start_time": 1679663716867771248,
            "stop_time": 1679663716868700860,
            "ram_samples": [],
            "cpu_samples": [
                0.0,
                0.0,
                0.0,
                0.0,
                0.0,
                0.0,
                0.0,
                0.0,
                0.0,
                0.0,
                0.0,
                0.0,
                0.0,
                0.0,
                0.0,
                0.0
            ],
            "average_cpu_busy": 0.0,
            "user_cpu_time": 0.018365,
            "sys_cpu_time": 0.0,
            "total_cpu_time": 0.018365,
            "max_rss": 18516,
            "exit_code": 0,
            "failed": false
        },
        {
            "index": 1,
            "input": 9.0,
            "run_time": 941205.0,
            "start_time": 1679663716886778725,
            "stop_time": 1679663716887719930,
            "ram_samples": [],
            "cpu_samples": [
                0.0,
                0.0,
                0.0,
                0.0,
                0.0,
                0.0,
                0.0,
                0.0,
                0.0,
                0.0,
                0.0,
                0.0,
                0.0,
                0.0,
                0.0,
                0.0
            ],
            "average_cpu_busy": 0.0,
            "user_cpu_time": 0.016652999999999998,
            "sys_cpu_time": 0.0,
            "total_cpu_time": 0.016652999999999998,
            "max_rss": 18516,
            "exit_code": 0,
            "failed": false
        },
        {
            "index": 2,
            "input": 9.0,
            "run_time": 888494.0,
            "start_time": 1679663716903841192,
            "stop_time": 1679663716904729686,
            "ram_samples": [],
            "cpu_samples": [
                0.0,
                0.0,
                0.0,
                0.0,
                0.0,
                0.0,
                0.0,
                0.0,
                0.0,
                0.0,
                0.0,
                0.0,
                0.0,
                0.0,
                0.0,
                0.0
            ],
            "average_cpu_busy": 0.0,
            "user_cpu_time": 0.016521,
            "sys_cpu_time": 0.0,
            "total_cpu_time": 0.016521,
            "max_rss": 18516,
            "exit_code": 0,
            "failed": false
        },
        {
            "index": 3,
            "input": 9.0,
            "run_time": 897441.0,
            "start_time": 1679663716920334525,
            "stop_time": 1679663716921231966,
            "ram_samples": [],
            "cpu_samples": [
                0.0,
                0.0,
                0.0,
                0.0,
                0.0,
                0.0,
                0.0,
                0.0,
                0.0,
                0.0,
                0.0,
                0.0,
                0.0,
                0.0,
                0.0,
                0.0
            ],
            "average_cpu_busy": 0.0,
            "user_cpu_time": 0.0,
            "sys_cpu_time": 0.016115,
            "total_cpu_time": 0.016115,
            "max_rss": 18520,
            "exit_code": 0,
            "failed": false
        },
        {
            "index": 4,
            "input": 9.0,
            "run_time": 912730.0,
            "start_time": 1679663716937115295,
            "stop_time": 1679663716938028025,
            "ram_samples": [],
            "cpu_samples": [
                0.0,
                0.0,
                0.0,
                0.0,
                0.0,
                0.0,
                0.0,
                0.0,
                0.0,
                0.0,
                0.0,
                0.0,
                0.0,
                0.0,
                0.0,
                0.0
            ],
            "average_cpu_busy": 0.0,
            "user_cpu_time": 0.015868,
            "sys_cpu_time": 0.0,
            "total_cpu_time": 0.015868,
            "max_rss": 18520,
            "exit_code": 0,
            "failed": false
        },
        {
            "index": 5,
            "input": 9.0,
            "run_time": 923812.0,
            "start_time": 1679663716953749776,
            "stop_time": 1679663716954673588,
            "ram_samples": [],
            "cpu_samples": [
                0.0,
                0.0,
                0.0,
                0.0,
                0.0,
                0.0,
                0.0,
                0.0,
                0.0,
                0.0,
                0.0,
                0.0,
                0.0,
                0.0,
                0.0,
                0.0
            ],
            "average_cpu_busy": 0.0,
            "user_cpu_time": 0.016092,
            "sys_cpu_time": 0.0,
            "total_cpu_time": 0.016092,
            "max_rss": 18520,
            "exit_code": 0,
            "failed": false
        }
    ]
}