{
    "bench": "fannkuchredux-4.rust",
    "language": "rust",
    "input": 11.0,
    "average_run_time": 935840.1666666666,
    "maximum_run_time": 1007870.0,
    "minimum_run_time": 897714.0,
    "average_cpu_time": 2.02651,
    "minimum_cpu_time": 1.99615,
    "maximum_cpu_time": 2.0734,
    "average_cpu_busy": 0,
    "average_ram_load": 0,
    "run_results": [
        {
            "index": 0,
            "input": 11.0,
            "run_time": 897714.0,
            "start_time": 1680006759229190301,
            "stop_time": 1680006759230088015,
            "ram_samples": [],
            "cpu_samples": [
                0.0,
                0.0,
                0.0,
                0.0,
                0.0,
                0.0,
                0.0,
                0.0,
                0.0,
                0.0,
                0.0,
                0.0,
                0.0,
                0.0,
                0.0,
                0.0
            ],
            "average_cpu_busy": 0.0,
            "user_cpu_time": 2.015258,
            "sys_cpu_time": 0.012043,
            "total_cpu_time": 2.027301,
            "max_rss": 21508,
            "exit_code": 0,
            "failed": false
        },
        {
            "index": 1,
            "input": 11.0,
            "run_time": 908273.0,
            "start_time": 1680006759418898162,
            "stop_time": 1680006759419806435,
            "ram_samples": [],
            "cpu_samples": [
                0.0,
                0.0,
                0.0,
                0.0,
                0.0,
                0.0,
                0.0,
                0.0,
                0.0,
                0.0,
                0.0,
                0.0,
                0.0,
                0.0,
                0.0,
                0.0
            ],
            "average_cpu_busy": 0.0,
            "user_cpu_time": 2.061484,
            "sys_cpu_time": 0.011916,
            "total_cpu_time": 2.0734,
            "max_rss": 21508,
            "exit_code": 0,
            "failed": false
        },
        {
            "index": 2,
            "input": 11.0,
            "run_time": 967615.0,
            "start_time": 1680006759606657117,
            "stop_time": 1680006759607624732,
            "ram_samples": [],
            "cpu_samples": [
                0.0,
                0.0,
                0.0,
                0.0,
                0.0,
                0.0,
                0.0,
                0.0,
                0.0,
                0.0,
                0.0,
                0.0,
                0.0,
                0.0,
                0.0,
                0.0
            ],
            "average_cpu_busy": 0.0,
            "user_cpu_time": 2.023216,
            "sys_cpu_time": 0.0,
            "total_cpu_time": 2.023216,
            "max_rss": 21508,
            "exit_code": 0,
            "failed": false
        },
        {
            "index": 3,
            "input": 11.0,
            "run_time": 1007870.0,
            "start_time": 1680006759793686665,
            "stop_time": 1680006759794694535,
            "ram_samples": [],
            "cpu_samples": [
                0.0,
                0.0,
                0.0,
                0.0,
                0.0,
                0.0,
                0.0,
                0.0,
                0.0,
                0.0,
                0.0,
                0.0,
                0.0,
                0.0,
                0.0,
                0.0
            ],
            "average_cpu_busy": 0.0,
            "user_cpu_time": 2.010532,
            "sys_cpu_time": 0.00801,
            "total_cpu_time": 2.018542,
            "max_rss": 21508,
            "exit_code": 0,
            "failed": false
        },
        {
            "index": 4,
            "input": 11.0,
            "run_time": 915978.0,
            "start_time": 1680006759976671035,
            "stop_time": 1680006759977587013,
            "ram_samples": [],
            "cpu_samples": [
                0.0,
                0.0,
                0.0,
                0.0,
                0.0,
                0.0,
                0.0,
                0.0,
                0.0,
                0.0,
                0.0,
                0.0,
                0.0,
                0.0,
                0.0,
                0.0
            ],
            "average_cpu_busy": 0.0,
            "user_cpu_time": 1.988353,
            "sys_cpu_time": 0.007796999999999999,
            "total_cpu_time": 1.99615,
            "max_rss": 21508,
            "exit_code": 0,
            "failed": false
        },
        {
            "index": 5,
            "input": 11.0,
            "run_time": 917591.0,
            "start_time": 1680006760159433128,
            "stop_time": 1680006760160350719,
            "ram_samples": [],
            "cpu_samples": [
                0.0,
                0.0,
                0.0,
                0.0,
                0.0,
                0.0,
                0.0,
                0.0,
                0.0,
                0.0,
                0.0,
                0.0,
                0.0,
                0.0,
                0.0,
                0.0
            ],
            "average_cpu_busy": 0.0,
            "user_cpu_time": 2.020451,
            "sys_cpu_time": 0.0,
            "total_cpu_time": 2.020451,
            "max_rss": 21508,
            "exit_code": 0,
            "failed": false
        }
    ]
}