{
    "bench": "fannkuchredux-3.ada",
    "language": "ada",
    "input": 9.0,
    "average_runtime": 955104.6666666666,
    "average_cpu_busy": 0.0,
    "average_ram_load": 0,
    "run_results": [
        {
            "index": 0,
            "input": 9.0,
            "run_time": 957836.0,
            "start_time": 1679756198464589397,
            "stop_time": 1679756198465547233,
            "ram_samples": [],
            "cpu_samples": [
                0.0,
                0.0,
                0.0,
                0.0,
                0.0,
                0.0,
                0.0,
                0.0,
                0.0,
                0.0,
                0.0,
                0.0,
                0.0,
                0.0,
                0.0,
                0.0
            ],
            "average_cpu_busy": 0.0,
            "user_cpu_time": 0.0,
            "sys_cpu_time": 0.016243,
            "total_cpu_time": 0.016243,
            "max_rss": 18816,
            "exit_code": 0,
            "failed": false
        },
        {
            "index": 1,
            "input": 9.0,
            "run_time": 989305.0,
            "start_time": 1679756198482372040,
            "stop_time": 1679756198483361345,
            "ram_samples": [],
            "cpu_samples": [
                0.0,
                0.0,
                0.0,
                0.0,
                0.0,
                0.0,
                0.0,
                0.0,
                0.0,
                0.0,
                0.0,
                0.0,
                0.0,
                0.0,
                0.0,
                0.0
            ],
            "average_cpu_busy": 0.0,
            "user_cpu_time": 0.016770999999999998,
            "sys_cpu_time": 0.0,
            "total_cpu_time": 0.016770999999999998,
            "max_rss": 18820,
            "exit_code": 0,
            "failed": false
        },
        {
            "index": 2,
            "input": 9.0,
            "run_time": 933531.0,
            "start_time": 1679756198499399616,
            "stop_time": 1679756198500333147,
            "ram_samples": [],
            "cpu_samples": [
                0.0,
                0.0,
                0.0,
                0.0,
                0.0,
                0.0,
                0.0,
                0.0,
                0.0,
                0.0,
                0.0,
                0.0,
                0.0,
                0.0,
                0.0,
                0.0
            ],
            "average_cpu_busy": 0.0,
            "user_cpu_time": 0.016443,
            "sys_cpu_time": 0.0,
            "total_cpu_time": 0.016443,
            "max_rss": 18820,
            "exit_code": 0,
            "failed": false
        },
        {
            "index": 3,
            "input": 9.0,
            "run_time": 966733.0,
            "start_time": 1679756198516868560,
            "stop_time": 1679756198517835293,
            "ram_samples": [],
            "cpu_samples": [
                0.0,
                0.0,
                0.0,
                0.0,
                0.0,
                0.0,
                0.0,
                0.0,
                0.0,
                0.0,
                0.0,
                0.0,
                0.0,
                0.0,
                0.0,
                0.0
            ],
            "average_cpu_busy": 0.0,
            "user_cpu_time": 0.0,
            "sys_cpu_time": 0.016035999999999998,
            "total_cpu_time": 0.016035999999999998,
            "max_rss": 18820,
            "exit_code": 0,
            "failed": false
        },
        {
            "index": 4,
            "input": 9.0,
            "run_time": 946075.0,
            "start_time": 1679756198534103345,
            "stop_time": 1679756198535049420,
            "ram_samples": [],
            "cpu_samples": [
                0.0,
                0.0,
                0.0,
                0.0,
                0.0,
                0.0,
                0.0,
                0.0,
                0.0,
                0.0,
                0.0,
                0.0,
                0.0,
                0.0,
                0.0,
                0.0
            ],
            "average_cpu_busy": 0.0,
            "user_cpu_time": 0.016122,
            "sys_cpu_time": 0.0,
            "total_cpu_time": 0.016122,
            "max_rss": 18824,
            "exit_code": 0,
            "failed": false
        },
        {
            "index": 5,
            "input": 9.0,
            "run_time": 937148.0,
            "start_time": 1679756198552071586,
            "stop_time": 1679756198553008734,
            "ram_samples": [],
            "cpu_samples": [
                0.0,
                0.0,
                0.0,
                0.0,
                0.0,
                0.0,
                0.0,
                0.0,
                0.0,
                0.0,
                0.0,
                0.0,
                0.0,
                0.0,
                0.0,
                0.0
            ],
            "average_cpu_busy": 0.0,
            "user_cpu_time": 0.014775,
            "sys_cpu_time": 0.001846,
            "total_cpu_time": 0.016621,
            "max_rss": 18824,
            "exit_code": 0,
            "failed": false
        }
    ]
}