{
    "bench": "fannkuchredux-5.rust",
    "language": "rust",
    "input": 9.0,
    "average_runtime": 968314.6666666666,
    "average_cpu_busy": 3.2593799999999996e-07,
    "average_ram_load": 0,
    "run_results": [
        {
            "index": 0,
            "input": 9.0,
            "run_time": 1026626.0,
            "start_time": 1679756236123777222,
            "stop_time": 1679756236124803848,
            "ram_samples": [],
            "cpu_samples": [
                0.0,
                0.0,
                0.0,
                0.0,
                0.0,
                0.0,
                0.0,
                0.0,
                0.0,
                0.0,
                0.0,
                0.0,
                0.0,
                0.0,
                0.0,
                0.0
            ],
            "average_cpu_busy": 0.0,
            "user_cpu_time": 0.0185,
            "sys_cpu_time": 0.0,
            "total_cpu_time": 0.0185,
            "max_rss": 18876,
            "exit_code": 0,
            "failed": false
        },
        {
            "index": 1,
            "input": 9.0,
            "run_time": 902844.0,
            "start_time": 1679756236131295503,
            "stop_time": 1679756236132198347,
            "ram_samples": [],
            "cpu_samples": [
                0.0,
                0.0,
                0.0,
                0.0,
                0.0,
                0.0,
                0.0,
                0.0,
                0.0,
                0.0,
                0.0,
                0.0,
                0.0,
                0.0,
                0.0,
                0.0
            ],
            "average_cpu_busy": 0.0,
            "user_cpu_time": 0.0,
            "sys_cpu_time": 0.017329999999999998,
            "total_cpu_time": 0.017329999999999998,
            "max_rss": 18880,
            "exit_code": 0,
            "failed": false
        },
        {
            "index": 2,
            "input": 9.0,
            "run_time": 1008472.0,
            "start_time": 1679756236137464273,
            "stop_time": 1679756236138472745,
            "ram_samples": [],
            "cpu_samples": [
                0.0,
                0.0,
                0.0,
                0.0,
                0.0,
                0.0,
                0.0,
                0.0,
                0.0,
                0.0,
                0.0,
                0.0,
                0.0,
                0.0,
                0.0,
                0.0
            ],
            "average_cpu_busy": 0.0,
            "user_cpu_time": 0.0,
            "sys_cpu_time": 0.017237,
            "total_cpu_time": 0.017237,
            "max_rss": 18884,
            "exit_code": 0,
            "failed": false
        },
        {
            "index": 3,
            "input": 9.0,
            "run_time": 898705.0,
            "start_time": 1679756236143977720,
            "stop_time": 1679756236144876425,
            "ram_samples": [],
            "cpu_samples": [
                0.0,
                0.0,
                0.0,
                0.0,
                0.0,
                0.0,
                0.0,
                0.0,
                0.0,
                0.0,
                0.0,
                0.0,
                0.0,
                0.0,
                0.0,
                0.0
            ],
            "average_cpu_busy": 0.0,
            "user_cpu_time": 0.01795,
            "sys_cpu_time": 0.0,
            "total_cpu_time": 0.01795,
            "max_rss": 18884,
            "exit_code": 0,
            "failed": false
        },
        {
            "index": 4,
            "input": 9.0,
            "run_time": 995427.0,
            "start_time": 1679756236151128782,
            "stop_time": 1679756236152124209,
            "ram_samples": [],
            "cpu_samples": [
                0.0,
                0.0,
                0.0,
                0.0,
                0.0,
                0.0,
                0.0,
                0.0,
                0.0,
                0.0,
                0.0,
                0.0,
                0.0,
                0.0,
                0.0,
                0.0
            ],
            "average_cpu_busy": 0.0,
            "user_cpu_time": 0.0,
            "sys_cpu_time": 0.018053,
            "total_cpu_time": 0.018053,
            "max_rss": 18884,
            "exit_code": 0,
            "failed": false
        },
        {
            "index": 5,
            "input": 9.0,
            "run_time": 977814.0,
            "start_time": 1679756236158085870,
            "stop_time": 1679756236159063684,
            "ram_samples": [],
            "cpu_samples": [
                0.0,
                100.0,
                0.0,
                0.0,
                100.0,
                0.0,
                0.0,
                0.0,
                0.0,
                0.0,
                0.0,
                0.0,
                0.0,
                0.0,
                0.0,
                0.0
            ],
            "average_cpu_busy": 1.955628e-06,
            "user_cpu_time": 0.017529,
            "sys_cpu_time": 0.0,
            "total_cpu_time": 0.017529,
            "max_rss": 18884,
            "exit_code": 0,
            "failed": false
        }
    ]
}