{
    "bench": "fannkuchredux-1.java",
    "language": "java",
    "input": 9.0,
    "average_runtime": 1205320.6666666667,
    "average_cpu_busy": 6.667758333333334e-07,
    "average_ram_load": 0,
    "run_results": [
        {
            "index": 0,
            "input": 9.0,
            "run_time": 1404525.0,
            "start_time": 1679835077725821680,
            "stop_time": 1679835077727226205,
            "ram_samples": [],
            "cpu_samples": [
                100.0,
                0.0,
                0.0,
                0.0,
                0.0,
                0.0,
                0.0,
                0.0,
                0.0,
                0.0,
                0.0,
                0.0,
                0.0,
                0.0,
                100.0,
                0.0
            ],
            "average_cpu_busy": 2.8090500000000002e-06,
            "user_cpu_time": 41.643459,
            "sys_cpu_time": 0.099606,
            "total_cpu_time": 41.743065,
            "max_rss": 43756,
            "exit_code": 0,
            "failed": false
        },
        {
            "index": 1,
            "input": 9.0,
            "run_time": 1156318.0,
            "start_time": 1679835080650610612,
            "stop_time": 1679835080651766930,
            "ram_samples": [],
            "cpu_samples": [
                0.0,
                0.0,
                0.0,
                0.0,
                0.0,
                0.0,
                0.0,
                0.0,
                0.0,
                0.0,
                0.0,
                0.0,
                0.0,
                0.0,
                0.0,
                0.0
            ],
            "average_cpu_busy": 0.0,
            "user_cpu_time": 44.582351,
            "sys_cpu_time": 0.083936,
            "total_cpu_time": 44.666287000000004,
            "max_rss": 42896,
            "exit_code": 0,
            "failed": false
        },
        {
            "index": 2,
            "input": 9.0,
            "run_time": 1191605.0,
            "start_time": 1679835083638241888,
            "stop_time": 1679835083639433493,
            "ram_samples": [],
            "cpu_samples": [
                0.0,
                0.0,
                0.0,
                0.0,
                0.0,
                0.0,
                0.0,
                0.0,
                0.0,
                0.0,
                0.0,
                0.0,
                100.0,
                0.0,
                0.0,
                0.0
            ],
            "average_cpu_busy": 1.191605e-06,
            "user_cpu_time": 42.009223,
            "sys_cpu_time": 0.084002,
            "total_cpu_time": 42.093225,
            "max_rss": 43164,
            "exit_code": 0,
            "failed": false
        },
        {
            "index": 3,
            "input": 9.0,
            "run_time": 1121424.0,
            "start_time": 1679835086451605102,
            "stop_time": 1679835086452726526,
            "ram_samples": [],
            "cpu_samples": [
                0.0,
                0.0,
                0.0,
                0.0,
                0.0,
                0.0,
                0.0,
                0.0,
                0.0,
                0.0,
                0.0,
                0.0,
                0.0,
                0.0,
                0.0,
                0.0
            ],
            "average_cpu_busy": 0.0,
            "user_cpu_time": 45.280193,
            "sys_cpu_time": 0.059889,
            "total_cpu_time": 45.340081999999995,
            "max_rss": 43300,
            "exit_code": 0,
            "failed": false
        },
        {
            "index": 4,
            "input": 9.0,
            "run_time": 1213586.0,
            "start_time": 1679835089458361620,
            "stop_time": 1679835089459575206,
            "ram_samples": [],
            "cpu_samples": [
                0.0,
                0.0,
                0.0,
                0.0,
                0.0,
                0.0,
                0.0,
                0.0,
                0.0,
                0.0,
                0.0,
                0.0,
                0.0,
                0.0,
                0.0,
                0.0
            ],
            "average_cpu_busy": 0.0,
            "user_cpu_time": 42.646479,
            "sys_cpu_time": 0.071835,
            "total_cpu_time": 42.718314,
            "max_rss": 43000,
            "exit_code": 0,
            "failed": false
        },
        {
            "index": 5,
            "input": 9.0,
            "run_time": 1144466.0,
            "start_time": 1679835092323368105,
            "stop_time": 1679835092324512571,
            "ram_samples": [],
            "cpu_samples": [
                0.0,
                0.0,
                0.0,
                0.0,
                0.0,
                0.0,
                0.0,
                0.0,
                0.0,
                0.0,
                0.0,
                0.0,
                0.0,
                0.0,
                0.0,
                0.0
            ],
            "average_cpu_busy": 0.0,
            "user_cpu_time": 42.369843,
            "sys_cpu_time": 0.091995,
            "total_cpu_time": 42.461838,
            "max_rss": 42952,
            "exit_code": 0,
            "failed": false
        }
    ],
    "maximum_runtime": 1404525.0,
    "minimum_runtime": 1121424.0
}