{
    "bench": "fannkuchredux-3.c",
    "language": "c",
    "input": 12.0,
    "average_run_time": 1196899.8333333333,
    "maximum_run_time": 1439379.0,
    "minimum_run_time": 957315.0,
    "average_cpu_time": 32.94462083333333,
    "minimum_cpu_time": 32.884614,
    "maximum_cpu_time": 33.021628,
    "average_cpu_busy": 0,
    "average_ram_load": 0,
    "run_results": [
        {
            "index": 0,
            "input": 12.0,
            "run_time": 1315999.0,
            "start_time": 1680003752558099917,
            "stop_time": 1680003752559415916,
            "ram_samples": [],
            "cpu_samples": [
                0.0,
                0.0,
                0.0,
                0.0,
                0.0,
                0.0,
                0.0,
                0.0,
                0.0,
                0.0,
                0.0,
                0.0,
                0.0,
                0.0,
                0.0,
                0.0
            ],
            "average_cpu_busy": 0.0,
            "user_cpu_time": 32.938865,
            "sys_cpu_time": 0.003999,
            "total_cpu_time": 32.942864,
            "max_rss": 21448,
            "exit_code": 0,
            "failed": false
        },
        {
            "index": 1,
            "input": 12.0,
            "run_time": 957315.0,
            "start_time": 1680003785518733688,
            "stop_time": 1680003785519691003,
            "ram_samples": [],
            "cpu_samples": [
                0.0,
                0.0,
                0.0,
                0.0,
                0.0,
                0.0,
                0.0,
                0.0,
                0.0,
                0.0,
                0.0,
                0.0,
                0.0,
                0.0,
                0.0,
                0.0
            ],
            "average_cpu_busy": 0.0,
            "user_cpu_time": 33.021628,
            "sys_cpu_time": 0.0,
            "total_cpu_time": 33.021628,
            "max_rss": 21448,
            "exit_code": 0,
            "failed": false
        },
        {
            "index": 2,
            "input": 12.0,
            "run_time": 1033819.0,
            "start_time": 1680003818558843030,
            "stop_time": 1680003818559876849,
            "ram_samples": [],
            "cpu_samples": [
                0.0,
                0.0,
                0.0,
                0.0,
                0.0,
                0.0,
                0.0,
                0.0,
                0.0,
                0.0,
                0.0,
                0.0,
                0.0,
                0.0,
                0.0,
                0.0
            ],
            "average_cpu_busy": 0.0,
            "user_cpu_time": 32.884614,
            "sys_cpu_time": 0.0,
            "total_cpu_time": 32.884614,
            "max_rss": 21448,
            "exit_code": 0,
            "failed": false
        },
        {
            "index": 3,
            "input": 12.0,
            "run_time": 1439379.0,
            "start_time": 1680003851453477835,
            "stop_time": 1680003851454917214,
            "ram_samples": [],
            "cpu_samples": [
                0.0,
                0.0,
                0.0,
                0.0,
                0.0,
                0.0,
                0.0,
                0.0,
                0.0,
                0.0,
                0.0,
                0.0,
                0.0,
                0.0,
                0.0,
                0.0
            ],
            "average_cpu_busy": 0.0,
            "user_cpu_time": 32.900416,
            "sys_cpu_time": 0.008,
            "total_cpu_time": 32.908416,
            "max_rss": 21448,
            "exit_code": 0,
            "failed": false
        },
        {
            "index": 4,
            "input": 12.0,
            "run_time": 1318744.0,
            "start_time": 1680003884378755622,
            "stop_time": 1680003884380074366,
            "ram_samples": [],
            "cpu_samples": [
                0.0,
                0.0,
                0.0,
                0.0,
                0.0,
                0.0,
                0.0,
                0.0,
                0.0,
                0.0,
                0.0,
                0.0,
                0.0,
                0.0,
                0.0,
                0.0
            ],
            "average_cpu_busy": 0.0,
            "user_cpu_time": 32.983677,
            "sys_cpu_time": 0.0,
            "total_cpu_time": 32.983677,
            "max_rss": 21448,
            "exit_code": 0,
            "failed": false
        },
        {
            "index": 5,
            "input": 12.0,
            "run_time": 1116143.0,
            "start_time": 1680003917369891482,
            "stop_time": 1680003917371007625,
            "ram_samples": [],
            "cpu_samples": [
                0.0,
                0.0,
                0.0,
                0.0,
                0.0,
                0.0,
                0.0,
                0.0,
                0.0,
                0.0,
                0.0,
                0.0,
                0.0,
                0.0,
                0.0,
                0.0
            ],
            "average_cpu_busy": 0.0,
            "user_cpu_time": 32.918528,
            "sys_cpu_time": 0.007998,
            "total_cpu_time": 32.926526,
            "max_rss": 21448,
            "exit_code": 0,
            "failed": false
        }
    ]
}