{
    "bench": "fannkuchredux-5.rust",
    "language": "rust",
    "input": 10.0,
    "average_runtime": 1005899.6666666666,
    "average_cpu_busy": 0.0,
    "average_ram_load": 0,
    "run_results": [
        {
            "index": 0,
            "input": 10.0,
            "run_time": 1025964.0,
            "start_time": 1679835113331059996,
            "stop_time": 1679835113332085960,
            "ram_samples": [],
            "cpu_samples": [
                0.0,
                0.0,
                0.0,
                0.0,
                0.0,
                0.0,
                0.0,
                0.0,
                0.0,
                0.0,
                0.0,
                0.0,
                0.0,
                0.0,
                0.0,
                0.0
            ],
            "average_cpu_busy": 0.0,
            "user_cpu_time": 0.146704,
            "sys_cpu_time": 0.004075,
            "total_cpu_time": 0.150779,
            "max_rss": 18944,
            "exit_code": 0,
            "failed": false
        },
        {
            "index": 1,
            "input": 10.0,
            "run_time": 991920.0,
            "start_time": 1679835113351310648,
            "stop_time": 1679835113352302568,
            "ram_samples": [],
            "cpu_samples": [
                0.0,
                0.0,
                0.0,
                0.0,
                0.0,
                0.0,
                0.0,
                0.0,
                0.0,
                0.0,
                0.0,
                0.0,
                0.0,
                0.0,
                0.0,
                0.0
            ],
            "average_cpu_busy": 0.0,
            "user_cpu_time": 0.143611,
            "sys_cpu_time": 0.007364,
            "total_cpu_time": 0.150975,
            "max_rss": 18948,
            "exit_code": 0,
            "failed": false
        },
        {
            "index": 2,
            "input": 10.0,
            "run_time": 1179572.0,
            "start_time": 1679835113370685026,
            "stop_time": 1679835113371864598,
            "ram_samples": [],
            "cpu_samples": [
                0.0,
                0.0,
                0.0,
                0.0,
                0.0,
                0.0,
                0.0,
                0.0,
                0.0,
                0.0,
                0.0,
                0.0,
                0.0,
                0.0,
                0.0,
                0.0
            ],
            "average_cpu_busy": 0.0,
            "user_cpu_time": 0.15600999999999998,
            "sys_cpu_time": 0.0,
            "total_cpu_time": 0.15600999999999998,
            "max_rss": 18948,
            "exit_code": 0,
            "failed": false
        },
        {
            "index": 3,
            "input": 10.0,
            "run_time": 992642.0,
            "start_time": 1679835113390596010,
            "stop_time": 1679835113391588652,
            "ram_samples": [],
            "cpu_samples": [
                0.0,
                0.0,
                0.0,
                0.0,
                0.0,
                0.0,
                0.0,
                0.0,
                0.0,
                0.0,
                0.0,
                0.0,
                0.0,
                0.0,
                0.0,
                0.0
            ],
            "average_cpu_busy": 0.0,
            "user_cpu_time": 0.152268,
            "sys_cpu_time": 0.0,
            "total_cpu_time": 0.152268,
            "max_rss": 18948,
            "exit_code": 0,
            "failed": false
        },
        {
            "index": 4,
            "input": 10.0,
            "run_time": 928601.0,
            "start_time": 1679835113409537837,
            "stop_time": 1679835113410466438,
            "ram_samples": [],
            "cpu_samples": [
                0.0,
                0.0,
                0.0,
                0.0,
                0.0,
                0.0,
                0.0,
                0.0,
                0.0,
                0.0,
                0.0,
                0.0,
                0.0,
                0.0,
                0.0,
                0.0
            ],
            "average_cpu_busy": 0.0,
            "user_cpu_time": 0.148644,
            "sys_cpu_time": 0.004129,
            "total_cpu_time": 0.152773,
            "max_rss": 18948,
            "exit_code": 0,
            "failed": false
        },
        {
            "index": 5,
            "input": 10.0,
            "run_time": 916699.0,
            "start_time": 1679835113428462071,
            "stop_time": 1679835113429378770,
            "ram_samples": [],
            "cpu_samples": [
                0.0,
                0.0,
                0.0,
                0.0,
                0.0,
                0.0,
                0.0,
                0.0,
                0.0,
                0.0,
                0.0,
                0.0,
                0.0,
                0.0,
                0.0,
                0.0
            ],
            "average_cpu_busy": 0.0,
            "user_cpu_time": 0.15009799999999998,
            "sys_cpu_time": 0.0,
            "total_cpu_time": 0.15009799999999998,
            "max_rss": 18948,
            "exit_code": 0,
            "failed": false
        }
    ],
    "maximum_runtime": 1179572.0,
    "minimum_runtime": 916699.0
}