{
    "bench": "fannkuchredux-3.c",
    "language": "c",
    "input": 11.0,
    "average_run_time": 1041875.5,
    "maximum_run_time": 1257318.0,
    "minimum_run_time": 927549.0,
    "average_cpu_time": 2.5092768333333333,
    "minimum_cpu_time": 2.483578,
    "maximum_cpu_time": 2.545817,
    "average_cpu_busy": 0,
    "average_ram_load": 0,
    "run_results": [
        {
            "index": 0,
            "input": 11.0,
            "run_time": 994675.0,
            "start_time": 1680003737467317013,
            "stop_time": 1680003737468311688,
            "ram_samples": [],
            "cpu_samples": [
                0.0,
                0.0,
                0.0,
                0.0,
                0.0,
                0.0,
                0.0,
                0.0,
                0.0,
                0.0,
                0.0,
                0.0,
                0.0,
                0.0,
                0.0,
                0.0
            ],
            "average_cpu_busy": 0.0,
            "user_cpu_time": 2.545817,
            "sys_cpu_time": 0.0,
            "total_cpu_time": 2.545817,
            "max_rss": 21428,
            "exit_code": 0,
            "failed": false
        },
        {
            "index": 1,
            "input": 11.0,
            "run_time": 1053887.0,
            "start_time": 1680003740017658441,
            "stop_time": 1680003740018712328,
            "ram_samples": [],
            "cpu_samples": [
                0.0,
                0.0,
                0.0,
                0.0,
                0.0,
                0.0,
                0.0,
                0.0,
                0.0,
                0.0,
                0.0,
                0.0,
                0.0,
                0.0,
                0.0,
                0.0
            ],
            "average_cpu_busy": 0.0,
            "user_cpu_time": 2.486996,
            "sys_cpu_time": 0.0,
            "total_cpu_time": 2.486996,
            "max_rss": 21428,
            "exit_code": 0,
            "failed": false
        },
        {
            "index": 2,
            "input": 11.0,
            "run_time": 965561.0,
            "start_time": 1680003742509541536,
            "stop_time": 1680003742510507097,
            "ram_samples": [],
            "cpu_samples": [
                0.0,
                0.0,
                0.0,
                0.0,
                0.0,
                0.0,
                0.0,
                0.0,
                0.0,
                0.0,
                0.0,
                0.0,
                0.0,
                0.0,
                0.0,
                0.0
            ],
            "average_cpu_busy": 0.0,
            "user_cpu_time": 2.524573,
            "sys_cpu_time": 0.004,
            "total_cpu_time": 2.528573,
            "max_rss": 21428,
            "exit_code": 0,
            "failed": false
        },
        {
            "index": 3,
            "input": 11.0,
            "run_time": 1052263.0,
            "start_time": 1680003745047228951,
            "stop_time": 1680003745048281214,
            "ram_samples": [],
            "cpu_samples": [
                0.0,
                0.0,
                0.0,
                0.0,
                0.0,
                0.0,
                0.0,
                0.0,
                0.0,
                0.0,
                0.0,
                0.0,
                0.0,
                0.0,
                0.0,
                0.0
            ],
            "average_cpu_busy": 0.0,
            "user_cpu_time": 2.502104,
            "sys_cpu_time": 0.0,
            "total_cpu_time": 2.502104,
            "max_rss": 21428,
            "exit_code": 0,
            "failed": false
        },
        {
            "index": 4,
            "input": 11.0,
            "run_time": 927549.0,
            "start_time": 1680003747554295474,
            "stop_time": 1680003747555223023,
            "ram_samples": [],
            "cpu_samples": [
                0.0,
                100.0,
                0.0,
                0.0,
                0.0,
                0.0,
                0.0,
                0.0,
                100.0,
                0.0,
                0.0,
                0.0,
                100.0,
                0.0,
                0.0,
                0.0
            ],
            "average_cpu_busy": 2.782647e-06,
            "user_cpu_time": 2.508593,
            "sys_cpu_time": 0.0,
            "total_cpu_time": 2.508593,
            "max_rss": 21428,
            "exit_code": 0,
            "failed": false
        },
        {
            "index": 5,
            "input": 11.0,
            "run_time": 1257318.0,
            "start_time": 1680003750067999566,
            "stop_time": 1680003750069256884,
            "ram_samples": [],
            "cpu_samples": [
                0.0,
                0.0,
                0.0,
                0.0,
                0.0,
                0.0,
                0.0,
                0.0,
                0.0,
                0.0,
                0.0,
                0.0,
                0.0,
                0.0,
                0.0,
                0.0
            ],
            "average_cpu_busy": 0.0,
            "user_cpu_time": 2.483578,
            "sys_cpu_time": 0.0,
            "total_cpu_time": 2.483578,
            "max_rss": 21432,
            "exit_code": 0,
            "failed": false
        }
    ]
}