{
    "bench": "fannkuchredux-3.ada",
    "language": "ada",
    "input": 9.0,
    "average_run_time": 937184.3333333334,
    "maximum_run_time": 1073514.0,
    "minimum_run_time": 885962.0,
    "average_cpu_time": 0.016553666666666664,
    "minimum_cpu_time": 0.016049,
    "maximum_cpu_time": 0.018113999999999998,
    "average_cpu_busy": 0,
    "average_ram_load": 0,
    "run_results": [
        {
            "index": 0,
            "input": 9.0,
            "run_time": 902913.0,
            "start_time": 1680003244022564303,
            "stop_time": 1680003244023467216,
            "ram_samples": [],
            "cpu_samples": [
                0.0,
                0.0,
                0.0,
                0.0,
                0.0,
                0.0,
                0.0,
                0.0,
                0.0,
                0.0,
                0.0,
                0.0,
                0.0,
                0.0,
                0.0,
                0.0
            ],
            "average_cpu_busy": 0.0,
            "user_cpu_time": 0.018113999999999998,
            "sys_cpu_time": 0.0,
            "total_cpu_time": 0.018113999999999998,
            "max_rss": 21128,
            "exit_code": 0,
            "failed": false
        },
        {
            "index": 1,
            "input": 9.0,
            "run_time": 1073514.0,
            "start_time": 1680003244040095273,
            "stop_time": 1680003244041168787,
            "ram_samples": [],
            "cpu_samples": [
                0.0,
                0.0,
                0.0,
                0.0,
                0.0,
                0.0,
                0.0,
                0.0,
                0.0,
                0.0,
                0.0,
                0.0,
                0.0,
                0.0,
                0.0,
                0.0
            ],
            "average_cpu_busy": 0.0,
            "user_cpu_time": 0.016326999999999998,
            "sys_cpu_time": 0.0,
            "total_cpu_time": 0.016326999999999998,
            "max_rss": 21128,
            "exit_code": 0,
            "failed": false
        },
        {
            "index": 2,
            "input": 9.0,
            "run_time": 904095.0,
            "start_time": 1680003244057152546,
            "stop_time": 1680003244058056641,
            "ram_samples": [],
            "cpu_samples": [
                0.0,
                0.0,
                0.0,
                0.0,
                0.0,
                0.0,
                0.0,
                0.0,
                0.0,
                0.0,
                0.0,
                0.0,
                0.0,
                0.0,
                0.0,
                0.0
            ],
            "average_cpu_busy": 0.0,
            "user_cpu_time": 0.016049,
            "sys_cpu_time": 0.0,
            "total_cpu_time": 0.016049,
            "max_rss": 21128,
            "exit_code": 0,
            "failed": false
        },
        {
            "index": 3,
            "input": 9.0,
            "run_time": 953879.0,
            "start_time": 1680003244074192916,
            "stop_time": 1680003244075146795,
            "ram_samples": [],
            "cpu_samples": [
                0.0,
                0.0,
                0.0,
                0.0,
                0.0,
                0.0,
                0.0,
                0.0,
                0.0,
                0.0,
                0.0,
                0.0,
                0.0,
                0.0,
                0.0,
                0.0
            ],
            "average_cpu_busy": 0.0,
            "user_cpu_time": 0.016602,
            "sys_cpu_time": 0.0,
            "total_cpu_time": 0.016602,
            "max_rss": 21128,
            "exit_code": 0,
            "failed": false
        },
        {
            "index": 4,
            "input": 9.0,
            "run_time": 902743.0,
            "start_time": 1680003244091163115,
            "stop_time": 1680003244092065858,
            "ram_samples": [],
            "cpu_samples": [
                0.0,
                0.0,
                0.0,
                0.0,
                0.0,
                0.0,
                0.0,
                0.0,
                0.0,
                0.0,
                0.0,
                0.0,
                0.0,
                0.0,
                0.0,
                0.0
            ],
            "average_cpu_busy": 0.0,
            "user_cpu_time": 0.0,
            "sys_cpu_time": 0.016083999999999998,
            "total_cpu_time": 0.016083999999999998,
            "max_rss": 21128,
            "exit_code": 0,
            "failed": false
        },
        {
            "index": 5,
            "input": 9.0,
            "run_time": 885962.0,
            "start_time": 1680003244107831918,
            "stop_time": 1680003244108717880,
            "ram_samples": [],
            "cpu_samples": [
                0.0,
                0.0,
                0.0,
                0.0,
                0.0,
                0.0,
                0.0,
                0.0,
                0.0,
                0.0,
                0.0,
                0.0,
                0.0,
                0.0,
                0.0,
                0.0
            ],
            "average_cpu_busy": 0.0,
            "user_cpu_time": 0.016146,
            "sys_cpu_time": 0.0,
            "total_cpu_time": 0.016146,
            "max_rss": 21128,
            "exit_code": 0,
            "failed": false
        }
    ]
}