{
    "bench": "fannkuchredux-2.c",
    "language": "c",
    "input": 11.0,
    "average_run_time": 1040733.5,
    "maximum_run_time": 1225839.0,
    "minimum_run_time": 906820.0,
    "average_cpu_time": 2.4651488333333336,
    "minimum_cpu_time": 2.452014,
    "maximum_cpu_time": 2.474199,
    "average_cpu_busy": 0,
    "average_ram_load": 0,
    "run_results": [
        {
            "index": 0,
            "input": 11.0,
            "run_time": 906820.0,
            "start_time": 1680008800941380507,
            "stop_time": 1680008800942287327,
            "ram_samples": [],
            "cpu_samples": [
                0.0,
                0.0,
                0.0,
                0.0,
                0.0,
                0.0,
                0.0,
                0.0,
                0.0,
                0.0,
                0.0,
                0.0,
                0.0,
                0.0,
                0.0,
                0.0
            ],
            "average_cpu_busy": 0.0,
            "user_cpu_time": 2.463329,
            "sys_cpu_time": 0.0,
            "total_cpu_time": 2.463329,
            "max_rss": 21768,
            "exit_code": 0,
            "failed": false
        },
        {
            "index": 1,
            "input": 11.0,
            "run_time": 1097388.0,
            "start_time": 1680008801576442842,
            "stop_time": 1680008801577540230,
            "ram_samples": [],
            "cpu_samples": [
                0.0,
                0.0,
                0.0,
                0.0,
                0.0,
                0.0,
                0.0,
                0.0,
                0.0,
                0.0,
                0.0,
                0.0,
                0.0,
                0.0,
                0.0,
                0.0
            ],
            "average_cpu_busy": 0.0,
            "user_cpu_time": 2.474199,
            "sys_cpu_time": 0.0,
            "total_cpu_time": 2.474199,
            "max_rss": 21772,
            "exit_code": 0,
            "failed": false
        },
        {
            "index": 2,
            "input": 11.0,
            "run_time": 1225839.0,
            "start_time": 1680008802216175045,
            "stop_time": 1680008802217400884,
            "ram_samples": [],
            "cpu_samples": [
                0.0,
                0.0,
                0.0,
                0.0,
                0.0,
                0.0,
                0.0,
                0.0,
                0.0,
                0.0,
                0.0,
                0.0,
                0.0,
                0.0,
                0.0,
                0.0
            ],
            "average_cpu_busy": 0.0,
            "user_cpu_time": 2.465629,
            "sys_cpu_time": 0.0,
            "total_cpu_time": 2.465629,
            "max_rss": 21772,
            "exit_code": 0,
            "failed": false
        },
        {
            "index": 3,
            "input": 11.0,
            "run_time": 1183540.0,
            "start_time": 1680008802852608081,
            "stop_time": 1680008802853791621,
            "ram_samples": [],
            "cpu_samples": [
                0.0,
                0.0,
                0.0,
                0.0,
                0.0,
                0.0,
                0.0,
                0.0,
                0.0,
                0.0,
                0.0,
                0.0,
                0.0,
                0.0,
                0.0,
                0.0
            ],
            "average_cpu_busy": 0.0,
            "user_cpu_time": 2.464226,
            "sys_cpu_time": 0.0,
            "total_cpu_time": 2.464226,
            "max_rss": 21776,
            "exit_code": 0,
            "failed": false
        },
        {
            "index": 4,
            "input": 11.0,
            "run_time": 907893.0,
            "start_time": 1680008803487145351,
            "stop_time": 1680008803488053244,
            "ram_samples": [],
            "cpu_samples": [
                0.0,
                0.0,
                0.0,
                0.0,
                0.0,
                0.0,
                0.0,
                0.0,
                0.0,
                0.0,
                0.0,
                0.0,
                0.0,
                0.0,
                0.0,
                0.0
            ],
            "average_cpu_busy": 0.0,
            "user_cpu_time": 2.452014,
            "sys_cpu_time": 0.0,
            "total_cpu_time": 2.452014,
            "max_rss": 21776,
            "exit_code": 0,
            "failed": false
        },
        {
            "index": 5,
            "input": 11.0,
            "run_time": 922921.0,
            "start_time": 1680008804120005155,
            "stop_time": 1680008804120928076,
            "ram_samples": [],
            "cpu_samples": [
                0.0,
                0.0,
                0.0,
                0.0,
                0.0,
                0.0,
                0.0,
                0.0,
                0.0,
                0.0,
                0.0,
                0.0,
                0.0,
                0.0,
                0.0,
                0.0
            ],
            "average_cpu_busy": 0.0,
            "user_cpu_time": 2.471496,
            "sys_cpu_time": 0.0,
            "total_cpu_time": 2.471496,
            "max_rss": 21784,
            "exit_code": 0,
            "failed": false
        }
    ]
}