{
    "bench": "fannkuchredux-3.ada",
    "language": "ada",
    "input": 9.0,
    "average_run_time": 902651.1666666666,
    "maximum_run_time": 928852.0,
    "minimum_run_time": 843392.0,
    "average_cpu_time": 0.017011833333333334,
    "minimum_cpu_time": 0.015517999999999999,
    "maximum_cpu_time": 0.018591,
    "average_cpu_busy": 0,
    "average_ram_load": 0,
    "run_results": [
        {
            "index": 0,
            "input": 9.0,
            "run_time": 919885.0,
            "start_time": 1679838020539276974,
            "stop_time": 1679838020540196859,
            "ram_samples": [],
            "cpu_samples": [
                0.0,
                0.0,
                0.0,
                0.0,
                0.0,
                0.0,
                0.0,
                0.0,
                0.0,
                0.0,
                0.0,
                0.0,
                0.0,
                0.0,
                0.0,
                0.0
            ],
            "average_cpu_busy": 0.0,
            "user_cpu_time": 0.018591,
            "sys_cpu_time": 0.0,
            "total_cpu_time": 0.018591,
            "max_rss": 19040,
            "exit_code": 0,
            "failed": false
        },
        {
            "index": 1,
            "input": 9.0,
            "run_time": 928852.0,
            "start_time": 1679838020557502908,
            "stop_time": 1679838020558431760,
            "ram_samples": [],
            "cpu_samples": [
                0.0,
                0.0,
                0.0,
                0.0,
                0.0,
                0.0,
                0.0,
                0.0,
                0.0,
                0.0,
                0.0,
                0.0,
                0.0,
                0.0,
                0.0,
                0.0
            ],
            "average_cpu_busy": 0.0,
            "user_cpu_time": 0.0,
            "sys_cpu_time": 0.017353999999999998,
            "total_cpu_time": 0.017353999999999998,
            "max_rss": 19040,
            "exit_code": 0,
            "failed": false
        },
        {
            "index": 2,
            "input": 9.0,
            "run_time": 915557.0,
            "start_time": 1679838020575015224,
            "stop_time": 1679838020575930781,
            "ram_samples": [],
            "cpu_samples": [
                0.0,
                0.0,
                0.0,
                0.0,
                0.0,
                0.0,
                0.0,
                0.0,
                0.0,
                0.0,
                0.0,
                0.0,
                0.0,
                0.0,
                0.0,
                0.0
            ],
            "average_cpu_busy": 0.0,
            "user_cpu_time": 0.017242,
            "sys_cpu_time": 0.0,
            "total_cpu_time": 0.017242,
            "max_rss": 19040,
            "exit_code": 0,
            "failed": false
        },
        {
            "index": 3,
            "input": 9.0,
            "run_time": 909065.0,
            "start_time": 1679838020592529653,
            "stop_time": 1679838020593438718,
            "ram_samples": [],
            "cpu_samples": [
                0.0,
                0.0,
                0.0,
                0.0,
                0.0,
                0.0,
                0.0,
                0.0,
                0.0,
                0.0,
                0.0,
                0.0,
                0.0,
                0.0,
                0.0,
                0.0
            ],
            "average_cpu_busy": 0.0,
            "user_cpu_time": 0.0,
            "sys_cpu_time": 0.016734,
            "total_cpu_time": 0.016734,
            "max_rss": 19040,
            "exit_code": 0,
            "failed": false
        },
        {
            "index": 4,
            "input": 9.0,
            "run_time": 899156.0,
            "start_time": 1679838020609846202,
            "stop_time": 1679838020610745358,
            "ram_samples": [],
            "cpu_samples": [
                0.0,
                0.0,
                0.0,
                0.0,
                0.0,
                0.0,
                0.0,
                0.0,
                0.0,
                0.0,
                0.0,
                0.0,
                0.0,
                0.0,
                0.0,
                0.0
            ],
            "average_cpu_busy": 0.0,
            "user_cpu_time": 0.0,
            "sys_cpu_time": 0.015517999999999999,
            "total_cpu_time": 0.015517999999999999,
            "max_rss": 19044,
            "exit_code": 0,
            "failed": false
        },
        {
            "index": 5,
            "input": 9.0,
            "run_time": 843392.0,
            "start_time": 1679838020627335915,
            "stop_time": 1679838020628179307,
            "ram_samples": [],
            "cpu_samples": [
                0.0,
                0.0,
                0.0,
                0.0,
                0.0,
                0.0,
                0.0,
                0.0,
                0.0,
                0.0,
                0.0,
                0.0,
                0.0,
                0.0,
                0.0,
                0.0
            ],
            "average_cpu_busy": 0.0,
            "user_cpu_time": 0.016632,
            "sys_cpu_time": 0.0,
            "total_cpu_time": 0.016632,
            "max_rss": 19044,
            "exit_code": 0,
            "failed": false
        }
    ]
}