{
    "bench": "fannkuchredux-1.java",
    "language": "java",
    "input": 9.0,
    "average_run_time": 1330916.3333333333,
    "maximum_run_time": 1485887.0,
    "minimum_run_time": 1149356.0,
    "average_cpu_time": 44.60260366666666,
    "minimum_cpu_time": 43.362963,
    "maximum_cpu_time": 46.864155,
    "average_cpu_busy": 0,
    "average_ram_load": 0,
    "run_results": [
        {
            "index": 0,
            "input": 9.0,
            "run_time": 1444810.0,
            "start_time": 1680003453111859377,
            "stop_time": 1680003453113304187,
            "ram_samples": [],
            "cpu_samples": [
                0.0,
                0.0,
                0.0,
                0.0,
                0.0,
                0.0,
                0.0,
                0.0,
                0.0,
                0.0,
                0.0,
                0.0,
                0.0,
                0.0,
                0.0,
                0.0
            ],
            "average_cpu_busy": 0.0,
            "user_cpu_time": 43.283061000000004,
            "sys_cpu_time": 0.079902,
            "total_cpu_time": 43.362963,
            "max_rss": 43448,
            "exit_code": 0,
            "failed": false
        },
        {
            "index": 1,
            "input": 9.0,
            "run_time": 1485887.0,
            "start_time": 1680003456042034761,
            "stop_time": 1680003456043520648,
            "ram_samples": [],
            "cpu_samples": [
                0.0,
                0.0,
                0.0,
                0.0,
                0.0,
                0.0,
                0.0,
                0.0,
                0.0,
                0.0,
                0.0,
                0.0,
                0.0,
                0.0,
                0.0,
                0.0
            ],
            "average_cpu_busy": 0.0,
            "user_cpu_time": 46.804119,
            "sys_cpu_time": 0.060036,
            "total_cpu_time": 46.864155,
            "max_rss": 43684,
            "exit_code": 0,
            "failed": false
        },
        {
            "index": 2,
            "input": 9.0,
            "run_time": 1462834.0,
            "start_time": 1680003459184771018,
            "stop_time": 1680003459186233852,
            "ram_samples": [],
            "cpu_samples": [
                0.0,
                0.0,
                0.0,
                0.0,
                0.0,
                0.0,
                0.0,
                0.0,
                0.0,
                0.0,
                0.0,
                0.0,
                0.0,
                0.0,
                0.0,
                0.0
            ],
            "average_cpu_busy": 0.0,
            "user_cpu_time": 43.576166,
            "sys_cpu_time": 0.083838,
            "total_cpu_time": 43.660004,
            "max_rss": 43308,
            "exit_code": 0,
            "failed": false
        },
        {
            "index": 3,
            "input": 9.0,
            "run_time": 1202575.0,
            "start_time": 1680003462107713046,
            "stop_time": 1680003462108915621,
            "ram_samples": [],
            "cpu_samples": [
                0.0,
                0.0,
                0.0,
                0.0,
                0.0,
                0.0,
                0.0,
                0.0,
                0.0,
                0.0,
                0.0,
                0.0,
                0.0,
                0.0,
                0.0,
                0.0
            ],
            "average_cpu_busy": 0.0,
            "user_cpu_time": 43.450263,
            "sys_cpu_time": 0.048050999999999996,
            "total_cpu_time": 43.498314,
            "max_rss": 43332,
            "exit_code": 0,
            "failed": false
        },
        {
            "index": 4,
            "input": 9.0,
            "run_time": 1240036.0,
            "start_time": 1680003465007614258,
            "stop_time": 1680003465008854294,
            "ram_samples": [],
            "cpu_samples": [
                0.0,
                0.0,
                0.0,
                0.0,
                0.0,
                0.0,
                0.0,
                0.0,
                0.0,
                0.0,
                0.0,
                0.0,
                0.0,
                0.0,
                0.0,
                0.0
            ],
            "average_cpu_busy": 0.0,
            "user_cpu_time": 43.447741,
            "sys_cpu_time": 0.067937,
            "total_cpu_time": 43.515678,
            "max_rss": 43808,
            "exit_code": 0,
            "failed": false
        },
        {
            "index": 5,
            "input": 9.0,
            "run_time": 1149356.0,
            "start_time": 1680003467936124158,
            "stop_time": 1680003467937273514,
            "ram_samples": [],
            "cpu_samples": [
                0.0,
                0.0,
                0.0,
                0.0,
                0.0,
                0.0,
                0.0,
                0.0,
                0.0,
                0.0,
                0.0,
                0.0,
                0.0,
                0.0,
                0.0,
                0.0
            ],
            "average_cpu_busy": 0.0,
            "user_cpu_time": 46.618585,
            "sys_cpu_time": 0.095923,
            "total_cpu_time": 46.714508,
            "max_rss": 43236,
            "exit_code": 0,
            "failed": false
        }
    ]
}