{
    "bench": "fannkuchredux-3.java",
    "language": "java",
    "input": 10.0,
    "average_runtime": 1219357.1666666667,
    "average_cpu_busy": 5.996065e-07,
    "average_ram_load": 0,
    "run_results": [
        {
            "index": 0,
            "input": 10.0,
            "run_time": 1285421.0,
            "start_time": 1679756407389723115,
            "stop_time": 1679756407391008536,
            "ram_samples": [],
            "cpu_samples": [
                0.0,
                0.0,
                0.0,
                0.0,
                0.0,
                0.0,
                0.0,
                0.0,
                0.0,
                0.0,
                0.0,
                0.0,
                0.0,
                0.0,
                0.0,
                0.0
            ],
            "average_cpu_busy": 0.0,
            "user_cpu_time": 28.369221,
            "sys_cpu_time": 0.035990999999999995,
            "total_cpu_time": 28.405212,
            "max_rss": 41452,
            "exit_code": 0,
            "failed": false
        },
        {
            "index": 1,
            "input": 10.0,
            "run_time": 1219127.0,
            "start_time": 1679756435789761101,
            "stop_time": 1679756435790980228,
            "ram_samples": [],
            "cpu_samples": [
                0.0,
                0.0,
                0.0,
                0.0,
                0.0,
                0.0,
                0.0,
                100.0,
                0.0,
                0.0,
                0.0,
                0.0,
                0.0,
                0.0,
                0.0,
                100.0
            ],
            "average_cpu_busy": 2.438254e-06,
            "user_cpu_time": 28.160222,
            "sys_cpu_time": 0.036015,
            "total_cpu_time": 28.196237,
            "max_rss": 41852,
            "exit_code": 0,
            "failed": false
        },
        {
            "index": 2,
            "input": 10.0,
            "run_time": 1339152.0,
            "start_time": 1679756463939245476,
            "stop_time": 1679756463940584628,
            "ram_samples": [],
            "cpu_samples": [
                0.0,
                0.0,
                0.0,
                0.0,
                0.0,
                0.0,
                0.0,
                0.0,
                0.0,
                0.0,
                0.0,
                0.0,
                0.0,
                0.0,
                0.0,
                0.0
            ],
            "average_cpu_busy": 0.0,
            "user_cpu_time": 28.047319,
            "sys_cpu_time": 0.015997,
            "total_cpu_time": 28.063316,
            "max_rss": 41924,
            "exit_code": 0,
            "failed": false
        },
        {
            "index": 3,
            "input": 10.0,
            "run_time": 1203397.0,
            "start_time": 1679756491944102212,
            "stop_time": 1679756491945305609,
            "ram_samples": [],
            "cpu_samples": [
                0.0,
                0.0,
                0.0,
                0.0,
                0.0,
                0.0,
                0.0,
                0.0,
                0.0,
                0.0,
                0.0,
                0.0,
                0.0,
                0.0,
                0.0,
                0.0
            ],
            "average_cpu_busy": 0.0,
            "user_cpu_time": 27.973701,
            "sys_cpu_time": 0.056011,
            "total_cpu_time": 28.029712,
            "max_rss": 42104,
            "exit_code": 0,
            "failed": false
        },
        {
            "index": 4,
            "input": 10.0,
            "run_time": 1109661.0,
            "start_time": 1679756519979764465,
            "stop_time": 1679756519980874126,
            "ram_samples": [],
            "cpu_samples": [
                0.0,
                0.0,
                0.0,
                0.0,
                0.0,
                0.0,
                0.0,
                0.0,
                0.0,
                0.0,
                0.0,
                0.0,
                0.0,
                0.0,
                0.0,
                0.0
            ],
            "average_cpu_busy": 0.0,
            "user_cpu_time": 25.576633,
            "sys_cpu_time": 0.015997,
            "total_cpu_time": 25.59263,
            "max_rss": 42220,
            "exit_code": 0,
            "failed": false
        },
        {
            "index": 5,
            "input": 10.0,
            "run_time": 1159385.0,
            "start_time": 1679756545494100991,
            "stop_time": 1679756545495260376,
            "ram_samples": [],
            "cpu_samples": [
                0.0,
                0.0,
                0.0,
                0.0,
                0.0,
                0.0,
                0.0,
                0.0,
                0.0,
                100.0,
                0.0,
                0.0,
                0.0,
                0.0,
                0.0,
                0.0
            ],
            "average_cpu_busy": 1.159385e-06,
            "user_cpu_time": 28.085649,
            "sys_cpu_time": 0.020000999999999998,
            "total_cpu_time": 28.10565,
            "max_rss": 42200,
            "exit_code": 0,
            "failed": false
        }
    ]
}