{
    "bench": "fannkuchredux-1.java",
    "language": "java",
    "input": 13.0,
    "average_run_time": 1291080.1666666667,
    "maximum_run_time": 1464337.0,
    "minimum_run_time": 1191074.0,
    "average_cpu_time": 44.429134833333336,
    "minimum_cpu_time": 43.798941,
    "maximum_cpu_time": 47.025468,
    "average_cpu_busy": 0,
    "average_ram_load": 0,
    "run_results": [
        {
            "index": 0,
            "input": 13.0,
            "run_time": 1244144.0,
            "start_time": 1680003524397823160,
            "stop_time": 1680003524399067304,
            "ram_samples": [],
            "cpu_samples": [
                0.0,
                0.0,
                0.0,
                100.0,
                0.0,
                0.0,
                0.0,
                0.0,
                0.0,
                0.0,
                0.0,
                0.0,
                0.0,
                0.0,
                0.0,
                0.0
            ],
            "average_cpu_busy": 1.244144e-06,
            "user_cpu_time": 46.921412,
            "sys_cpu_time": 0.104056,
            "total_cpu_time": 47.025468,
            "max_rss": 43568,
            "exit_code": 0,
            "failed": false
        },
        {
            "index": 1,
            "input": 13.0,
            "run_time": 1339763.0,
            "start_time": 1680003527633837337,
            "stop_time": 1680003527635177100,
            "ram_samples": [],
            "cpu_samples": [
                0.0,
                0.0,
                0.0,
                0.0,
                0.0,
                0.0,
                0.0,
                0.0,
                0.0,
                0.0,
                0.0,
                0.0,
                0.0,
                0.0,
                0.0,
                0.0
            ],
            "average_cpu_busy": 0.0,
            "user_cpu_time": 43.732037,
            "sys_cpu_time": 0.100146,
            "total_cpu_time": 43.832183,
            "max_rss": 43152,
            "exit_code": 0,
            "failed": false
        },
        {
            "index": 2,
            "input": 13.0,
            "run_time": 1249474.0,
            "start_time": 1680003530625720057,
            "stop_time": 1680003530626969531,
            "ram_samples": [],
            "cpu_samples": [
                0.0,
                0.0,
                0.0,
                0.0,
                0.0,
                0.0,
                50.0,
                0.0,
                0.0,
                0.0,
                0.0,
                0.0,
                0.0,
                0.0,
                0.0,
                0.0
            ],
            "average_cpu_busy": 6.247370000000001e-07,
            "user_cpu_time": 43.748001,
            "sys_cpu_time": 0.08408399999999999,
            "total_cpu_time": 43.832085,
            "max_rss": 43396,
            "exit_code": 0,
            "failed": false
        },
        {
            "index": 3,
            "input": 13.0,
            "run_time": 1257689.0,
            "start_time": 1680003533618007717,
            "stop_time": 1680003533619265406,
            "ram_samples": [],
            "cpu_samples": [
                0.0,
                0.0,
                0.0,
                0.0,
                0.0,
                0.0,
                100.0,
                0.0,
                0.0,
                0.0,
                0.0,
                0.0,
                0.0,
                0.0,
                0.0,
                0.0
            ],
            "average_cpu_busy": 1.257689e-06,
            "user_cpu_time": 43.711104,
            "sys_cpu_time": 0.087837,
            "total_cpu_time": 43.798941,
            "max_rss": 43052,
            "exit_code": 0,
            "failed": false
        },
        {
            "index": 4,
            "input": 13.0,
            "run_time": 1191074.0,
            "start_time": 1680003536569557119,
            "stop_time": 1680003536570748193,
            "ram_samples": [],
            "cpu_samples": [
                0.0,
                0.0,
                0.0,
                0.0,
                0.0,
                0.0,
                0.0,
                0.0,
                0.0,
                0.0,
                0.0,
                0.0,
                0.0,
                0.0,
                0.0,
                0.0
            ],
            "average_cpu_busy": 0.0,
            "user_cpu_time": 43.843235,
            "sys_cpu_time": 0.083921,
            "total_cpu_time": 43.927156,
            "max_rss": 43376,
            "exit_code": 0,
            "failed": false
        },
        {
            "index": 5,
            "input": 13.0,
            "run_time": 1464337.0,
            "start_time": 1680003539543351804,
            "stop_time": 1680003539544816141,
            "ram_samples": [],
            "cpu_samples": [
                0.0,
                0.0,
                0.0,
                0.0,
                0.0,
                0.0,
                0.0,
                0.0,
                0.0,
                0.0,
                0.0,
                0.0,
                0.0,
                0.0,
                0.0,
                0.0
            ],
            "average_cpu_busy": 0.0,
            "user_cpu_time": 44.051281,
            "sys_cpu_time": 0.107695,
            "total_cpu_time": 44.158976,
            "max_rss": 43152,
            "exit_code": 0,
            "failed": false
        }
    ]
}