{
    "bench": "fannkuchredux-4.c",
    "language": "c",
    "input": 9.0,
    "average_run_time": 987906.1666666666,
    "maximum_run_time": 1136892.0,
    "minimum_run_time": 921518.0,
    "average_cpu_time": 0.00835,
    "minimum_cpu_time": 0.007819999999999999,
    "maximum_cpu_time": 0.010589999999999999,
    "average_cpu_busy": 0,
    "average_ram_load": 0,
    "run_results": [
        {
            "index": 0,
            "input": 9.0,
            "run_time": 983144.0,
            "start_time": 1680007671523673011,
            "stop_time": 1680007671524656155,
            "ram_samples": [],
            "cpu_samples": [
                0.0,
                0.0,
                0.0,
                0.0,
                0.0,
                0.0,
                0.0,
                0.0,
                0.0,
                0.0,
                0.0,
                0.0,
                0.0,
                0.0,
                0.0,
                0.0
            ],
            "average_cpu_busy": 0.0,
            "user_cpu_time": 0.010589999999999999,
            "sys_cpu_time": 0.0,
            "total_cpu_time": 0.010589999999999999,
            "max_rss": 21656,
            "exit_code": 0,
            "failed": false
        },
        {
            "index": 1,
            "input": 9.0,
            "run_time": 1136892.0,
            "start_time": 1680007671537980987,
            "stop_time": 1680007671539117879,
            "ram_samples": [],
            "cpu_samples": [
                0.0,
                0.0,
                0.0,
                0.0,
                0.0,
                0.0,
                0.0,
                0.0,
                0.0,
                0.0,
                100.0,
                0.0,
                0.0,
                100.0,
                100.0,
                0.0
            ],
            "average_cpu_busy": 3.4106760000000004e-06,
            "user_cpu_time": 0.007819999999999999,
            "sys_cpu_time": 0.0,
            "total_cpu_time": 0.007819999999999999,
            "max_rss": 21656,
            "exit_code": 0,
            "failed": false
        },
        {
            "index": 2,
            "input": 9.0,
            "run_time": 921518.0,
            "start_time": 1680007671550238597,
            "stop_time": 1680007671551160115,
            "ram_samples": [],
            "cpu_samples": [
                0.0,
                0.0,
                100.0,
                0.0,
                0.0,
                0.0,
                0.0,
                0.0,
                0.0,
                0.0,
                0.0,
                0.0,
                0.0,
                0.0,
                0.0,
                0.0
            ],
            "average_cpu_busy": 9.21518e-07,
            "user_cpu_time": 0.003934,
            "sys_cpu_time": 0.003934,
            "total_cpu_time": 0.007868,
            "max_rss": 21656,
            "exit_code": 0,
            "failed": false
        },
        {
            "index": 3,
            "input": 9.0,
            "run_time": 973606.0,
            "start_time": 1680007671561910438,
            "stop_time": 1680007671562884044,
            "ram_samples": [],
            "cpu_samples": [
                0.0,
                0.0,
                0.0,
                0.0,
                0.0,
                0.0,
                0.0,
                0.0,
                0.0,
                0.0,
                0.0,
                0.0,
                0.0,
                0.0,
                0.0,
                0.0
            ],
            "average_cpu_busy": 0.0,
            "user_cpu_time": 0.0039559999999999994,
            "sys_cpu_time": 0.0039559999999999994,
            "total_cpu_time": 0.007911999999999999,
            "max_rss": 21656,
            "exit_code": 0,
            "failed": false
        },
        {
            "index": 4,
            "input": 9.0,
            "run_time": 981241.0,
            "start_time": 1680007671573692937,
            "stop_time": 1680007671574674178,
            "ram_samples": [],
            "cpu_samples": [
                0.0,
                0.0,
                0.0,
                0.0,
                0.0,
                0.0,
                0.0,
                0.0,
                0.0,
                0.0,
                0.0,
                0.0,
                0.0,
                0.0,
                0.0,
                0.0
            ],
            "average_cpu_busy": 0.0,
            "user_cpu_time": 0.003965,
            "sys_cpu_time": 0.003965,
            "total_cpu_time": 0.00793,
            "max_rss": 21656,
            "exit_code": 0,
            "failed": false
        },
        {
            "index": 5,
            "input": 9.0,
            "run_time": 931036.0,
            "start_time": 1680007671585580503,
            "stop_time": 1680007671586511539,
            "ram_samples": [],
            "cpu_samples": [
                0.0,
                0.0,
                0.0,
                0.0,
                0.0,
                0.0,
                0.0,
                0.0,
                0.0,
                0.0,
                0.0,
                0.0,
                0.0,
                0.0,
                0.0,
                0.0
            ],
            "average_cpu_busy": 0.0,
            "user_cpu_time": 0.00798,
            "sys_cpu_time": 0.0,
            "total_cpu_time": 0.00798,
            "max_rss": 21660,
            "exit_code": 0,
            "failed": false
        }
    ]
}