{
    "bench": "fannkuchredux-3.c",
    "language": "c",
    "input": 10.0,
    "average_runtime": 953192.6666666666,
    "average_cpu_busy": 0.0,
    "average_ram_load": 0,
    "run_results": [
        {
            "index": 0,
            "input": 10.0,
            "run_time": 920687.0,
            "start_time": 1679756236498290118,
            "stop_time": 1679756236499210805,
            "ram_samples": [],
            "cpu_samples": [
                0.0,
                0.0,
                0.0,
                0.0,
                0.0,
                0.0,
                0.0,
                0.0,
                0.0,
                0.0,
                0.0,
                0.0,
                0.0,
                0.0,
                0.0,
                0.0
            ],
            "average_cpu_busy": 0.0,
            "user_cpu_time": 0.20682199999999998,
            "sys_cpu_time": 0.0,
            "total_cpu_time": 0.20682199999999998,
            "max_rss": 18924,
            "exit_code": 0,
            "failed": false
        },
        {
            "index": 1,
            "input": 10.0,
            "run_time": 966493.0,
            "start_time": 1679756236709548869,
            "stop_time": 1679756236710515362,
            "ram_samples": [],
            "cpu_samples": [
                0.0,
                0.0,
                0.0,
                0.0,
                0.0,
                0.0,
                0.0,
                0.0,
                0.0,
                0.0,
                0.0,
                0.0,
                0.0,
                0.0,
                0.0,
                0.0
            ],
            "average_cpu_busy": 0.0,
            "user_cpu_time": 0.20704699999999998,
            "sys_cpu_time": 0.0,
            "total_cpu_time": 0.20704699999999998,
            "max_rss": 18924,
            "exit_code": 0,
            "failed": false
        },
        {
            "index": 2,
            "input": 10.0,
            "run_time": 998162.0,
            "start_time": 1679756236921019958,
            "stop_time": 1679756236922018120,
            "ram_samples": [],
            "cpu_samples": [
                0.0,
                0.0,
                0.0,
                0.0,
                0.0,
                0.0,
                0.0,
                0.0,
                0.0,
                0.0,
                0.0,
                0.0,
                0.0,
                0.0,
                0.0,
                0.0
            ],
            "average_cpu_busy": 0.0,
            "user_cpu_time": 0.20599499999999998,
            "sys_cpu_time": 0.0,
            "total_cpu_time": 0.20599499999999998,
            "max_rss": 18924,
            "exit_code": 0,
            "failed": false
        },
        {
            "index": 3,
            "input": 10.0,
            "run_time": 917330.0,
            "start_time": 1679756237131444254,
            "stop_time": 1679756237132361584,
            "ram_samples": [],
            "cpu_samples": [
                0.0,
                0.0,
                0.0,
                0.0,
                0.0,
                0.0,
                0.0,
                0.0,
                0.0,
                0.0,
                0.0,
                0.0,
                0.0,
                0.0,
                0.0,
                0.0
            ],
            "average_cpu_busy": 0.0,
            "user_cpu_time": 0.205932,
            "sys_cpu_time": 0.0,
            "total_cpu_time": 0.205932,
            "max_rss": 18928,
            "exit_code": 0,
            "failed": false
        },
        {
            "index": 4,
            "input": 10.0,
            "run_time": 1053295.0,
            "start_time": 1679756237341323057,
            "stop_time": 1679756237342376352,
            "ram_samples": [],
            "cpu_samples": [
                0.0,
                0.0,
                0.0,
                0.0,
                0.0,
                0.0,
                0.0,
                0.0,
                0.0,
                0.0,
                0.0,
                0.0,
                0.0,
                0.0,
                0.0,
                0.0
            ],
            "average_cpu_busy": 0.0,
            "user_cpu_time": 0.203876,
            "sys_cpu_time": 0.003997,
            "total_cpu_time": 0.207873,
            "max_rss": 18928,
            "exit_code": 0,
            "failed": false
        },
        {
            "index": 5,
            "input": 10.0,
            "run_time": 863189.0,
            "start_time": 1679756237552725727,
            "stop_time": 1679756237553588916,
            "ram_samples": [],
            "cpu_samples": [
                0.0,
                0.0,
                0.0,
                0.0,
                0.0,
                0.0,
                0.0,
                0.0,
                0.0,
                0.0,
                0.0,
                0.0,
                0.0,
                0.0,
                0.0,
                0.0
            ],
            "average_cpu_busy": 0.0,
            "user_cpu_time": 0.20557199999999998,
            "sys_cpu_time": 0.0,
            "total_cpu_time": 0.20557199999999998,
            "max_rss": 18928,
            "exit_code": 0,
            "failed": false
        }
    ]
}