{
    "bench": "fannkuchredux-2.rust",
    "language": "rust",
    "input": 9.0,
    "average_run_time": 959314.5,
    "maximum_run_time": 1135419.0,
    "minimum_run_time": 870082.0,
    "average_cpu_time": 0.02879583333333333,
    "minimum_cpu_time": 0.02827,
    "maximum_cpu_time": 0.030921999999999998,
    "average_cpu_busy": 0,
    "average_ram_load": 0,
    "run_results": [
        {
            "index": 0,
            "input": 9.0,
            "run_time": 961414.0,
            "start_time": 1679838391501924359,
            "stop_time": 1679838391502885773,
            "ram_samples": [],
            "cpu_samples": [
                0.0,
                0.0,
                0.0,
                0.0,
                0.0,
                0.0,
                100.0,
                0.0,
                0.0,
                0.0,
                0.0,
                0.0,
                0.0,
                0.0,
                0.0,
                0.0
            ],
            "average_cpu_busy": 9.61414e-07,
            "user_cpu_time": 0.025769,
            "sys_cpu_time": 0.005153,
            "total_cpu_time": 0.030921999999999998,
            "max_rss": 19332,
            "exit_code": 0,
            "failed": false
        },
        {
            "index": 1,
            "input": 9.0,
            "run_time": 901431.0,
            "start_time": 1679838391516249397,
            "stop_time": 1679838391517150828,
            "ram_samples": [],
            "cpu_samples": [
                0.0,
                0.0,
                0.0,
                0.0,
                0.0,
                0.0,
                0.0,
                0.0,
                0.0,
                0.0,
                0.0,
                0.0,
                0.0,
                0.0,
                0.0,
                0.0
            ],
            "average_cpu_busy": 0.0,
            "user_cpu_time": 0.028346,
            "sys_cpu_time": 0.0,
            "total_cpu_time": 0.028346,
            "max_rss": 19332,
            "exit_code": 0,
            "failed": false
        },
        {
            "index": 2,
            "input": 9.0,
            "run_time": 870082.0,
            "start_time": 1679838391527480001,
            "stop_time": 1679838391528350083,
            "ram_samples": [],
            "cpu_samples": [
                0.0,
                0.0,
                0.0,
                0.0,
                0.0,
                0.0,
                0.0,
                0.0,
                0.0,
                0.0,
                0.0,
                0.0,
                0.0,
                0.0,
                0.0,
                0.0
            ],
            "average_cpu_busy": 0.0,
            "user_cpu_time": 0.028274999999999998,
            "sys_cpu_time": 0.0,
            "total_cpu_time": 0.028274999999999998,
            "max_rss": 19332,
            "exit_code": 0,
            "failed": false
        },
        {
            "index": 3,
            "input": 9.0,
            "run_time": 972765.0,
            "start_time": 1679838391538633540,
            "stop_time": 1679838391539606305,
            "ram_samples": [],
            "cpu_samples": [
                0.0,
                0.0,
                0.0,
                0.0,
                0.0,
                0.0,
                0.0,
                0.0,
                0.0,
                0.0,
                0.0,
                0.0,
                0.0,
                0.0,
                0.0,
                0.0
            ],
            "average_cpu_busy": 0.0,
            "user_cpu_time": 0.028512,
            "sys_cpu_time": 0.0,
            "total_cpu_time": 0.028512,
            "max_rss": 19332,
            "exit_code": 0,
            "failed": false
        },
        {
            "index": 4,
            "input": 9.0,
            "run_time": 914776.0,
            "start_time": 1679838391550404748,
            "stop_time": 1679838391551319524,
            "ram_samples": [],
            "cpu_samples": [
                0.0,
                0.0,
                0.0,
                0.0,
                0.0,
                0.0,
                0.0,
                0.0,
                0.0,
                0.0,
                0.0,
                0.0,
                0.0,
                0.0,
                0.0,
                0.0
            ],
            "average_cpu_busy": 0.0,
            "user_cpu_time": 0.023708999999999997,
            "sys_cpu_time": 0.0047409999999999996,
            "total_cpu_time": 0.028449999999999996,
            "max_rss": 19332,
            "exit_code": 0,
            "failed": false
        },
        {
            "index": 5,
            "input": 9.0,
            "run_time": 1135419.0,
            "start_time": 1679838391561607710,
            "stop_time": 1679838391562743129,
            "ram_samples": [],
            "cpu_samples": [
                0.0,
                0.0,
                0.0,
                0.0,
                0.0,
                0.0,
                0.0,
                0.0,
                0.0,
                0.0,
                0.0,
                0.0,
                0.0,
                0.0,
                0.0,
                0.0
            ],
            "average_cpu_busy": 0.0,
            "user_cpu_time": 0.022616,
            "sys_cpu_time": 0.005654,
            "total_cpu_time": 0.02827,
            "max_rss": 19332,
            "exit_code": 0,
            "failed": false
        }
    ]
}