{
    "bench": "fannkuchredux-2.c",
    "language": "c",
    "input": 13.0,
    "average_run_time": 1011193.3333333334,
    "maximum_run_time": 1210981.0,
    "minimum_run_time": 838954.0,
    "average_cpu_time": 0.000425,
    "minimum_cpu_time": 0.000394,
    "maximum_cpu_time": 0.000455,
    "average_cpu_busy": 0,
    "average_ram_load": 0,
    "run_results": [
        {
            "index": 0,
            "input": 13.0,
            "run_time": 1136732.0,
            "start_time": 1680008854416977911,
            "stop_time": 1680008854418114643,
            "ram_samples": [],
            "cpu_samples": [
                0.0,
                0.0,
                0.0,
                0.0,
                0.0,
                0.0,
                0.0,
                0.0,
                0.0,
                0.0,
                0.0,
                0.0,
                0.0,
                0.0,
                0.0,
                0.0
            ],
            "average_cpu_busy": 0.0,
            "user_cpu_time": 0.000455,
            "sys_cpu_time": 0.0,
            "total_cpu_time": 0.000455,
            "max_rss": 21804,
            "exit_code": 512,
            "failed": false
        },
        {
            "index": 1,
            "input": 13.0,
            "run_time": 897954.0,
            "start_time": 1680008854422031299,
            "stop_time": 1680008854422929253,
            "ram_samples": [],
            "cpu_samples": [
                0.0,
                0.0,
                0.0,
                0.0,
                0.0,
                0.0,
                0.0,
                0.0,
                0.0,
                0.0,
                0.0,
                0.0,
                0.0,
                0.0,
                0.0,
                0.0
            ],
            "average_cpu_busy": 0.0,
            "user_cpu_time": 0.0,
            "sys_cpu_time": 0.000443,
            "total_cpu_time": 0.000443,
            "max_rss": 21804,
            "exit_code": 512,
            "failed": false
        },
        {
            "index": 2,
            "input": 13.0,
            "run_time": 1122466.0,
            "start_time": 1680008854426903547,
            "stop_time": 1680008854428026013,
            "ram_samples": [],
            "cpu_samples": [
                0.0,
                0.0,
                0.0,
                0.0,
                0.0,
                0.0,
                0.0,
                0.0,
                0.0,
                0.0,
                0.0,
                0.0,
                0.0,
                0.0,
                0.0,
                0.0
            ],
            "average_cpu_busy": 0.0,
            "user_cpu_time": 0.00042899999999999997,
            "sys_cpu_time": 0.0,
            "total_cpu_time": 0.00042899999999999997,
            "max_rss": 21804,
            "exit_code": 512,
            "failed": false
        },
        {
            "index": 3,
            "input": 13.0,
            "run_time": 1210981.0,
            "start_time": 1680008854431603693,
            "stop_time": 1680008854432814674,
            "ram_samples": [],
            "cpu_samples": [
                0.0,
                0.0,
                0.0,
                0.0,
                0.0,
                0.0,
                0.0,
                0.0,
                0.0,
                0.0,
                0.0,
                0.0,
                0.0,
                0.0,
                0.0,
                0.0
            ],
            "average_cpu_busy": 0.0,
            "user_cpu_time": 0.00042699999999999997,
            "sys_cpu_time": 0.0,
            "total_cpu_time": 0.00042699999999999997,
            "max_rss": 21804,
            "exit_code": 512,
            "failed": false
        },
        {
            "index": 4,
            "input": 13.0,
            "run_time": 860073.0,
            "start_time": 1680008854435955275,
            "stop_time": 1680008854436815348,
            "ram_samples": [],
            "cpu_samples": [
                0.0,
                0.0,
                0.0,
                0.0,
                0.0,
                0.0,
                0.0,
                0.0,
                0.0,
                0.0,
                0.0,
                0.0,
                0.0,
                0.0,
                0.0,
                0.0
            ],
            "average_cpu_busy": 0.0,
            "user_cpu_time": 0.000394,
            "sys_cpu_time": 0.0,
            "total_cpu_time": 0.000394,
            "max_rss": 21804,
            "exit_code": 512,
            "failed": false
        },
        {
            "index": 5,
            "input": 13.0,
            "run_time": 838954.0,
            "start_time": 1680008854439541701,
            "stop_time": 1680008854440380655,
            "ram_samples": [],
            "cpu_samples": [
                0.0,
                0.0,
                0.0,
                0.0,
                0.0,
                0.0,
                0.0,
                0.0,
                0.0,
                0.0,
                0.0,
                0.0,
                0.0,
                0.0,
                0.0,
                0.0
            ],
            "average_cpu_busy": 0.0,
            "user_cpu_time": 0.00040199999999999996,
            "sys_cpu_time": 0.0,
            "total_cpu_time": 0.00040199999999999996,
            "max_rss": 21808,
            "exit_code": 512,
            "failed": false
        }
    ]
}