{
    "bench": "fannkuchredux-3.c",
    "language": "c",
    "input": 10.0,
    "average_runtime": 1009920.8333333334,
    "average_cpu_busy": 1.5535133333333332e-07,
    "average_ram_load": 0,
    "run_results": [
        {
            "index": 0,
            "input": 10.0,
            "run_time": 826490.0,
            "start_time": 1679835113662927437,
            "stop_time": 1679835113663753927,
            "ram_samples": [],
            "cpu_samples": [
                0.0,
                0.0,
                0.0,
                0.0,
                0.0,
                0.0,
                0.0,
                0.0,
                0.0,
                0.0,
                0.0,
                0.0,
                0.0,
                0.0,
                0.0,
                0.0
            ],
            "average_cpu_busy": 0.0,
            "user_cpu_time": 0.206792,
            "sys_cpu_time": 0.0,
            "total_cpu_time": 0.206792,
            "max_rss": 18852,
            "exit_code": 0,
            "failed": false
        },
        {
            "index": 1,
            "input": 10.0,
            "run_time": 932108.0,
            "start_time": 1679835113873854025,
            "stop_time": 1679835113874786133,
            "ram_samples": [],
            "cpu_samples": [
                0.0,
                0.0,
                0.0,
                0.0,
                0.0,
                0.0,
                0.0,
                0.0,
                0.0,
                100.0,
                0.0,
                0.0,
                0.0,
                0.0,
                0.0,
                0.0
            ],
            "average_cpu_busy": 9.321079999999999e-07,
            "user_cpu_time": 0.211107,
            "sys_cpu_time": 0.0,
            "total_cpu_time": 0.211107,
            "max_rss": 18980,
            "exit_code": 0,
            "failed": false
        },
        {
            "index": 2,
            "input": 10.0,
            "run_time": 1030322.0,
            "start_time": 1679835114091801922,
            "stop_time": 1679835114092832244,
            "ram_samples": [],
            "cpu_samples": [
                0.0,
                0.0,
                0.0,
                0.0,
                0.0,
                0.0,
                0.0,
                0.0,
                0.0,
                0.0,
                0.0,
                0.0,
                0.0,
                0.0,
                0.0,
                0.0
            ],
            "average_cpu_busy": 0.0,
            "user_cpu_time": 0.207367,
            "sys_cpu_time": 0.0,
            "total_cpu_time": 0.207367,
            "max_rss": 18984,
            "exit_code": 0,
            "failed": false
        },
        {
            "index": 3,
            "input": 10.0,
            "run_time": 1097689.0,
            "start_time": 1679835114303854301,
            "stop_time": 1679835114304951990,
            "ram_samples": [],
            "cpu_samples": [
                0.0,
                0.0,
                0.0,
                0.0,
                0.0,
                0.0,
                0.0,
                0.0,
                0.0,
                0.0,
                0.0,
                0.0,
                0.0,
                0.0,
                0.0,
                0.0
            ],
            "average_cpu_busy": 0.0,
            "user_cpu_time": 0.209533,
            "sys_cpu_time": 0.0,
            "total_cpu_time": 0.209533,
            "max_rss": 18984,
            "exit_code": 0,
            "failed": false
        },
        {
            "index": 4,
            "input": 10.0,
            "run_time": 1025774.0,
            "start_time": 1679835114518935822,
            "stop_time": 1679835114519961596,
            "ram_samples": [],
            "cpu_samples": [
                0.0,
                0.0,
                0.0,
                0.0,
                0.0,
                0.0,
                0.0,
                0.0,
                0.0,
                0.0,
                0.0,
                0.0,
                0.0,
                0.0,
                0.0,
                0.0
            ],
            "average_cpu_busy": 0.0,
            "user_cpu_time": 0.212858,
            "sys_cpu_time": 0.0,
            "total_cpu_time": 0.212858,
            "max_rss": 18988,
            "exit_code": 0,
            "failed": false
        },
        {
            "index": 5,
            "input": 10.0,
            "run_time": 1147142.0,
            "start_time": 1679835114737914973,
            "stop_time": 1679835114739062115,
            "ram_samples": [],
            "cpu_samples": [
                0.0,
                0.0,
                0.0,
                0.0,
                0.0,
                0.0,
                0.0,
                0.0,
                0.0,
                0.0,
                0.0,
                0.0,
                0.0,
                0.0,
                0.0,
                0.0
            ],
            "average_cpu_busy": 0.0,
            "user_cpu_time": 0.208061,
            "sys_cpu_time": 0.0,
            "total_cpu_time": 0.208061,
            "max_rss": 18988,
            "exit_code": 0,
            "failed": false
        }
    ],
    "maximum_runtime": 1147142.0,
    "minimum_runtime": 826490.0
}