{
    "bench": "fannkuchredux-3.ada",
    "language": "ada",
    "input": 10.0,
    "average_run_time": 933519.3333333334,
    "maximum_run_time": 995768.0,
    "minimum_run_time": 884930.0,
    "average_cpu_time": 0.16045399999999999,
    "minimum_cpu_time": 0.15590099999999998,
    "maximum_cpu_time": 0.16826799999999997,
    "average_cpu_busy": 0,
    "average_ram_load": 0,
    "run_results": [
        {
            "index": 0,
            "input": 10.0,
            "run_time": 982363.0,
            "start_time": 1679838020644723897,
            "stop_time": 1679838020645706260,
            "ram_samples": [],
            "cpu_samples": [
                0.0,
                0.0,
                0.0,
                0.0,
                0.0,
                0.0,
                0.0,
                0.0,
                0.0,
                0.0,
                0.0,
                0.0,
                0.0,
                0.0,
                0.0,
                0.0
            ],
            "average_cpu_busy": 0.0,
            "user_cpu_time": 0.149919,
            "sys_cpu_time": 0.008818,
            "total_cpu_time": 0.158737,
            "max_rss": 19048,
            "exit_code": 0,
            "failed": false
        },
        {
            "index": 1,
            "input": 10.0,
            "run_time": 995768.0,
            "start_time": 1679838020674492270,
            "stop_time": 1679838020675488038,
            "ram_samples": [],
            "cpu_samples": [
                0.0,
                0.0,
                0.0,
                0.0,
                0.0,
                0.0,
                0.0,
                0.0,
                0.0,
                0.0,
                0.0,
                0.0,
                0.0,
                0.0,
                0.0,
                0.0
            ],
            "average_cpu_busy": 0.0,
            "user_cpu_time": 0.15590099999999998,
            "sys_cpu_time": 0.0,
            "total_cpu_time": 0.15590099999999998,
            "max_rss": 19052,
            "exit_code": 0,
            "failed": false
        },
        {
            "index": 2,
            "input": 10.0,
            "run_time": 897533.0,
            "start_time": 1679838020704372262,
            "stop_time": 1679838020705269795,
            "ram_samples": [],
            "cpu_samples": [
                0.0,
                0.0,
                0.0,
                0.0,
                0.0,
                0.0,
                0.0,
                0.0,
                0.0,
                0.0,
                0.0,
                0.0,
                0.0,
                0.0,
                0.0,
                0.0
            ],
            "average_cpu_busy": 0.0,
            "user_cpu_time": 0.16452899999999998,
            "sys_cpu_time": 0.0037389999999999997,
            "total_cpu_time": 0.16826799999999997,
            "max_rss": 19052,
            "exit_code": 0,
            "failed": false
        },
        {
            "index": 3,
            "input": 10.0,
            "run_time": 947236.0,
            "start_time": 1679838020743961124,
            "stop_time": 1679838020744908360,
            "ram_samples": [],
            "cpu_samples": [
                0.0,
                0.0,
                0.0,
                0.0,
                0.0,
                0.0,
                0.0,
                0.0,
                0.0,
                0.0,
                0.0,
                0.0,
                0.0,
                0.0,
                0.0,
                0.0
            ],
            "average_cpu_busy": 0.0,
            "user_cpu_time": 0.160158,
            "sys_cpu_time": 0.003813,
            "total_cpu_time": 0.163971,
            "max_rss": 19056,
            "exit_code": 0,
            "failed": false
        },
        {
            "index": 4,
            "input": 10.0,
            "run_time": 884930.0,
            "start_time": 1679838020777746641,
            "stop_time": 1679838020778631571,
            "ram_samples": [],
            "cpu_samples": [
                0.0,
                0.0,
                0.0,
                0.0,
                0.0,
                0.0,
                0.0,
                0.0,
                0.0,
                0.0,
                0.0,
                0.0,
                0.0,
                0.0,
                0.0,
                0.0
            ],
            "average_cpu_busy": 0.0,
            "user_cpu_time": 0.153718,
            "sys_cpu_time": 0.004045,
            "total_cpu_time": 0.157763,
            "max_rss": 19056,
            "exit_code": 0,
            "failed": false
        },
        {
            "index": 5,
            "input": 10.0,
            "run_time": 893286.0,
            "start_time": 1679838020808010563,
            "stop_time": 1679838020808903849,
            "ram_samples": [],
            "cpu_samples": [
                0.0,
                0.0,
                0.0,
                0.0,
                0.0,
                0.0,
                0.0,
                0.0,
                0.0,
                0.0,
                0.0,
                0.0,
                0.0,
                0.0,
                0.0,
                0.0
            ],
            "average_cpu_busy": 0.0,
            "user_cpu_time": 0.158084,
            "sys_cpu_time": 0.0,
            "total_cpu_time": 0.158084,
            "max_rss": 19060,
            "exit_code": 0,
            "failed": false
        }
    ]
}