{
    "bench": "fannkuchredux-2.java",
    "language": "java",
    "input": 12.0,
    "average_run_time": 1186820.8333333333,
    "maximum_run_time": 1309506.0,
    "minimum_run_time": 1124589.0,
    "average_cpu_time": 0.03868633333333333,
    "minimum_cpu_time": 0.036944,
    "maximum_cpu_time": 0.040961,
    "average_cpu_busy": 0,
    "average_ram_load": 0,
    "run_results": [
        {
            "index": 0,
            "input": 12.0,
            "run_time": 1124589.0,
            "start_time": 1680003243332395552,
            "stop_time": 1680003243333520141,
            "ram_samples": [],
            "cpu_samples": [
                0.0,
                0.0,
                0.0,
                0.0,
                0.0,
                0.0,
                0.0,
                0.0,
                0.0,
                0.0,
                0.0,
                0.0,
                0.0,
                0.0,
                0.0,
                0.0
            ],
            "average_cpu_busy": 0.0,
            "user_cpu_time": 0.019046999999999998,
            "sys_cpu_time": 0.019046999999999998,
            "total_cpu_time": 0.038093999999999996,
            "max_rss": 39784,
            "exit_code": 0,
            "failed": false
        },
        {
            "index": 1,
            "input": 12.0,
            "run_time": 1164524.0,
            "start_time": 1680003243365799173,
            "stop_time": 1680003243366963697,
            "ram_samples": [],
            "cpu_samples": [
                100.0,
                0.0,
                0.0,
                0.0,
                0.0,
                0.0,
                0.0,
                0.0,
                0.0,
                0.0,
                0.0,
                0.0,
                0.0,
                0.0,
                0.0,
                0.0
            ],
            "average_cpu_busy": 1.1645239999999998e-06,
            "user_cpu_time": 0.026805,
            "sys_cpu_time": 0.011488,
            "total_cpu_time": 0.038293,
            "max_rss": 40448,
            "exit_code": 0,
            "failed": false
        },
        {
            "index": 2,
            "input": 12.0,
            "run_time": 1309506.0,
            "start_time": 1680003243408468813,
            "stop_time": 1680003243409778319,
            "ram_samples": [],
            "cpu_samples": [
                0.0,
                0.0,
                0.0,
                0.0,
                0.0,
                0.0,
                0.0,
                0.0,
                0.0,
                0.0,
                0.0,
                0.0,
                0.0,
                0.0,
                0.0,
                0.0
            ],
            "average_cpu_busy": 0.0,
            "user_cpu_time": 0.025876,
            "sys_cpu_time": 0.012938,
            "total_cpu_time": 0.038814,
            "max_rss": 38912,
            "exit_code": 0,
            "failed": false
        },
        {
            "index": 3,
            "input": 12.0,
            "run_time": 1144777.0,
            "start_time": 1680003243452404788,
            "stop_time": 1680003243453549565,
            "ram_samples": [],
            "cpu_samples": [
                0.0,
                0.0,
                0.0,
                0.0,
                0.0,
                0.0,
                0.0,
                0.0,
                0.0,
                0.0,
                0.0,
                0.0,
                0.0,
                0.0,
                0.0,
                0.0
            ],
            "average_cpu_busy": 0.0,
            "user_cpu_time": 0.040961,
            "sys_cpu_time": 0.0,
            "total_cpu_time": 0.040961,
            "max_rss": 39016,
            "exit_code": 0,
            "failed": false
        },
        {
            "index": 4,
            "input": 12.0,
            "run_time": 1151630.0,
            "start_time": 1680003243497361117,
            "stop_time": 1680003243498512747,
            "ram_samples": [],
            "cpu_samples": [
                0.0,
                0.0,
                0.0,
                0.0,
                0.0,
                0.0,
                0.0,
                0.0,
                0.0,
                0.0,
                0.0,
                0.0,
                0.0,
                0.0,
                0.0,
                0.0
            ],
            "average_cpu_busy": 0.0,
            "user_cpu_time": 0.02375,
            "sys_cpu_time": 0.013193999999999999,
            "total_cpu_time": 0.036944,
            "max_rss": 39680,
            "exit_code": 0,
            "failed": false
        },
        {
            "index": 5,
            "input": 12.0,
            "run_time": 1225899.0,
            "start_time": 1680003243530147700,
            "stop_time": 1680003243531373599,
            "ram_samples": [],
            "cpu_samples": [
                0.0,
                0.0,
                0.0,
                0.0,
                0.0,
                0.0,
                0.0,
                0.0,
                0.0,
                0.0,
                0.0,
                0.0,
                0.0,
                0.0,
                0.0,
                0.0
            ],
            "average_cpu_busy": 0.0,
            "user_cpu_time": 0.034136,
            "sys_cpu_time": 0.004876,
            "total_cpu_time": 0.039012,
            "max_rss": 40576,
            "exit_code": 0,
            "failed": false
        }
    ]
}