{
    "bench": "fannkuchredux-3.java",
    "language": "java",
    "input": 9.0,
    "average_runtime": 2200659.3333333335,
    "average_cpu_busy": 0.0,
    "average_ram_load": 0,
    "run_results": [
        {
            "index": 0,
            "input": 9.0,
            "run_time": 2135145.0,
            "start_time": 1679756238907600091,
            "stop_time": 1679756238909735236,
            "ram_samples": [],
            "cpu_samples": [
                0.0,
                0.0,
                0.0,
                0.0,
                0.0,
                0.0,
                0.0,
                0.0,
                0.0,
                0.0,
                0.0,
                0.0,
                0.0,
                0.0,
                0.0,
                0.0
            ],
            "average_cpu_busy": 0.0,
            "user_cpu_time": 28.035941,
            "sys_cpu_time": 0.016013,
            "total_cpu_time": 28.051954000000002,
            "max_rss": 42268,
            "exit_code": 0,
            "failed": false
        },
        {
            "index": 1,
            "input": 9.0,
            "run_time": 2242807.0,
            "start_time": 1679756266909024088,
            "stop_time": 1679756266911266895,
            "ram_samples": [],
            "cpu_samples": [
                0.0,
                0.0,
                0.0,
                0.0,
                0.0,
                0.0,
                0.0,
                0.0,
                0.0,
                0.0,
                0.0,
                0.0,
                0.0,
                0.0,
                0.0,
                0.0
            ],
            "average_cpu_busy": 0.0,
            "user_cpu_time": 28.009987,
            "sys_cpu_time": 0.012,
            "total_cpu_time": 28.021987,
            "max_rss": 42620,
            "exit_code": 0,
            "failed": false
        },
        {
            "index": 2,
            "input": 9.0,
            "run_time": 2194666.0,
            "start_time": 1679756294856276132,
            "stop_time": 1679756294858470798,
            "ram_samples": [],
            "cpu_samples": [
                0.0,
                0.0,
                0.0,
                0.0,
                0.0,
                0.0,
                0.0,
                0.0,
                0.0,
                0.0,
                0.0,
                0.0,
                0.0,
                0.0,
                0.0,
                0.0
            ],
            "average_cpu_busy": 0.0,
            "user_cpu_time": 28.075644,
            "sys_cpu_time": 0.024009,
            "total_cpu_time": 28.099653,
            "max_rss": 41904,
            "exit_code": 0,
            "failed": false
        },
        {
            "index": 3,
            "input": 9.0,
            "run_time": 2119796.0,
            "start_time": 1679756322940113311,
            "stop_time": 1679756322942233107,
            "ram_samples": [],
            "cpu_samples": [
                0.0,
                0.0,
                0.0,
                0.0,
                0.0,
                0.0,
                0.0,
                0.0,
                0.0,
                0.0,
                0.0,
                0.0,
                0.0,
                0.0,
                0.0,
                0.0
            ],
            "average_cpu_busy": 0.0,
            "user_cpu_time": 28.018227,
            "sys_cpu_time": 0.032001999999999996,
            "total_cpu_time": 28.050228999999998,
            "max_rss": 41680,
            "exit_code": 0,
            "failed": false
        },
        {
            "index": 4,
            "input": 9.0,
            "run_time": 2219834.0,
            "start_time": 1679756350964063457,
            "stop_time": 1679756350966283291,
            "ram_samples": [],
            "cpu_samples": [
                0.0,
                0.0,
                0.0,
                0.0,
                0.0,
                0.0,
                0.0,
                0.0,
                0.0,
                0.0,
                0.0,
                0.0,
                0.0,
                0.0,
                0.0,
                0.0
            ],
            "average_cpu_busy": 0.0,
            "user_cpu_time": 28.196115,
            "sys_cpu_time": 0.024006,
            "total_cpu_time": 28.220121,
            "max_rss": 41432,
            "exit_code": 0,
            "failed": false
        },
        {
            "index": 5,
            "input": 9.0,
            "run_time": 2291708.0,
            "start_time": 1679756379140400296,
            "stop_time": 1679756379142692004,
            "ram_samples": [],
            "cpu_samples": [
                0.0,
                0.0,
                0.0,
                0.0,
                0.0,
                0.0,
                0.0,
                0.0,
                0.0,
                0.0,
                0.0,
                0.0,
                0.0,
                0.0,
                0.0,
                0.0
            ],
            "average_cpu_busy": 0.0,
            "user_cpu_time": 28.268606,
            "sys_cpu_time": 0.015991,
            "total_cpu_time": 28.284596999999998,
            "max_rss": 41808,
            "exit_code": 0,
            "failed": false
        }
    ]
}