{
    "bench": "fannkuchredux-3.c",
    "language": "c",
    "input": 9.0,
    "average_run_time": 1056913.8333333333,
    "maximum_run_time": 1105564.0,
    "minimum_run_time": 1003872.0,
    "average_cpu_time": 0.019293999999999995,
    "minimum_cpu_time": 0.018678999999999998,
    "maximum_cpu_time": 0.020048,
    "average_cpu_busy": 0,
    "average_ram_load": 0,
    "run_results": [
        {
            "index": 0,
            "input": 9.0,
            "run_time": 1105564.0,
            "start_time": 1680003736044178444,
            "stop_time": 1680003736045284008,
            "ram_samples": [],
            "cpu_samples": [
                0.0,
                0.0,
                0.0,
                0.0,
                0.0,
                0.0,
                0.0,
                0.0,
                0.0,
                0.0,
                0.0,
                0.0,
                0.0,
                0.0,
                0.0,
                0.0
            ],
            "average_cpu_busy": 0.0,
            "user_cpu_time": 0.01941,
            "sys_cpu_time": 0.0,
            "total_cpu_time": 0.01941,
            "max_rss": 21392,
            "exit_code": 0,
            "failed": false
        },
        {
            "index": 1,
            "input": 9.0,
            "run_time": 1053616.0,
            "start_time": 1680003736068029709,
            "stop_time": 1680003736069083325,
            "ram_samples": [],
            "cpu_samples": [
                0.0,
                0.0,
                0.0,
                0.0,
                0.0,
                0.0,
                0.0,
                0.0,
                0.0,
                0.0,
                0.0,
                0.0,
                0.0,
                0.0,
                0.0,
                0.0
            ],
            "average_cpu_busy": 0.0,
            "user_cpu_time": 0.019327999999999998,
            "sys_cpu_time": 0.0,
            "total_cpu_time": 0.019327999999999998,
            "max_rss": 21392,
            "exit_code": 0,
            "failed": false
        },
        {
            "index": 2,
            "input": 9.0,
            "run_time": 1100163.0,
            "start_time": 1680003736092003975,
            "stop_time": 1680003736093104138,
            "ram_samples": [],
            "cpu_samples": [
                0.0,
                0.0,
                0.0,
                0.0,
                0.0,
                0.0,
                0.0,
                0.0,
                0.0,
                0.0,
                0.0,
                0.0,
                0.0,
                0.0,
                0.0,
                0.0
            ],
            "average_cpu_busy": 0.0,
            "user_cpu_time": 0.020048,
            "sys_cpu_time": 0.0,
            "total_cpu_time": 0.020048,
            "max_rss": 21392,
            "exit_code": 0,
            "failed": false
        },
        {
            "index": 3,
            "input": 9.0,
            "run_time": 1028810.0,
            "start_time": 1680003736116470954,
            "stop_time": 1680003736117499764,
            "ram_samples": [],
            "cpu_samples": [
                0.0,
                0.0,
                0.0,
                0.0,
                0.0,
                0.0,
                0.0,
                0.0,
                0.0,
                0.0,
                0.0,
                0.0,
                0.0,
                0.0,
                0.0,
                0.0
            ],
            "average_cpu_busy": 0.0,
            "user_cpu_time": 0.019517,
            "sys_cpu_time": 0.0,
            "total_cpu_time": 0.019517,
            "max_rss": 21392,
            "exit_code": 0,
            "failed": false
        },
        {
            "index": 4,
            "input": 9.0,
            "run_time": 1049458.0,
            "start_time": 1680003736140155737,
            "stop_time": 1680003736141205195,
            "ram_samples": [],
            "cpu_samples": [
                0.0,
                0.0,
                0.0,
                0.0,
                0.0,
                0.0,
                0.0,
                0.0,
                0.0,
                0.0,
                0.0,
                0.0,
                0.0,
                0.0,
                0.0,
                0.0
            ],
            "average_cpu_busy": 0.0,
            "user_cpu_time": 0.018678999999999998,
            "sys_cpu_time": 0.0,
            "total_cpu_time": 0.018678999999999998,
            "max_rss": 21396,
            "exit_code": 0,
            "failed": false
        },
        {
            "index": 5,
            "input": 9.0,
            "run_time": 1003872.0,
            "start_time": 1680003736162653894,
            "stop_time": 1680003736163657766,
            "ram_samples": [],
            "cpu_samples": [
                0.0,
                0.0,
                0.0,
                0.0,
                0.0,
                0.0,
                0.0,
                0.0,
                0.0,
                0.0,
                0.0,
                0.0,
                0.0,
                0.0,
                0.0,
                0.0
            ],
            "average_cpu_busy": 0.0,
            "user_cpu_time": 0.018782,
            "sys_cpu_time": 0.0,
            "total_cpu_time": 0.018782,
            "max_rss": 21396,
            "exit_code": 0,
            "failed": false
        }
    ]
}