{
    "bench": "fannkuchredux-5.rust",
    "language": "rust",
    "input": 9.0,
    "average_runtime": 902511.1666666666,
    "average_cpu_busy": 0.0,
    "average_ram_load": 0,
    "run_results": [
        {
            "index": 0,
            "input": 9.0,
            "run_time": 896199.0,
            "start_time": 1679663717691977958,
            "stop_time": 1679663717692874157,
            "ram_samples": [],
            "cpu_samples": [
                0.0,
                0.0,
                0.0,
                0.0,
                0.0,
                0.0,
                0.0,
                0.0,
                0.0,
                0.0,
                0.0,
                0.0,
                0.0,
                0.0,
                0.0,
                0.0
            ],
            "average_cpu_busy": 0.0,
            "user_cpu_time": 0.018969,
            "sys_cpu_time": 0.0,
            "total_cpu_time": 0.018969,
            "max_rss": 18612,
            "exit_code": 0,
            "failed": false
        },
        {
            "index": 1,
            "input": 9.0,
            "run_time": 919875.0,
            "start_time": 1679663717698408761,
            "stop_time": 1679663717699328636,
            "ram_samples": [],
            "cpu_samples": [
                0.0,
                0.0,
                0.0,
                0.0,
                0.0,
                0.0,
                0.0,
                0.0,
                0.0,
                0.0,
                0.0,
                0.0,
                0.0,
                0.0,
                0.0,
                0.0
            ],
            "average_cpu_busy": 0.0,
            "user_cpu_time": 0.017081,
            "sys_cpu_time": 0.0,
            "total_cpu_time": 0.017081,
            "max_rss": 18616,
            "exit_code": 0,
            "failed": false
        },
        {
            "index": 2,
            "input": 9.0,
            "run_time": 876361.0,
            "start_time": 1679663717704352316,
            "stop_time": 1679663717705228677,
            "ram_samples": [],
            "cpu_samples": [
                0.0,
                0.0,
                0.0,
                0.0,
                0.0,
                0.0,
                0.0,
                0.0,
                0.0,
                0.0,
                0.0,
                0.0,
                0.0,
                0.0,
                0.0,
                0.0
            ],
            "average_cpu_busy": 0.0,
            "user_cpu_time": 0.016826999999999998,
            "sys_cpu_time": 0.0,
            "total_cpu_time": 0.016826999999999998,
            "max_rss": 18616,
            "exit_code": 0,
            "failed": false
        },
        {
            "index": 3,
            "input": 9.0,
            "run_time": 912510.0,
            "start_time": 1679663717710783680,
            "stop_time": 1679663717711696190,
            "ram_samples": [],
            "cpu_samples": [
                0.0,
                0.0,
                0.0,
                0.0,
                0.0,
                0.0,
                0.0,
                0.0,
                0.0,
                0.0,
                0.0,
                0.0,
                0.0,
                0.0,
                0.0,
                0.0
            ],
            "average_cpu_busy": 0.0,
            "user_cpu_time": 0.016453,
            "sys_cpu_time": 0.0,
            "total_cpu_time": 0.016453,
            "max_rss": 18680,
            "exit_code": 0,
            "failed": false
        },
        {
            "index": 4,
            "input": 9.0,
            "run_time": 858457.0,
            "start_time": 1679663717716594912,
            "stop_time": 1679663717717453369,
            "ram_samples": [],
            "cpu_samples": [
                0.0,
                0.0,
                0.0,
                0.0,
                0.0,
                0.0,
                0.0,
                0.0,
                0.0,
                0.0,
                0.0,
                0.0,
                0.0,
                0.0,
                0.0,
                0.0
            ],
            "average_cpu_busy": 0.0,
            "user_cpu_time": 0.016552,
            "sys_cpu_time": 0.0,
            "total_cpu_time": 0.016552,
            "max_rss": 18680,
            "exit_code": 0,
            "failed": false
        },
        {
            "index": 5,
            "input": 9.0,
            "run_time": 951665.0,
            "start_time": 1679663717722471578,
            "stop_time": 1679663717723423243,
            "ram_samples": [],
            "cpu_samples": [
                0.0,
                0.0,
                0.0,
                0.0,
                0.0,
                0.0,
                0.0,
                0.0,
                0.0,
                0.0,
                0.0,
                0.0,
                0.0,
                0.0,
                0.0,
                0.0
            ],
            "average_cpu_busy": 0.0,
            "user_cpu_time": 0.016464,
            "sys_cpu_time": 0.0,
            "total_cpu_time": 0.016464,
            "max_rss": 18680,
            "exit_code": 0,
            "failed": false
        }
    ]
}