{
    "bench": "fannkuchredux-4.rust",
    "language": "rust",
    "input": 10.0,
    "average_run_time": 913932.3333333334,
    "maximum_run_time": 954189.0,
    "minimum_run_time": 879259.0,
    "average_cpu_time": 0.16359566666666667,
    "minimum_cpu_time": 0.159806,
    "maximum_cpu_time": 0.167285,
    "average_cpu_busy": 0,
    "average_ram_load": 0,
    "run_results": [
        {
            "index": 0,
            "input": 10.0,
            "run_time": 879259.0,
            "start_time": 1680006759112563870,
            "stop_time": 1680006759113443129,
            "ram_samples": [],
            "cpu_samples": [
                0.0,
                0.0,
                0.0,
                0.0,
                0.0,
                0.0,
                0.0,
                0.0,
                0.0,
                0.0,
                0.0,
                0.0,
                0.0,
                0.0,
                0.0,
                0.0
            ],
            "average_cpu_busy": 0.0,
            "user_cpu_time": 0.163952,
            "sys_cpu_time": 0.0,
            "total_cpu_time": 0.163952,
            "max_rss": 21488,
            "exit_code": 0,
            "failed": false
        },
        {
            "index": 1,
            "input": 10.0,
            "run_time": 885601.0,
            "start_time": 1680006759132516352,
            "stop_time": 1680006759133401953,
            "ram_samples": [],
            "cpu_samples": [
                0.0,
                0.0,
                0.0,
                0.0,
                0.0,
                0.0,
                0.0,
                0.0,
                0.0,
                0.0,
                0.0,
                0.0,
                0.0,
                0.0,
                0.0,
                0.0
            ],
            "average_cpu_busy": 0.0,
            "user_cpu_time": 0.16002,
            "sys_cpu_time": 0.0,
            "total_cpu_time": 0.16002,
            "max_rss": 21488,
            "exit_code": 0,
            "failed": false
        },
        {
            "index": 2,
            "input": 10.0,
            "run_time": 909055.0,
            "start_time": 1680006759150185422,
            "stop_time": 1680006759151094477,
            "ram_samples": [],
            "cpu_samples": [
                0.0,
                0.0,
                0.0,
                0.0,
                0.0,
                0.0,
                0.0,
                0.0,
                0.0,
                0.0,
                0.0,
                0.0,
                0.0,
                0.0,
                0.0,
                0.0
            ],
            "average_cpu_busy": 0.0,
            "user_cpu_time": 0.159806,
            "sys_cpu_time": 0.0,
            "total_cpu_time": 0.159806,
            "max_rss": 21488,
            "exit_code": 0,
            "failed": false
        },
        {
            "index": 3,
            "input": 10.0,
            "run_time": 941346.0,
            "start_time": 1680006759168186414,
            "stop_time": 1680006759169127760,
            "ram_samples": [],
            "cpu_samples": [
                0.0,
                0.0,
                0.0,
                0.0,
                0.0,
                0.0,
                0.0,
                0.0,
                0.0,
                0.0,
                0.0,
                0.0,
                0.0,
                0.0,
                0.0,
                0.0
            ],
            "average_cpu_busy": 0.0,
            "user_cpu_time": 0.164131,
            "sys_cpu_time": 0.0,
            "total_cpu_time": 0.164131,
            "max_rss": 21488,
            "exit_code": 0,
            "failed": false
        },
        {
            "index": 4,
            "input": 10.0,
            "run_time": 914144.0,
            "start_time": 1680006759187685306,
            "stop_time": 1680006759188599450,
            "ram_samples": [],
            "cpu_samples": [
                0.0,
                0.0,
                0.0,
                0.0,
                0.0,
                0.0,
                0.0,
                0.0,
                0.0,
                0.0,
                0.0,
                0.0,
                0.0,
                0.0,
                0.0,
                0.0
            ],
            "average_cpu_busy": 0.0,
            "user_cpu_time": 0.16638,
            "sys_cpu_time": 0.0,
            "total_cpu_time": 0.16638,
            "max_rss": 21488,
            "exit_code": 0,
            "failed": false
        },
        {
            "index": 5,
            "input": 10.0,
            "run_time": 954189.0,
            "start_time": 1680006759208197538,
            "stop_time": 1680006759209151727,
            "ram_samples": [],
            "cpu_samples": [
                0.0,
                0.0,
                0.0,
                0.0,
                0.0,
                0.0,
                0.0,
                0.0,
                0.0,
                0.0,
                0.0,
                0.0,
                0.0,
                0.0,
                0.0,
                0.0
            ],
            "average_cpu_busy": 0.0,
            "user_cpu_time": 0.167285,
            "sys_cpu_time": 0.0,
            "total_cpu_time": 0.167285,
            "max_rss": 21488,
            "exit_code": 0,
            "failed": false
        }
    ]
}