{
    "bench": "fannkuchredux-2.c",
    "language": "c",
    "input": 10.0,
    "average_runtime": 905974.0,
    "average_cpu_busy": 1.5327049999999998e-07,
    "average_ram_load": 0,
    "run_results": [
        {
            "index": 0,
            "input": 10.0,
            "run_time": 904635.0,
            "start_time": 1679663720886233749,
            "stop_time": 1679663720887138384,
            "ram_samples": [],
            "cpu_samples": [
                0.0,
                0.0,
                0.0,
                0.0,
                0.0,
                0.0,
                0.0,
                0.0,
                0.0,
                0.0,
                0.0,
                0.0,
                0.0,
                0.0,
                0.0,
                0.0
            ],
            "average_cpu_busy": 0.0,
            "user_cpu_time": 0.202544,
            "sys_cpu_time": 0.0,
            "total_cpu_time": 0.202544,
            "max_rss": 18716,
            "exit_code": 0,
            "failed": false
        },
        {
            "index": 1,
            "input": 10.0,
            "run_time": 892983.0,
            "start_time": 1679663720942701442,
            "stop_time": 1679663720943594425,
            "ram_samples": [],
            "cpu_samples": [
                0.0,
                0.0,
                0.0,
                0.0,
                0.0,
                0.0,
                0.0,
                0.0,
                0.0,
                0.0,
                0.0,
                0.0,
                0.0,
                0.0,
                0.0,
                0.0
            ],
            "average_cpu_busy": 0.0,
            "user_cpu_time": 0.2019,
            "sys_cpu_time": 0.0,
            "total_cpu_time": 0.2019,
            "max_rss": 18712,
            "exit_code": 0,
            "failed": false
        },
        {
            "index": 2,
            "input": 10.0,
            "run_time": 892522.0,
            "start_time": 1679663720999282931,
            "stop_time": 1679663721000175453,
            "ram_samples": [],
            "cpu_samples": [
                0.0,
                0.0,
                0.0,
                0.0,
                0.0,
                0.0,
                0.0,
                0.0,
                0.0,
                0.0,
                0.0,
                0.0,
                0.0,
                0.0,
                0.0,
                0.0
            ],
            "average_cpu_busy": 0.0,
            "user_cpu_time": 0.202407,
            "sys_cpu_time": 0.0,
            "total_cpu_time": 0.202407,
            "max_rss": 18712,
            "exit_code": 0,
            "failed": false
        },
        {
            "index": 3,
            "input": 10.0,
            "run_time": 924893.0,
            "start_time": 1679663721055609034,
            "stop_time": 1679663721056533927,
            "ram_samples": [],
            "cpu_samples": [
                0.0,
                0.0,
                0.0,
                0.0,
                0.0,
                0.0,
                0.0,
                0.0,
                0.0,
                0.0,
                0.0,
                0.0,
                0.0,
                0.0,
                0.0,
                0.0
            ],
            "average_cpu_busy": 0.0,
            "user_cpu_time": 0.203756,
            "sys_cpu_time": 0.0,
            "total_cpu_time": 0.203756,
            "max_rss": 18716,
            "exit_code": 0,
            "failed": false
        },
        {
            "index": 4,
            "input": 10.0,
            "run_time": 901188.0,
            "start_time": 1679663721112800426,
            "stop_time": 1679663721113701614,
            "ram_samples": [],
            "cpu_samples": [
                0.0,
                0.0,
                0.0,
                0.0,
                0.0,
                0.0,
                0.0,
                0.0,
                0.0,
                0.0,
                0.0,
                0.0,
                0.0,
                0.0,
                0.0,
                0.0
            ],
            "average_cpu_busy": 0.0,
            "user_cpu_time": 0.198384,
            "sys_cpu_time": 0.0038889999999999997,
            "total_cpu_time": 0.202273,
            "max_rss": 18716,
            "exit_code": 0,
            "failed": false
        },
        {
            "index": 5,
            "input": 10.0,
            "run_time": 919623.0,
            "start_time": 1679663721169818408,
            "stop_time": 1679663721170738031,
            "ram_samples": [],
            "cpu_samples": [
                0.0,
                0.0,
                0.0,
                100.0,
                0.0,
                0.0,
                0.0,
                0.0,
                0.0,
                0.0,
                0.0,
                0.0,
                0.0,
                0.0,
                0.0,
                0.0
            ],
            "average_cpu_busy": 9.19623e-07,
            "user_cpu_time": 0.202402,
            "sys_cpu_time": 0.0,
            "total_cpu_time": 0.202402,
            "max_rss": 18712,
            "exit_code": 0,
            "failed": false
        }
    ]
}