{
    "bench": "fannkuchredux-4.c",
    "language": "c",
    "input": 9.0,
    "average_runtime": 938000.8333333334,
    "average_cpu_busy": 3.0920633333333334e-07,
    "average_ram_load": 0,
    "run_results": [
        {
            "index": 0,
            "input": 9.0,
            "run_time": 949671.0,
            "start_time": 1679835448503216632,
            "stop_time": 1679835448504166303,
            "ram_samples": [],
            "cpu_samples": [
                0.0,
                0.0,
                0.0,
                0.0,
                0.0,
                0.0,
                0.0,
                0.0,
                0.0,
                0.0,
                0.0,
                0.0,
                0.0,
                0.0,
                0.0,
                0.0
            ],
            "average_cpu_busy": 0.0,
            "user_cpu_time": 0.007918999999999999,
            "sys_cpu_time": 0.0,
            "total_cpu_time": 0.007918999999999999,
            "max_rss": 19092,
            "exit_code": 0,
            "failed": false
        },
        {
            "index": 1,
            "input": 9.0,
            "run_time": 880171.0,
            "start_time": 1679835448514855591,
            "stop_time": 1679835448515735762,
            "ram_samples": [],
            "cpu_samples": [
                0.0,
                0.0,
                0.0,
                0.0,
                0.0,
                0.0,
                0.0,
                0.0,
                0.0,
                0.0,
                0.0,
                0.0,
                0.0,
                0.0,
                0.0,
                0.0
            ],
            "average_cpu_busy": 0.0,
            "user_cpu_time": 0.00771,
            "sys_cpu_time": 0.0,
            "total_cpu_time": 0.00771,
            "max_rss": 18964,
            "exit_code": 0,
            "failed": false
        },
        {
            "index": 2,
            "input": 9.0,
            "run_time": 927619.0,
            "start_time": 1679835448525968675,
            "stop_time": 1679835448526896294,
            "ram_samples": [],
            "cpu_samples": [
                0.0,
                0.0,
                100.0,
                0.0,
                0.0,
                0.0,
                0.0,
                0.0,
                100.0,
                0.0,
                0.0,
                0.0,
                0.0,
                0.0,
                0.0,
                0.0
            ],
            "average_cpu_busy": 1.855238e-06,
            "user_cpu_time": 0.003931,
            "sys_cpu_time": 0.003931,
            "total_cpu_time": 0.007862,
            "max_rss": 19092,
            "exit_code": 0,
            "failed": false
        },
        {
            "index": 3,
            "input": 9.0,
            "run_time": 906500.0,
            "start_time": 1679835448537775209,
            "stop_time": 1679835448538681709,
            "ram_samples": [],
            "cpu_samples": [
                0.0,
                0.0,
                0.0,
                0.0,
                0.0,
                0.0,
                0.0,
                0.0,
                0.0,
                0.0,
                0.0,
                0.0,
                0.0,
                0.0,
                0.0,
                0.0
            ],
            "average_cpu_busy": 0.0,
            "user_cpu_time": 0.003865,
            "sys_cpu_time": 0.003865,
            "total_cpu_time": 0.00773,
            "max_rss": 19096,
            "exit_code": 0,
            "failed": false
        },
        {
            "index": 4,
            "input": 9.0,
            "run_time": 1129328.0,
            "start_time": 1679835448550027479,
            "stop_time": 1679835448551156807,
            "ram_samples": [],
            "cpu_samples": [
                0.0,
                0.0,
                0.0,
                0.0,
                0.0,
                0.0,
                0.0,
                0.0,
                0.0,
                0.0,
                0.0,
                0.0,
                0.0,
                0.0,
                0.0,
                0.0
            ],
            "average_cpu_busy": 0.0,
            "user_cpu_time": 0.007627999999999999,
            "sys_cpu_time": 0.0,
            "total_cpu_time": 0.007627999999999999,
            "max_rss": 19096,
            "exit_code": 0,
            "failed": false
        },
        {
            "index": 5,
            "input": 9.0,
            "run_time": 834716.0,
            "start_time": 1679835448561244166,
            "stop_time": 1679835448562078882,
            "ram_samples": [],
            "cpu_samples": [
                0.0,
                0.0,
                0.0,
                0.0,
                0.0,
                0.0,
                0.0,
                0.0,
                0.0,
                0.0,
                0.0,
                0.0,
                0.0,
                0.0,
                0.0,
                0.0
            ],
            "average_cpu_busy": 0.0,
            "user_cpu_time": 0.007682,
            "sys_cpu_time": 0.0,
            "total_cpu_time": 0.007682,
            "max_rss": 19100,
            "exit_code": 0,
            "failed": false
        }
    ],
    "maximum_runtime": 1129328.0,
    "minimum_runtime": 834716.0
}