{
    "bench": "fannkuchredux-2.java",
    "language": "java",
    "input": 10.0,
    "average_run_time": 1140637.8333333333,
    "maximum_run_time": 1169654.0,
    "minimum_run_time": 1111535.0,
    "average_cpu_time": 0.037628166666666664,
    "minimum_cpu_time": 0.036567999999999996,
    "maximum_cpu_time": 0.040017,
    "average_cpu_busy": 0,
    "average_ram_load": 0,
    "run_results": [
        {
            "index": 0,
            "input": 10.0,
            "run_time": 1153854.0,
            "start_time": 1679838020122957928,
            "stop_time": 1679838020124111782,
            "ram_samples": [],
            "cpu_samples": [
                0.0,
                0.0,
                0.0,
                0.0,
                0.0,
                0.0,
                0.0,
                0.0,
                0.0,
                0.0,
                0.0,
                0.0,
                0.0,
                0.0,
                0.0,
                0.0
            ],
            "average_cpu_busy": 0.0,
            "user_cpu_time": 0.023155,
            "sys_cpu_time": 0.013892999999999999,
            "total_cpu_time": 0.037048,
            "max_rss": 39296,
            "exit_code": 0,
            "failed": false
        },
        {
            "index": 1,
            "input": 10.0,
            "run_time": 1152011.0,
            "start_time": 1679838020155787131,
            "stop_time": 1679838020156939142,
            "ram_samples": [],
            "cpu_samples": [
                0.0,
                0.0,
                0.0,
                0.0,
                0.0,
                0.0,
                0.0,
                0.0,
                0.0,
                0.0,
                0.0,
                0.0,
                0.0,
                0.0,
                0.0,
                0.0
            ],
            "average_cpu_busy": 0.0,
            "user_cpu_time": 0.022867,
            "sys_cpu_time": 0.01715,
            "total_cpu_time": 0.040017,
            "max_rss": 40448,
            "exit_code": 0,
            "failed": false
        },
        {
            "index": 2,
            "input": 10.0,
            "run_time": 1111535.0,
            "start_time": 1679838020199863059,
            "stop_time": 1679838020200974594,
            "ram_samples": [],
            "cpu_samples": [
                0.0,
                0.0,
                0.0,
                0.0,
                0.0,
                0.0,
                0.0,
                0.0,
                0.0,
                0.0,
                0.0,
                0.0,
                0.0,
                0.0,
                0.0,
                0.0
            ],
            "average_cpu_busy": 0.0,
            "user_cpu_time": 0.022459,
            "sys_cpu_time": 0.014972,
            "total_cpu_time": 0.037431,
            "max_rss": 39168,
            "exit_code": 0,
            "failed": false
        },
        {
            "index": 3,
            "input": 10.0,
            "run_time": 1137273.0,
            "start_time": 1679838020232878492,
            "stop_time": 1679838020234015765,
            "ram_samples": [],
            "cpu_samples": [
                0.0,
                0.0,
                0.0,
                0.0,
                0.0,
                0.0,
                0.0,
                0.0,
                0.0,
                0.0,
                0.0,
                0.0,
                0.0,
                0.0,
                0.0,
                0.0
            ],
            "average_cpu_busy": 0.0,
            "user_cpu_time": 0.024798999999999998,
            "sys_cpu_time": 0.012399,
            "total_cpu_time": 0.037197999999999995,
            "max_rss": 39552,
            "exit_code": 0,
            "failed": false
        },
        {
            "index": 4,
            "input": 10.0,
            "run_time": 1119500.0,
            "start_time": 1679838020265184604,
            "stop_time": 1679838020266304104,
            "ram_samples": [],
            "cpu_samples": [
                0.0,
                0.0,
                0.0,
                0.0,
                0.0,
                0.0,
                0.0,
                0.0,
                0.0,
                0.0,
                0.0,
                0.0,
                0.0,
                0.0,
                0.0,
                0.0
            ],
            "average_cpu_busy": 0.0,
            "user_cpu_time": 0.025598,
            "sys_cpu_time": 0.010969999999999999,
            "total_cpu_time": 0.036567999999999996,
            "max_rss": 39424,
            "exit_code": 0,
            "failed": false
        },
        {
            "index": 5,
            "input": 10.0,
            "run_time": 1169654.0,
            "start_time": 1679838020296836680,
            "stop_time": 1679838020298006334,
            "ram_samples": [],
            "cpu_samples": [
                0.0,
                0.0,
                0.0,
                0.0,
                0.0,
                0.0,
                0.0,
                0.0,
                0.0,
                0.0,
                0.0,
                0.0,
                0.0,
                0.0,
                0.0,
                0.0
            ],
            "average_cpu_busy": 0.0,
            "user_cpu_time": 0.031256,
            "sys_cpu_time": 0.006251,
            "total_cpu_time": 0.037507,
            "max_rss": 38784,
            "exit_code": 0,
            "failed": false
        }
    ]
}