{
    "bench": "fannkuchredux-4.c",
    "language": "c",
    "input": 11.0,
    "average_run_time": 1148826.3333333333,
    "maximum_run_time": 1415596.0,
    "minimum_run_time": 923712.0,
    "average_cpu_time": 0.9603476666666667,
    "minimum_cpu_time": 0.950618,
    "maximum_cpu_time": 0.968046,
    "average_cpu_busy": 0,
    "average_ram_load": 0,
    "run_results": [
        {
            "index": 0,
            "input": 11.0,
            "run_time": 974658.0,
            "start_time": 1680007672119741460,
            "stop_time": 1680007672120716118,
            "ram_samples": [],
            "cpu_samples": [
                0.0,
                0.0,
                0.0,
                0.0,
                0.0,
                0.0,
                0.0,
                0.0,
                0.0,
                0.0,
                0.0,
                0.0,
                0.0,
                0.0,
                0.0,
                0.0
            ],
            "average_cpu_busy": 0.0,
            "user_cpu_time": 0.9547,
            "sys_cpu_time": 0.0,
            "total_cpu_time": 0.9547,
            "max_rss": 21680,
            "exit_code": 0,
            "failed": false
        },
        {
            "index": 1,
            "input": 11.0,
            "run_time": 923712.0,
            "start_time": 1680007673079584996,
            "stop_time": 1680007673080508708,
            "ram_samples": [],
            "cpu_samples": [
                0.0,
                0.0,
                0.0,
                0.0,
                0.0,
                0.0,
                0.0,
                0.0,
                0.0,
                0.0,
                0.0,
                0.0,
                0.0,
                0.0,
                0.0,
                0.0
            ],
            "average_cpu_busy": 0.0,
            "user_cpu_time": 0.966749,
            "sys_cpu_time": 0.0,
            "total_cpu_time": 0.966749,
            "max_rss": 21684,
            "exit_code": 0,
            "failed": false
        },
        {
            "index": 2,
            "input": 11.0,
            "run_time": 1391219.0,
            "start_time": 1680007674055776583,
            "stop_time": 1680007674057167802,
            "ram_samples": [],
            "cpu_samples": [
                0.0,
                0.0,
                0.0,
                0.0,
                0.0,
                0.0,
                0.0,
                0.0,
                0.0,
                0.0,
                0.0,
                0.0,
                0.0,
                0.0,
                0.0,
                0.0
            ],
            "average_cpu_busy": 0.0,
            "user_cpu_time": 0.9643999999999999,
            "sys_cpu_time": 0.0,
            "total_cpu_time": 0.9643999999999999,
            "max_rss": 21684,
            "exit_code": 0,
            "failed": false
        },
        {
            "index": 3,
            "input": 11.0,
            "run_time": 1415596.0,
            "start_time": 1680007675026067192,
            "stop_time": 1680007675027482788,
            "ram_samples": [],
            "cpu_samples": [
                0.0,
                0.0,
                0.0,
                0.0,
                0.0,
                0.0,
                0.0,
                0.0,
                0.0,
                0.0,
                0.0,
                0.0,
                0.0,
                0.0,
                0.0,
                0.0
            ],
            "average_cpu_busy": 0.0,
            "user_cpu_time": 0.957573,
            "sys_cpu_time": 0.0,
            "total_cpu_time": 0.957573,
            "max_rss": 21684,
            "exit_code": 0,
            "failed": false
        },
        {
            "index": 4,
            "input": 11.0,
            "run_time": 940294.0,
            "start_time": 1680007675989626988,
            "stop_time": 1680007675990567282,
            "ram_samples": [],
            "cpu_samples": [
                0.0,
                0.0,
                0.0,
                0.0,
                0.0,
                0.0,
                0.0,
                0.0,
                0.0,
                0.0,
                0.0,
                0.0,
                0.0,
                0.0,
                0.0,
                0.0
            ],
            "average_cpu_busy": 0.0,
            "user_cpu_time": 0.950618,
            "sys_cpu_time": 0.0,
            "total_cpu_time": 0.950618,
            "max_rss": 21688,
            "exit_code": 0,
            "failed": false
        },
        {
            "index": 5,
            "input": 11.0,
            "run_time": 1247479.0,
            "start_time": 1680007676945501850,
            "stop_time": 1680007676946749329,
            "ram_samples": [],
            "cpu_samples": [
                0.0,
                0.0,
                0.0,
                0.0,
                0.0,
                0.0,
                0.0,
                0.0,
                0.0,
                0.0,
                0.0,
                0.0,
                0.0,
                0.0,
                0.0,
                0.0
            ],
            "average_cpu_busy": 0.0,
            "user_cpu_time": 0.968046,
            "sys_cpu_time": 0.0,
            "total_cpu_time": 0.968046,
            "max_rss": 21688,
            "exit_code": 0,
            "failed": false
        }
    ]
}