{
    "bench": "fannkuchredux-2.java",
    "language": "java",
    "input": 9.0,
    "average_run_time": 1210617.1666666667,
    "maximum_run_time": 1351785.0,
    "minimum_run_time": 1123948.0,
    "average_cpu_time": 0.037881500000000005,
    "minimum_cpu_time": 0.036926,
    "maximum_cpu_time": 0.039057999999999995,
    "average_cpu_busy": 0,
    "average_ram_load": 0,
    "run_results": [
        {
            "index": 0,
            "input": 9.0,
            "run_time": 1351785.0,
            "start_time": 1680003242665528425,
            "stop_time": 1680003242666880210,
            "ram_samples": [],
            "cpu_samples": [
                0.0,
                0.0,
                0.0,
                0.0,
                0.0,
                0.0,
                0.0,
                0.0,
                0.0,
                0.0,
                0.0,
                0.0,
                0.0,
                0.0,
                0.0,
                0.0
            ],
            "average_cpu_busy": 0.0,
            "user_cpu_time": 0.021699,
            "sys_cpu_time": 0.017359,
            "total_cpu_time": 0.039057999999999995,
            "max_rss": 39168,
            "exit_code": 0,
            "failed": false
        },
        {
            "index": 1,
            "input": 9.0,
            "run_time": 1255164.0,
            "start_time": 1680003242709800140,
            "stop_time": 1680003242711055304,
            "ram_samples": [],
            "cpu_samples": [
                100.0,
                0.0,
                0.0,
                0.0,
                0.0,
                0.0,
                0.0,
                0.0,
                0.0,
                0.0,
                0.0,
                0.0,
                0.0,
                0.0,
                0.0,
                0.0
            ],
            "average_cpu_busy": 1.255164e-06,
            "user_cpu_time": 0.027684999999999998,
            "sys_cpu_time": 0.010381999999999999,
            "total_cpu_time": 0.038067,
            "max_rss": 39040,
            "exit_code": 0,
            "failed": false
        },
        {
            "index": 2,
            "input": 9.0,
            "run_time": 1158032.0,
            "start_time": 1680003242742527712,
            "stop_time": 1680003242743685744,
            "ram_samples": [],
            "cpu_samples": [
                0.0,
                0.0,
                0.0,
                0.0,
                0.0,
                0.0,
                0.0,
                0.0,
                0.0,
                0.0,
                0.0,
                0.0,
                0.0,
                0.0,
                0.0,
                0.0
            ],
            "average_cpu_busy": 0.0,
            "user_cpu_time": 0.028856,
            "sys_cpu_time": 0.009618,
            "total_cpu_time": 0.038474,
            "max_rss": 39808,
            "exit_code": 0,
            "failed": false
        },
        {
            "index": 3,
            "input": 9.0,
            "run_time": 1144566.0,
            "start_time": 1680003242776182575,
            "stop_time": 1680003242777327141,
            "ram_samples": [],
            "cpu_samples": [
                0.0,
                0.0,
                0.0,
                0.0,
                0.0,
                0.0,
                0.0,
                0.0,
                0.0,
                0.0,
                0.0,
                0.0,
                0.0,
                0.0,
                0.0,
                0.0
            ],
            "average_cpu_busy": 0.0,
            "user_cpu_time": 0.018463,
            "sys_cpu_time": 0.018463,
            "total_cpu_time": 0.036926,
            "max_rss": 39680,
            "exit_code": 0,
            "failed": false
        },
        {
            "index": 4,
            "input": 9.0,
            "run_time": 1123948.0,
            "start_time": 1680003242808842681,
            "stop_time": 1680003242809966629,
            "ram_samples": [],
            "cpu_samples": [
                0.0,
                0.0,
                0.0,
                0.0,
                0.0,
                0.0,
                0.0,
                0.0,
                0.0,
                0.0,
                0.0,
                0.0,
                0.0,
                0.0,
                0.0,
                0.0
            ],
            "average_cpu_busy": 0.0,
            "user_cpu_time": 0.033934,
            "sys_cpu_time": 0.00377,
            "total_cpu_time": 0.037704,
            "max_rss": 39552,
            "exit_code": 0,
            "failed": false
        },
        {
            "index": 5,
            "input": 9.0,
            "run_time": 1230208.0,
            "start_time": 1680003242841595551,
            "stop_time": 1680003242842825759,
            "ram_samples": [],
            "cpu_samples": [
                0.0,
                0.0,
                0.0,
                0.0,
                0.0,
                0.0,
                0.0,
                0.0,
                0.0,
                0.0,
                0.0,
                0.0,
                0.0,
                0.0,
                0.0,
                0.0
            ],
            "average_cpu_busy": 0.0,
            "user_cpu_time": 0.028508,
            "sys_cpu_time": 0.008551999999999999,
            "total_cpu_time": 0.037059999999999996,
            "max_rss": 39680,
            "exit_code": 0,
            "failed": false
        }
    ]
}