{
    "bench": "fannkuchredux-2.java",
    "language": "java",
    "input": 9.0,
    "average_runtime": 1192768.3333333333,
    "average_cpu_busy": 0.0,
    "average_ram_load": 0,
    "run_results": [
        {
            "index": 0,
            "input": 9.0,
            "run_time": 1170645.0,
            "start_time": 1679756197784874253,
            "stop_time": 1679756197786044898,
            "ram_samples": [],
            "cpu_samples": [
                0.0,
                0.0,
                0.0,
                0.0,
                0.0,
                0.0,
                0.0,
                0.0,
                0.0,
                0.0,
                0.0,
                0.0,
                0.0,
                0.0,
                0.0,
                0.0
            ],
            "average_cpu_busy": 0.0,
            "user_cpu_time": 0.032271999999999995,
            "sys_cpu_time": 0.008067999999999999,
            "total_cpu_time": 0.040339999999999994,
            "max_rss": 40192,
            "exit_code": 0,
            "failed": false
        },
        {
            "index": 1,
            "input": 9.0,
            "run_time": 1207414.0,
            "start_time": 1679756197829117464,
            "stop_time": 1679756197830324878,
            "ram_samples": [],
            "cpu_samples": [
                0.0,
                0.0,
                0.0,
                0.0,
                0.0,
                0.0,
                0.0,
                0.0,
                0.0,
                0.0,
                0.0,
                0.0,
                0.0,
                0.0,
                0.0,
                0.0
            ],
            "average_cpu_busy": 0.0,
            "user_cpu_time": 0.028454999999999998,
            "sys_cpu_time": 0.010669999999999999,
            "total_cpu_time": 0.03912499999999999,
            "max_rss": 39296,
            "exit_code": 0,
            "failed": false
        },
        {
            "index": 2,
            "input": 9.0,
            "run_time": 1223565.0,
            "start_time": 1679756197863135537,
            "stop_time": 1679756197864359102,
            "ram_samples": [],
            "cpu_samples": [
                0.0,
                0.0,
                0.0,
                0.0,
                0.0,
                0.0,
                0.0,
                0.0,
                0.0,
                0.0,
                0.0,
                0.0,
                0.0,
                0.0,
                0.0,
                0.0
            ],
            "average_cpu_busy": 0.0,
            "user_cpu_time": 0.030605999999999998,
            "sys_cpu_time": 0.008744,
            "total_cpu_time": 0.039349999999999996,
            "max_rss": 40576,
            "exit_code": 0,
            "failed": false
        },
        {
            "index": 3,
            "input": 9.0,
            "run_time": 1168952.0,
            "start_time": 1679756197906421824,
            "stop_time": 1679756197907590776,
            "ram_samples": [],
            "cpu_samples": [
                0.0,
                0.0,
                0.0,
                0.0,
                0.0,
                0.0,
                0.0,
                0.0,
                0.0,
                0.0,
                0.0,
                0.0,
                0.0,
                0.0,
                0.0,
                0.0
            ],
            "average_cpu_busy": 0.0,
            "user_cpu_time": 0.027507999999999998,
            "sys_cpu_time": 0.011002999999999999,
            "total_cpu_time": 0.038511,
            "max_rss": 39552,
            "exit_code": 0,
            "failed": false
        },
        {
            "index": 4,
            "input": 9.0,
            "run_time": 1133235.0,
            "start_time": 1679756197940076225,
            "stop_time": 1679756197941209460,
            "ram_samples": [],
            "cpu_samples": [
                0.0,
                0.0,
                0.0,
                0.0,
                0.0,
                0.0,
                0.0,
                0.0,
                0.0,
                0.0,
                0.0,
                0.0,
                0.0,
                0.0,
                0.0,
                0.0
            ],
            "average_cpu_busy": 0.0,
            "user_cpu_time": 0.017331,
            "sys_cpu_time": 0.021664,
            "total_cpu_time": 0.038995,
            "max_rss": 40064,
            "exit_code": 0,
            "failed": false
        },
        {
            "index": 5,
            "input": 9.0,
            "run_time": 1252799.0,
            "start_time": 1679756197982972891,
            "stop_time": 1679756197984225690,
            "ram_samples": [],
            "cpu_samples": [
                0.0,
                0.0,
                0.0,
                0.0,
                0.0,
                0.0,
                0.0,
                0.0,
                0.0,
                0.0,
                0.0,
                0.0,
                0.0,
                0.0,
                0.0,
                0.0
            ],
            "average_cpu_busy": 0.0,
            "user_cpu_time": 0.036166,
            "sys_cpu_time": 0.00452,
            "total_cpu_time": 0.040686,
            "max_rss": 40448,
            "exit_code": 0,
            "failed": false
        }
    ]
}