{
    "bench": "fannkuchredux-2.rust",
    "language": "rust",
    "input": 9.0,
    "average_run_time": 982337.3333333334,
    "maximum_run_time": 1286774.0,
    "minimum_run_time": 810651.0,
    "average_cpu_time": 0.02947083333333333,
    "minimum_cpu_time": 0.028362,
    "maximum_cpu_time": 0.034349,
    "average_cpu_busy": 0,
    "average_ram_load": 0,
    "run_results": [
        {
            "index": 0,
            "input": 9.0,
            "run_time": 1286774.0,
            "start_time": 1680008854853468390,
            "stop_time": 1680008854854755164,
            "ram_samples": [],
            "cpu_samples": [
                0.0,
                0.0,
                0.0,
                0.0,
                0.0,
                0.0,
                0.0,
                0.0,
                0.0,
                0.0,
                0.0,
                0.0,
                0.0,
                0.0,
                0.0,
                0.0
            ],
            "average_cpu_busy": 0.0,
            "user_cpu_time": 0.030056,
            "sys_cpu_time": 0.004293,
            "total_cpu_time": 0.034349,
            "max_rss": 21820,
            "exit_code": 0,
            "failed": false
        },
        {
            "index": 1,
            "input": 9.0,
            "run_time": 1176947.0,
            "start_time": 1680008854867722305,
            "stop_time": 1680008854868899252,
            "ram_samples": [],
            "cpu_samples": [
                0.0,
                0.0,
                0.0,
                0.0,
                0.0,
                0.0,
                0.0,
                0.0,
                0.0,
                0.0,
                0.0,
                0.0,
                0.0,
                0.0,
                0.0,
                0.0
            ],
            "average_cpu_busy": 0.0,
            "user_cpu_time": 0.028544999999999997,
            "sys_cpu_time": 0.0,
            "total_cpu_time": 0.028544999999999997,
            "max_rss": 21824,
            "exit_code": 0,
            "failed": false
        },
        {
            "index": 2,
            "input": 9.0,
            "run_time": 824616.0,
            "start_time": 1680008854879096578,
            "stop_time": 1680008854879921194,
            "ram_samples": [],
            "cpu_samples": [
                0.0,
                0.0,
                0.0,
                0.0,
                0.0,
                0.0,
                0.0,
                0.0,
                0.0,
                0.0,
                0.0,
                0.0,
                0.0,
                0.0,
                0.0,
                0.0
            ],
            "average_cpu_busy": 0.0,
            "user_cpu_time": 0.028362,
            "sys_cpu_time": 0.0,
            "total_cpu_time": 0.028362,
            "max_rss": 21824,
            "exit_code": 0,
            "failed": false
        },
        {
            "index": 3,
            "input": 9.0,
            "run_time": 910798.0,
            "start_time": 1680008854890092682,
            "stop_time": 1680008854891003480,
            "ram_samples": [],
            "cpu_samples": [
                0.0,
                0.0,
                0.0,
                0.0,
                0.0,
                0.0,
                0.0,
                0.0,
                0.0,
                0.0,
                0.0,
                0.0,
                0.0,
                0.0,
                0.0,
                0.0
            ],
            "average_cpu_busy": 0.0,
            "user_cpu_time": 0.028643,
            "sys_cpu_time": 0.0,
            "total_cpu_time": 0.028643,
            "max_rss": 21824,
            "exit_code": 0,
            "failed": false
        },
        {
            "index": 4,
            "input": 9.0,
            "run_time": 884238.0,
            "start_time": 1680008854901461034,
            "stop_time": 1680008854902345272,
            "ram_samples": [],
            "cpu_samples": [
                0.0,
                0.0,
                0.0,
                0.0,
                0.0,
                0.0,
                0.0,
                0.0,
                0.0,
                0.0,
                0.0,
                0.0,
                0.0,
                0.0,
                0.0,
                0.0
            ],
            "average_cpu_busy": 0.0,
            "user_cpu_time": 0.020302999999999998,
            "sys_cpu_time": 0.008121,
            "total_cpu_time": 0.028423999999999998,
            "max_rss": 21824,
            "exit_code": 0,
            "failed": false
        },
        {
            "index": 5,
            "input": 9.0,
            "run_time": 810651.0,
            "start_time": 1680008854912491352,
            "stop_time": 1680008854913302003,
            "ram_samples": [],
            "cpu_samples": [
                0.0,
                0.0,
                0.0,
                0.0,
                0.0,
                0.0,
                0.0,
                0.0,
                0.0,
                0.0,
                0.0,
                0.0,
                0.0,
                0.0,
                0.0,
                0.0
            ],
            "average_cpu_busy": 0.0,
            "user_cpu_time": 0.028502,
            "sys_cpu_time": 0.0,
            "total_cpu_time": 0.028502,
            "max_rss": 21828,
            "exit_code": 0,
            "failed": false
        }
    ]
}