{
    "bench": "fannkuchredux-2.rust",
    "language": "rust",
    "input": 11.0,
    "average_run_time": 938610.6666666666,
    "maximum_run_time": 1019902.0,
    "minimum_run_time": 886934.0,
    "average_cpu_time": 3.8099043333333333,
    "minimum_cpu_time": 3.777599,
    "maximum_cpu_time": 3.839437,
    "average_cpu_busy": 0,
    "average_ram_load": 0,
    "run_results": [
        {
            "index": 0,
            "input": 11.0,
            "run_time": 900950.0,
            "start_time": 1680008855434750276,
            "stop_time": 1680008855435651226,
            "ram_samples": [],
            "cpu_samples": [
                0.0,
                0.0,
                0.0,
                0.0,
                0.0,
                0.0,
                0.0,
                0.0,
                0.0,
                0.0,
                0.0,
                0.0,
                0.0,
                0.0,
                0.0,
                0.0
            ],
            "average_cpu_busy": 0.0,
            "user_cpu_time": 3.801408,
            "sys_cpu_time": 0.0,
            "total_cpu_time": 3.801408,
            "max_rss": 21844,
            "exit_code": 0,
            "failed": false
        },
        {
            "index": 1,
            "input": 11.0,
            "run_time": 1019902.0,
            "start_time": 1680008856403867796,
            "stop_time": 1680008856404887698,
            "ram_samples": [],
            "cpu_samples": [
                0.0,
                0.0,
                0.0,
                0.0,
                0.0,
                0.0,
                0.0,
                0.0,
                0.0,
                0.0,
                0.0,
                0.0,
                0.0,
                0.0,
                0.0,
                0.0
            ],
            "average_cpu_busy": 0.0,
            "user_cpu_time": 3.777599,
            "sys_cpu_time": 0.0,
            "total_cpu_time": 3.777599,
            "max_rss": 21848,
            "exit_code": 0,
            "failed": false
        },
        {
            "index": 2,
            "input": 11.0,
            "run_time": 921980.0,
            "start_time": 1680008857363842276,
            "stop_time": 1680008857364764256,
            "ram_samples": [],
            "cpu_samples": [
                0.0,
                0.0,
                0.0,
                0.0,
                0.0,
                0.0,
                0.0,
                0.0,
                0.0,
                0.0,
                0.0,
                0.0,
                0.0,
                0.0,
                0.0,
                0.0
            ],
            "average_cpu_busy": 0.0,
            "user_cpu_time": 3.805772,
            "sys_cpu_time": 0.0,
            "total_cpu_time": 3.805772,
            "max_rss": 21848,
            "exit_code": 0,
            "failed": false
        },
        {
            "index": 3,
            "input": 11.0,
            "run_time": 964309.0,
            "start_time": 1680008858334075338,
            "stop_time": 1680008858335039647,
            "ram_samples": [],
            "cpu_samples": [
                0.0,
                0.0,
                0.0,
                0.0,
                0.0,
                0.0,
                0.0,
                0.0,
                0.0,
                0.0,
                100.0,
                0.0,
                0.0,
                0.0,
                0.0,
                0.0
            ],
            "average_cpu_busy": 9.64309e-07,
            "user_cpu_time": 3.839437,
            "sys_cpu_time": 0.0,
            "total_cpu_time": 3.839437,
            "max_rss": 21852,
            "exit_code": 0,
            "failed": false
        },
        {
            "index": 4,
            "input": 11.0,
            "run_time": 886934.0,
            "start_time": 1680008859315007717,
            "stop_time": 1680008859315894651,
            "ram_samples": [],
            "cpu_samples": [
                0.0,
                0.0,
                0.0,
                0.0,
                0.0,
                0.0,
                0.0,
                0.0,
                0.0,
                0.0,
                0.0,
                0.0,
                0.0,
                0.0,
                0.0,
                0.0
            ],
            "average_cpu_busy": 0.0,
            "user_cpu_time": 3.8211649999999997,
            "sys_cpu_time": 0.0,
            "total_cpu_time": 3.8211649999999997,
            "max_rss": 21852,
            "exit_code": 0,
            "failed": false
        },
        {
            "index": 5,
            "input": 11.0,
            "run_time": 937589.0,
            "start_time": 1680008860289467526,
            "stop_time": 1680008860290405115,
            "ram_samples": [],
            "cpu_samples": [
                0.0,
                0.0,
                0.0,
                0.0,
                0.0,
                0.0,
                0.0,
                0.0,
                0.0,
                0.0,
                0.0,
                0.0,
                0.0,
                0.0,
                0.0,
                0.0
            ],
            "average_cpu_busy": 0.0,
            "user_cpu_time": 3.810048,
            "sys_cpu_time": 0.003997,
            "total_cpu_time": 3.814045,
            "max_rss": 21856,
            "exit_code": 0,
            "failed": false
        }
    ]
}