{
    "bench": "fannkuchredux-2.java",
    "language": "java",
    "input": 13.0,
    "average_run_time": 1183957.0,
    "maximum_run_time": 1284469.0,
    "minimum_run_time": 1094122.0,
    "average_cpu_time": 0.040391166666666665,
    "minimum_cpu_time": 0.038780999999999996,
    "maximum_cpu_time": 0.042973,
    "average_cpu_busy": 0,
    "average_ram_load": 0,
    "run_results": [
        {
            "index": 0,
            "input": 13.0,
            "run_time": 1094122.0,
            "start_time": 1680003243573663006,
            "stop_time": 1680003243574757128,
            "ram_samples": [],
            "cpu_samples": [
                0.0,
                0.0,
                0.0,
                0.0,
                0.0,
                0.0,
                0.0,
                0.0,
                0.0,
                0.0,
                0.0,
                0.0,
                0.0,
                0.0,
                0.0,
                0.0
            ],
            "average_cpu_busy": 0.0,
            "user_cpu_time": 0.033423999999999995,
            "sys_cpu_time": 0.009549,
            "total_cpu_time": 0.042973,
            "max_rss": 40576,
            "exit_code": 0,
            "failed": false
        },
        {
            "index": 1,
            "input": 13.0,
            "run_time": 1262387.0,
            "start_time": 1680003243620901105,
            "stop_time": 1680003243622163492,
            "ram_samples": [],
            "cpu_samples": [
                0.0,
                0.0,
                0.0,
                0.0,
                0.0,
                0.0,
                0.0,
                0.0,
                0.0,
                0.0,
                0.0,
                0.0,
                0.0,
                0.0,
                0.0,
                0.0
            ],
            "average_cpu_busy": 0.0,
            "user_cpu_time": 0.031963,
            "sys_cpu_time": 0.007103,
            "total_cpu_time": 0.039066,
            "max_rss": 39808,
            "exit_code": 0,
            "failed": false
        },
        {
            "index": 2,
            "input": 13.0,
            "run_time": 1154856.0,
            "start_time": 1680003243655008375,
            "stop_time": 1680003243656163231,
            "ram_samples": [],
            "cpu_samples": [
                0.0,
                0.0,
                0.0,
                0.0,
                0.0,
                0.0,
                0.0,
                0.0,
                0.0,
                0.0,
                0.0,
                0.0,
                0.0,
                0.0,
                0.0,
                0.0
            ],
            "average_cpu_busy": 0.0,
            "user_cpu_time": 0.029085999999999997,
            "sys_cpu_time": 0.009694999999999999,
            "total_cpu_time": 0.038780999999999996,
            "max_rss": 38912,
            "exit_code": 0,
            "failed": false
        },
        {
            "index": 3,
            "input": 13.0,
            "run_time": 1202645.0,
            "start_time": 1680003243688898018,
            "stop_time": 1680003243690100663,
            "ram_samples": [],
            "cpu_samples": [
                0.0,
                0.0,
                0.0,
                0.0,
                0.0,
                0.0,
                0.0,
                0.0,
                0.0,
                0.0,
                0.0,
                0.0,
                0.0,
                0.0,
                0.0,
                0.0
            ],
            "average_cpu_busy": 0.0,
            "user_cpu_time": 0.031251,
            "sys_cpu_time": 0.0078119999999999995,
            "total_cpu_time": 0.039063,
            "max_rss": 40576,
            "exit_code": 0,
            "failed": false
        },
        {
            "index": 4,
            "input": 13.0,
            "run_time": 1284469.0,
            "start_time": 1680003243732218639,
            "stop_time": 1680003243733503108,
            "ram_samples": [],
            "cpu_samples": [
                0.0,
                0.0,
                0.0,
                0.0,
                0.0,
                0.0,
                0.0,
                0.0,
                0.0,
                0.0,
                0.0,
                0.0,
                0.0,
                0.0,
                0.0,
                0.0
            ],
            "average_cpu_busy": 0.0,
            "user_cpu_time": 0.029488999999999998,
            "sys_cpu_time": 0.012638,
            "total_cpu_time": 0.042127,
            "max_rss": 39680,
            "exit_code": 0,
            "failed": false
        },
        {
            "index": 5,
            "input": 13.0,
            "run_time": 1105263.0,
            "start_time": 1680003243767593477,
            "stop_time": 1680003243768698740,
            "ram_samples": [],
            "cpu_samples": [
                0.0,
                0.0,
                0.0,
                0.0,
                0.0,
                0.0,
                0.0,
                0.0,
                0.0,
                0.0,
                0.0,
                0.0,
                0.0,
                0.0,
                0.0,
                0.0
            ],
            "average_cpu_busy": 0.0,
            "user_cpu_time": 0.035295,
            "sys_cpu_time": 0.005042,
            "total_cpu_time": 0.040337,
            "max_rss": 38656,
            "exit_code": 0,
            "failed": false
        }
    ]
}