{
    "bench": "fannkuchredux-4.rust",
    "language": "rust",
    "input": 9.0,
    "average_runtime": 989182.0,
    "average_cpu_busy": 1.70904e-07,
    "average_ram_load": 0,
    "run_results": [
        {
            "index": 0,
            "input": 9.0,
            "run_time": 977023.0,
            "start_time": 1679756238362726131,
            "stop_time": 1679756238363703154,
            "ram_samples": [],
            "cpu_samples": [
                0.0,
                0.0,
                0.0,
                0.0,
                0.0,
                0.0,
                0.0,
                0.0,
                0.0,
                0.0,
                0.0,
                0.0,
                0.0,
                0.0,
                0.0,
                0.0
            ],
            "average_cpu_busy": 0.0,
            "user_cpu_time": 0.0,
            "sys_cpu_time": 0.021168,
            "total_cpu_time": 0.021168,
            "max_rss": 18948,
            "exit_code": 0,
            "failed": false
        },
        {
            "index": 1,
            "input": 9.0,
            "run_time": 1025424.0,
            "start_time": 1679756238370179400,
            "stop_time": 1679756238371204824,
            "ram_samples": [],
            "cpu_samples": [
                0.0,
                0.0,
                100.0,
                0.0,
                0.0,
                0.0,
                0.0,
                0.0,
                0.0,
                0.0,
                0.0,
                0.0,
                0.0,
                0.0,
                0.0,
                0.0
            ],
            "average_cpu_busy": 1.025424e-06,
            "user_cpu_time": 0.018635,
            "sys_cpu_time": 0.0,
            "total_cpu_time": 0.018635,
            "max_rss": 18948,
            "exit_code": 0,
            "failed": false
        },
        {
            "index": 2,
            "input": 9.0,
            "run_time": 894988.0,
            "start_time": 1679756238377284106,
            "stop_time": 1679756238378179094,
            "ram_samples": [],
            "cpu_samples": [
                0.0,
                0.0,
                0.0,
                0.0,
                0.0,
                0.0,
                0.0,
                0.0,
                0.0,
                0.0,
                0.0,
                0.0,
                0.0,
                0.0,
                0.0,
                0.0
            ],
            "average_cpu_busy": 0.0,
            "user_cpu_time": 0.0,
            "sys_cpu_time": 0.018147,
            "total_cpu_time": 0.018147,
            "max_rss": 18948,
            "exit_code": 0,
            "failed": false
        },
        {
            "index": 3,
            "input": 9.0,
            "run_time": 909115.0,
            "start_time": 1679756238383424242,
            "stop_time": 1679756238384333357,
            "ram_samples": [],
            "cpu_samples": [
                0.0,
                0.0,
                0.0,
                0.0,
                0.0,
                0.0,
                0.0,
                0.0,
                0.0,
                0.0,
                0.0,
                0.0,
                0.0,
                0.0,
                0.0,
                0.0
            ],
            "average_cpu_busy": 0.0,
            "user_cpu_time": 0.0,
            "sys_cpu_time": 0.018442,
            "total_cpu_time": 0.018442,
            "max_rss": 18952,
            "exit_code": 0,
            "failed": false
        },
        {
            "index": 4,
            "input": 9.0,
            "run_time": 921779.0,
            "start_time": 1679756238389690675,
            "stop_time": 1679756238390612454,
            "ram_samples": [],
            "cpu_samples": [
                0.0,
                0.0,
                0.0,
                0.0,
                0.0,
                0.0,
                0.0,
                0.0,
                0.0,
                0.0,
                0.0,
                0.0,
                0.0,
                0.0,
                0.0,
                0.0
            ],
            "average_cpu_busy": 0.0,
            "user_cpu_time": 0.0,
            "sys_cpu_time": 0.018262,
            "total_cpu_time": 0.018262,
            "max_rss": 18956,
            "exit_code": 0,
            "failed": false
        },
        {
            "index": 5,
            "input": 9.0,
            "run_time": 1206763.0,
            "start_time": 1679756238396167493,
            "stop_time": 1679756238397374256,
            "ram_samples": [],
            "cpu_samples": [
                0.0,
                0.0,
                0.0,
                0.0,
                0.0,
                0.0,
                0.0,
                0.0,
                0.0,
                0.0,
                0.0,
                0.0,
                0.0,
                0.0,
                0.0,
                0.0
            ],
            "average_cpu_busy": 0.0,
            "user_cpu_time": 0.018311,
            "sys_cpu_time": 0.0,
            "total_cpu_time": 0.018311,
            "max_rss": 18960,
            "exit_code": 0,
            "failed": false
        }
    ]
}