{
    "bench": "fannkuchredux-2.java",
    "language": "java",
    "input": 10.0,
    "average_run_time": 1131438.8333333333,
    "maximum_run_time": 1162170.0,
    "minimum_run_time": 1109711.0,
    "average_cpu_time": 0.037994,
    "minimum_cpu_time": 0.037093,
    "maximum_cpu_time": 0.038945999999999995,
    "average_cpu_busy": 0,
    "average_ram_load": 0,
    "run_results": [
        {
            "index": 0,
            "input": 10.0,
            "run_time": 1162170.0,
            "start_time": 1680003242874583222,
            "stop_time": 1680003242875745392,
            "ram_samples": [],
            "cpu_samples": [
                0.0,
                0.0,
                0.0,
                0.0,
                0.0,
                0.0,
                0.0,
                0.0,
                0.0,
                0.0,
                0.0,
                0.0,
                0.0,
                0.0,
                0.0,
                0.0
            ],
            "average_cpu_busy": 0.0,
            "user_cpu_time": 0.024728999999999998,
            "sys_cpu_time": 0.012364,
            "total_cpu_time": 0.037093,
            "max_rss": 38912,
            "exit_code": 0,
            "failed": false
        },
        {
            "index": 1,
            "input": 10.0,
            "run_time": 1132364.0,
            "start_time": 1680003242907242246,
            "stop_time": 1680003242908374610,
            "ram_samples": [],
            "cpu_samples": [
                0.0,
                0.0,
                0.0,
                0.0,
                0.0,
                0.0,
                0.0,
                0.0,
                0.0,
                0.0,
                0.0,
                0.0,
                0.0,
                0.0,
                0.0,
                0.0
            ],
            "average_cpu_busy": 0.0,
            "user_cpu_time": 0.025963999999999997,
            "sys_cpu_time": 0.012981999999999999,
            "total_cpu_time": 0.038945999999999995,
            "max_rss": 40704,
            "exit_code": 0,
            "failed": false
        },
        {
            "index": 2,
            "input": 10.0,
            "run_time": 1109711.0,
            "start_time": 1680003242950403268,
            "stop_time": 1680003242951512979,
            "ram_samples": [],
            "cpu_samples": [
                0.0,
                0.0,
                0.0,
                0.0,
                0.0,
                0.0,
                0.0,
                0.0,
                0.0,
                0.0,
                0.0,
                0.0,
                0.0,
                0.0,
                0.0,
                0.0
            ],
            "average_cpu_busy": 0.0,
            "user_cpu_time": 0.033860999999999995,
            "sys_cpu_time": 0.004232,
            "total_cpu_time": 0.038092999999999995,
            "max_rss": 38912,
            "exit_code": 0,
            "failed": false
        },
        {
            "index": 3,
            "input": 10.0,
            "run_time": 1158994.0,
            "start_time": 1680003242993717567,
            "stop_time": 1680003242994876561,
            "ram_samples": [],
            "cpu_samples": [
                0.0,
                100.0,
                0.0,
                0.0,
                0.0,
                0.0,
                0.0,
                0.0,
                0.0,
                0.0,
                0.0,
                0.0,
                0.0,
                0.0,
                100.0,
                0.0
            ],
            "average_cpu_busy": 2.317988e-06,
            "user_cpu_time": 0.023247,
            "sys_cpu_time": 0.015498,
            "total_cpu_time": 0.038745,
            "max_rss": 38912,
            "exit_code": 0,
            "failed": false
        },
        {
            "index": 4,
            "input": 10.0,
            "run_time": 1111745.0,
            "start_time": 1680003243027235142,
            "stop_time": 1680003243028346887,
            "ram_samples": [],
            "cpu_samples": [
                0.0,
                0.0,
                0.0,
                0.0,
                0.0,
                0.0,
                0.0,
                0.0,
                0.0,
                0.0,
                0.0,
                0.0,
                0.0,
                0.0,
                0.0,
                0.0
            ],
            "average_cpu_busy": 0.0,
            "user_cpu_time": 0.021286,
            "sys_cpu_time": 0.015964,
            "total_cpu_time": 0.03725,
            "max_rss": 39552,
            "exit_code": 0,
            "failed": false
        },
        {
            "index": 5,
            "input": 10.0,
            "run_time": 1113649.0,
            "start_time": 1680003243059942577,
            "stop_time": 1680003243061056226,
            "ram_samples": [],
            "cpu_samples": [
                0.0,
                0.0,
                0.0,
                0.0,
                0.0,
                0.0,
                0.0,
                0.0,
                0.0,
                0.0,
                0.0,
                0.0,
                0.0,
                0.0,
                0.0,
                0.0
            ],
            "average_cpu_busy": 0.0,
            "user_cpu_time": 0.025224999999999997,
            "sys_cpu_time": 0.012612,
            "total_cpu_time": 0.037836999999999996,
            "max_rss": 39168,
            "exit_code": 0,
            "failed": false
        }
    ]
}