{
    "bench": "fannkuchredux-4.c",
    "language": "c",
    "input": 10.0,
    "average_runtime": 1047903.5,
    "average_cpu_busy": 0.0,
    "average_ram_load": 0,
    "run_results": [
        {
            "index": 0,
            "input": 10.0,
            "run_time": 963367.0,
            "start_time": 1679663720204558853,
            "stop_time": 1679663720205522220,
            "ram_samples": [],
            "cpu_samples": [
                0.0,
                0.0,
                0.0,
                0.0,
                0.0,
                0.0,
                0.0,
                0.0,
                0.0,
                0.0,
                0.0,
                0.0,
                0.0,
                0.0,
                0.0,
                0.0
            ],
            "average_cpu_busy": 0.0,
            "user_cpu_time": 0.079413,
            "sys_cpu_time": 0.0,
            "total_cpu_time": 0.079413,
            "max_rss": 18676,
            "exit_code": 0,
            "failed": false
        },
        {
            "index": 1,
            "input": 10.0,
            "run_time": 1286624.0,
            "start_time": 1679663720289080824,
            "stop_time": 1679663720290367448,
            "ram_samples": [],
            "cpu_samples": [
                0.0,
                0.0,
                0.0,
                0.0,
                0.0,
                0.0,
                0.0,
                0.0,
                0.0,
                0.0,
                0.0,
                0.0,
                0.0,
                0.0,
                0.0,
                0.0
            ],
            "average_cpu_busy": 0.0,
            "user_cpu_time": 0.07973899999999999,
            "sys_cpu_time": 0.003986,
            "total_cpu_time": 0.083725,
            "max_rss": 18684,
            "exit_code": 0,
            "failed": false
        },
        {
            "index": 2,
            "input": 10.0,
            "run_time": 922991.0,
            "start_time": 1679663720378160186,
            "stop_time": 1679663720379083177,
            "ram_samples": [],
            "cpu_samples": [
                0.0,
                0.0,
                0.0,
                0.0,
                0.0,
                0.0,
                0.0,
                0.0,
                0.0,
                0.0,
                0.0,
                0.0,
                0.0,
                0.0,
                0.0,
                0.0
            ],
            "average_cpu_busy": 0.0,
            "user_cpu_time": 0.07930999999999999,
            "sys_cpu_time": 0.0,
            "total_cpu_time": 0.07930999999999999,
            "max_rss": 18684,
            "exit_code": 0,
            "failed": false
        },
        {
            "index": 3,
            "input": 10.0,
            "run_time": 1054511.0,
            "start_time": 1679663720462094096,
            "stop_time": 1679663720463148607,
            "ram_samples": [],
            "cpu_samples": [
                0.0,
                0.0,
                0.0,
                0.0,
                0.0,
                0.0,
                0.0,
                0.0,
                0.0,
                0.0,
                0.0,
                0.0,
                0.0,
                0.0,
                0.0,
                0.0
            ],
            "average_cpu_busy": 0.0,
            "user_cpu_time": 0.079368,
            "sys_cpu_time": 0.0,
            "total_cpu_time": 0.079368,
            "max_rss": 18684,
            "exit_code": 0,
            "failed": false
        },
        {
            "index": 4,
            "input": 10.0,
            "run_time": 1093124.0,
            "start_time": 1679663720546059196,
            "stop_time": 1679663720547152320,
            "ram_samples": [],
            "cpu_samples": [
                0.0,
                0.0,
                0.0,
                0.0,
                0.0,
                0.0,
                0.0,
                0.0,
                0.0,
                0.0,
                0.0,
                0.0,
                0.0,
                0.0,
                0.0,
                0.0
            ],
            "average_cpu_busy": 0.0,
            "user_cpu_time": 0.080137,
            "sys_cpu_time": 0.0,
            "total_cpu_time": 0.080137,
            "max_rss": 18680,
            "exit_code": 0,
            "failed": false
        },
        {
            "index": 5,
            "input": 10.0,
            "run_time": 966804.0,
            "start_time": 1679663720631012319,
            "stop_time": 1679663720631979123,
            "ram_samples": [],
            "cpu_samples": [
                0.0,
                0.0,
                0.0,
                0.0,
                0.0,
                0.0,
                0.0,
                0.0,
                0.0,
                0.0,
                0.0,
                0.0,
                0.0,
                0.0,
                0.0,
                0.0
            ],
            "average_cpu_busy": 0.0,
            "user_cpu_time": 0.079855,
            "sys_cpu_time": 0.0,
            "total_cpu_time": 0.079855,
            "max_rss": 18684,
            "exit_code": 0,
            "failed": false
        }
    ]
}