{
    "bench": "fannkuchredux-2.c",
    "language": "c",
    "input": 10.0,
    "average_run_time": 946366.5,
    "maximum_run_time": 1101305.0,
    "minimum_run_time": 898726.0,
    "average_cpu_time": 0.20416283333333332,
    "minimum_cpu_time": 0.202401,
    "maximum_cpu_time": 0.209809,
    "average_cpu_busy": 0,
    "average_ram_load": 0,
    "run_results": [
        {
            "index": 0,
            "input": 10.0,
            "run_time": 898726.0,
            "start_time": 1680008800593917004,
            "stop_time": 1680008800594815730,
            "ram_samples": [],
            "cpu_samples": [
                0.0,
                0.0,
                0.0,
                0.0,
                0.0,
                0.0,
                0.0,
                0.0,
                0.0,
                0.0,
                0.0,
                0.0,
                0.0,
                0.0,
                0.0,
                0.0
            ],
            "average_cpu_busy": 0.0,
            "user_cpu_time": 0.198513,
            "sys_cpu_time": 0.004135,
            "total_cpu_time": 0.202648,
            "max_rss": 21752,
            "exit_code": 0,
            "failed": false
        },
        {
            "index": 1,
            "input": 10.0,
            "run_time": 905669.0,
            "start_time": 1680008800650278243,
            "stop_time": 1680008800651183912,
            "ram_samples": [],
            "cpu_samples": [
                0.0,
                0.0,
                0.0,
                0.0,
                0.0,
                0.0,
                0.0,
                0.0,
                0.0,
                0.0,
                0.0,
                0.0,
                100.0,
                0.0,
                0.0,
                0.0
            ],
            "average_cpu_busy": 9.05669e-07,
            "user_cpu_time": 0.20246599999999998,
            "sys_cpu_time": 0.0,
            "total_cpu_time": 0.20246599999999998,
            "max_rss": 21752,
            "exit_code": 0,
            "failed": false
        },
        {
            "index": 2,
            "input": 10.0,
            "run_time": 899427.0,
            "start_time": 1680008800707061785,
            "stop_time": 1680008800707961212,
            "ram_samples": [],
            "cpu_samples": [
                0.0,
                0.0,
                0.0,
                0.0,
                0.0,
                0.0,
                0.0,
                0.0,
                0.0,
                0.0,
                0.0,
                0.0,
                0.0,
                0.0,
                0.0,
                0.0
            ],
            "average_cpu_busy": 0.0,
            "user_cpu_time": 0.209809,
            "sys_cpu_time": 0.0,
            "total_cpu_time": 0.209809,
            "max_rss": 21752,
            "exit_code": 0,
            "failed": false
        },
        {
            "index": 3,
            "input": 10.0,
            "run_time": 1101305.0,
            "start_time": 1680008800766885058,
            "stop_time": 1680008800767986363,
            "ram_samples": [],
            "cpu_samples": [
                0.0,
                0.0,
                0.0,
                0.0,
                0.0,
                0.0,
                0.0,
                0.0,
                0.0,
                0.0,
                0.0,
                0.0,
                0.0,
                0.0,
                0.0,
                0.0
            ],
            "average_cpu_busy": 0.0,
            "user_cpu_time": 0.20277699999999999,
            "sys_cpu_time": 0.0,
            "total_cpu_time": 0.20277699999999999,
            "max_rss": 21752,
            "exit_code": 0,
            "failed": false
        },
        {
            "index": 4,
            "input": 10.0,
            "run_time": 937488.0,
            "start_time": 1680008800823876239,
            "stop_time": 1680008800824813727,
            "ram_samples": [],
            "cpu_samples": [
                0.0,
                0.0,
                0.0,
                0.0,
                0.0,
                0.0,
                0.0,
                0.0,
                0.0,
                0.0,
                0.0,
                0.0,
                0.0,
                0.0,
                0.0,
                0.0
            ],
            "average_cpu_busy": 0.0,
            "user_cpu_time": 0.200937,
            "sys_cpu_time": 0.003939,
            "total_cpu_time": 0.204876,
            "max_rss": 21756,
            "exit_code": 0,
            "failed": false
        },
        {
            "index": 5,
            "input": 10.0,
            "run_time": 935584.0,
            "start_time": 1680008800881963446,
            "stop_time": 1680008800882899030,
            "ram_samples": [],
            "cpu_samples": [
                0.0,
                100.0,
                0.0,
                0.0,
                0.0,
                0.0,
                0.0,
                0.0,
                0.0,
                0.0,
                0.0,
                0.0,
                0.0,
                0.0,
                0.0,
                0.0
            ],
            "average_cpu_busy": 9.35584e-07,
            "user_cpu_time": 0.198271,
            "sys_cpu_time": 0.00413,
            "total_cpu_time": 0.202401,
            "max_rss": 21756,
            "exit_code": 0,
            "failed": false
        }
    ]
}