{
    "bench": "fannkuchredux-1.java",
    "language": "java",
    "input": 10.0,
    "average_runtime": 1265977.6666666667,
    "average_cpu_busy": 4.176233333333333e-07,
    "average_ram_load": 0,
    "run_results": [
        {
            "index": 0,
            "input": 10.0,
            "run_time": 1142322.0,
            "start_time": 1679835095151068159,
            "stop_time": 1679835095152210481,
            "ram_samples": [],
            "cpu_samples": [
                0.0,
                0.0,
                0.0,
                0.0,
                0.0,
                0.0,
                0.0,
                0.0,
                0.0,
                0.0,
                0.0,
                0.0,
                0.0,
                0.0,
                0.0,
                0.0
            ],
            "average_cpu_busy": 0.0,
            "user_cpu_time": 42.544381,
            "sys_cpu_time": 0.039921,
            "total_cpu_time": 42.584302,
            "max_rss": 43600,
            "exit_code": 0,
            "failed": false
        },
        {
            "index": 1,
            "input": 10.0,
            "run_time": 1477662.0,
            "start_time": 1679835097987331243,
            "stop_time": 1679835097988808905,
            "ram_samples": [],
            "cpu_samples": [
                0.0,
                0.0,
                0.0,
                0.0,
                0.0,
                0.0,
                0.0,
                0.0,
                0.0,
                0.0,
                0.0,
                0.0,
                0.0,
                0.0,
                0.0,
                0.0
            ],
            "average_cpu_busy": 0.0,
            "user_cpu_time": 45.697975,
            "sys_cpu_time": 0.06390699999999999,
            "total_cpu_time": 45.761882,
            "max_rss": 42948,
            "exit_code": 0,
            "failed": false
        },
        {
            "index": 2,
            "input": 10.0,
            "run_time": 1203347.0,
            "start_time": 1679835101031238089,
            "stop_time": 1679835101032441436,
            "ram_samples": [],
            "cpu_samples": [
                0.0,
                0.0,
                0.0,
                0.0,
                0.0,
                0.0,
                0.0,
                0.0,
                0.0,
                0.0,
                0.0,
                0.0,
                0.0,
                0.0,
                0.0,
                0.0
            ],
            "average_cpu_busy": 0.0,
            "user_cpu_time": 45.744062,
            "sys_cpu_time": 0.059973,
            "total_cpu_time": 45.804035,
            "max_rss": 42836,
            "exit_code": 0,
            "failed": false
        },
        {
            "index": 3,
            "input": 10.0,
            "run_time": 1303184.0,
            "start_time": 1679835104103819295,
            "stop_time": 1679835104105122479,
            "ram_samples": [],
            "cpu_samples": [
                0.0,
                0.0,
                0.0,
                0.0,
                0.0,
                0.0,
                0.0,
                0.0,
                0.0,
                0.0,
                0.0,
                0.0,
                0.0,
                0.0,
                0.0,
                0.0
            ],
            "average_cpu_busy": 0.0,
            "user_cpu_time": 42.721166,
            "sys_cpu_time": 0.08411199999999999,
            "total_cpu_time": 42.805277999999994,
            "max_rss": 43232,
            "exit_code": 0,
            "failed": false
        },
        {
            "index": 4,
            "input": 10.0,
            "run_time": 1252870.0,
            "start_time": 1679835106938223052,
            "stop_time": 1679835106939475922,
            "ram_samples": [],
            "cpu_samples": [
                0.0,
                0.0,
                0.0,
                0.0,
                0.0,
                100.0,
                0.0,
                0.0,
                0.0,
                100.0,
                0.0,
                0.0,
                0.0,
                0.0,
                0.0,
                0.0
            ],
            "average_cpu_busy": 2.50574e-06,
            "user_cpu_time": 39.958938,
            "sys_cpu_time": 0.104226,
            "total_cpu_time": 40.063164,
            "max_rss": 43200,
            "exit_code": 0,
            "failed": false
        },
        {
            "index": 5,
            "input": 10.0,
            "run_time": 1216481.0,
            "start_time": 1679835109724259684,
            "stop_time": 1679835109725476165,
            "ram_samples": [],
            "cpu_samples": [
                0.0,
                0.0,
                0.0,
                0.0,
                0.0,
                0.0,
                0.0,
                0.0,
                0.0,
                0.0,
                0.0,
                0.0,
                0.0,
                0.0,
                0.0,
                0.0
            ],
            "average_cpu_busy": 0.0,
            "user_cpu_time": 42.73341,
            "sys_cpu_time": 0.15104299999999998,
            "total_cpu_time": 42.884453,
            "max_rss": 42872,
            "exit_code": 0,
            "failed": false
        }
    ],
    "maximum_runtime": 1477662.0,
    "minimum_runtime": 1142322.0
}