{
    "bench": "fannkuchredux-3.c",
    "language": "c",
    "input": 10.0,
    "average_runtime": 1006372.3333333334,
    "average_cpu_busy": 0.0,
    "average_ram_load": 0,
    "run_results": [
        {
            "index": 0,
            "input": 10.0,
            "run_time": 852786.0,
            "start_time": 1679663718052967696,
            "stop_time": 1679663718053820482,
            "ram_samples": [],
            "cpu_samples": [
                0.0,
                0.0,
                0.0,
                0.0,
                0.0,
                0.0,
                0.0,
                0.0,
                0.0,
                0.0,
                0.0,
                0.0,
                0.0,
                0.0,
                0.0,
                0.0
            ],
            "average_cpu_busy": 0.0,
            "user_cpu_time": 0.203143,
            "sys_cpu_time": 0.0,
            "total_cpu_time": 0.203143,
            "max_rss": 18596,
            "exit_code": 0,
            "failed": false
        },
        {
            "index": 1,
            "input": 10.0,
            "run_time": 1260404.0,
            "start_time": 1679663718261193988,
            "stop_time": 1679663718262454392,
            "ram_samples": [],
            "cpu_samples": [
                0.0,
                0.0,
                0.0,
                0.0,
                0.0,
                0.0,
                0.0,
                0.0,
                0.0,
                0.0,
                0.0,
                0.0,
                0.0,
                0.0,
                0.0,
                0.0
            ],
            "average_cpu_busy": 0.0,
            "user_cpu_time": 0.203084,
            "sys_cpu_time": 0.0,
            "total_cpu_time": 0.203084,
            "max_rss": 18596,
            "exit_code": 0,
            "failed": false
        },
        {
            "index": 2,
            "input": 10.0,
            "run_time": 876481.0,
            "start_time": 1679663718469131319,
            "stop_time": 1679663718470007800,
            "ram_samples": [],
            "cpu_samples": [
                0.0,
                0.0,
                0.0,
                0.0,
                0.0,
                0.0,
                0.0,
                0.0,
                0.0,
                0.0,
                0.0,
                0.0,
                0.0,
                0.0,
                0.0,
                0.0
            ],
            "average_cpu_busy": 0.0,
            "user_cpu_time": 0.202392,
            "sys_cpu_time": 0.0,
            "total_cpu_time": 0.202392,
            "max_rss": 18596,
            "exit_code": 0,
            "failed": false
        },
        {
            "index": 3,
            "input": 10.0,
            "run_time": 935173.0,
            "start_time": 1679663718675463459,
            "stop_time": 1679663718676398632,
            "ram_samples": [],
            "cpu_samples": [
                0.0,
                0.0,
                0.0,
                0.0,
                0.0,
                0.0,
                0.0,
                0.0,
                0.0,
                0.0,
                0.0,
                0.0,
                0.0,
                0.0,
                0.0,
                0.0
            ],
            "average_cpu_busy": 0.0,
            "user_cpu_time": 0.204614,
            "sys_cpu_time": 0.0,
            "total_cpu_time": 0.204614,
            "max_rss": 18660,
            "exit_code": 0,
            "failed": false
        },
        {
            "index": 4,
            "input": 10.0,
            "run_time": 1154872.0,
            "start_time": 1679663718885025999,
            "stop_time": 1679663718886180871,
            "ram_samples": [],
            "cpu_samples": [
                0.0,
                0.0,
                0.0,
                0.0,
                0.0,
                0.0,
                0.0,
                0.0,
                0.0,
                0.0,
                0.0,
                0.0,
                0.0,
                0.0,
                0.0,
                0.0
            ],
            "average_cpu_busy": 0.0,
            "user_cpu_time": 0.201812,
            "sys_cpu_time": 0.0,
            "total_cpu_time": 0.201812,
            "max_rss": 18664,
            "exit_code": 0,
            "failed": false
        },
        {
            "index": 5,
            "input": 10.0,
            "run_time": 958518.0,
            "start_time": 1679663719092142134,
            "stop_time": 1679663719093100652,
            "ram_samples": [],
            "cpu_samples": [
                0.0,
                0.0,
                0.0,
                0.0,
                0.0,
                0.0,
                0.0,
                0.0,
                0.0,
                0.0,
                0.0,
                0.0,
                0.0,
                0.0,
                0.0,
                0.0
            ],
            "average_cpu_busy": 0.0,
            "user_cpu_time": 0.205304,
            "sys_cpu_time": 0.0,
            "total_cpu_time": 0.205304,
            "max_rss": 18604,
            "exit_code": 0,
            "failed": false
        }
    ]
}