{
    "bench": "fannkuchredux-5.rust",
    "language": "rust",
    "input": 10.0,
    "average_runtime": 932067.3333333334,
    "average_cpu_busy": 1.5156066666666667e-07,
    "average_ram_load": 0,
    "run_results": [
        {
            "index": 0,
            "input": 10.0,
            "run_time": 928010.0,
            "start_time": 1679663717729384180,
            "stop_time": 1679663717730312190,
            "ram_samples": [],
            "cpu_samples": [
                0.0,
                0.0,
                0.0,
                0.0,
                0.0,
                0.0,
                0.0,
                0.0,
                0.0,
                0.0,
                0.0,
                0.0,
                0.0,
                0.0,
                0.0,
                0.0
            ],
            "average_cpu_busy": 0.0,
            "user_cpu_time": 0.141986,
            "sys_cpu_time": 0.004437,
            "total_cpu_time": 0.146423,
            "max_rss": 18620,
            "exit_code": 0,
            "failed": false
        },
        {
            "index": 1,
            "input": 10.0,
            "run_time": 896530.0,
            "start_time": 1679663717747387062,
            "stop_time": 1679663717748283592,
            "ram_samples": [],
            "cpu_samples": [
                0.0,
                0.0,
                0.0,
                0.0,
                0.0,
                0.0,
                0.0,
                0.0,
                0.0,
                0.0,
                0.0,
                0.0,
                0.0,
                0.0,
                0.0,
                0.0
            ],
            "average_cpu_busy": 0.0,
            "user_cpu_time": 0.14789,
            "sys_cpu_time": 0.0,
            "total_cpu_time": 0.14789,
            "max_rss": 18564,
            "exit_code": 0,
            "failed": false
        },
        {
            "index": 2,
            "input": 10.0,
            "run_time": 909364.0,
            "start_time": 1679663717765837085,
            "stop_time": 1679663717766746449,
            "ram_samples": [],
            "cpu_samples": [
                0.0,
                0.0,
                0.0,
                0.0,
                0.0,
                0.0,
                100.0,
                0.0,
                0.0,
                0.0,
                0.0,
                0.0,
                0.0,
                0.0,
                0.0,
                0.0
            ],
            "average_cpu_busy": 9.09364e-07,
            "user_cpu_time": 0.149559,
            "sys_cpu_time": 0.0,
            "total_cpu_time": 0.149559,
            "max_rss": 18628,
            "exit_code": 0,
            "failed": false
        },
        {
            "index": 3,
            "input": 10.0,
            "run_time": 918912.0,
            "start_time": 1679663717784212407,
            "stop_time": 1679663717785131319,
            "ram_samples": [],
            "cpu_samples": [
                0.0,
                0.0,
                0.0,
                0.0,
                0.0,
                0.0,
                0.0,
                0.0,
                0.0,
                0.0,
                0.0,
                0.0,
                0.0,
                0.0,
                0.0,
                0.0
            ],
            "average_cpu_busy": 0.0,
            "user_cpu_time": 0.143044,
            "sys_cpu_time": 0.0036669999999999997,
            "total_cpu_time": 0.146711,
            "max_rss": 18568,
            "exit_code": 0,
            "failed": false
        },
        {
            "index": 4,
            "input": 10.0,
            "run_time": 975089.0,
            "start_time": 1679663717802798179,
            "stop_time": 1679663717803773268,
            "ram_samples": [],
            "cpu_samples": [
                0.0,
                0.0,
                0.0,
                0.0,
                0.0,
                0.0,
                0.0,
                0.0,
                0.0,
                0.0,
                0.0,
                0.0,
                0.0,
                0.0,
                0.0,
                0.0
            ],
            "average_cpu_busy": 0.0,
            "user_cpu_time": 0.14388099999999998,
            "sys_cpu_time": 0.0042309999999999995,
            "total_cpu_time": 0.148112,
            "max_rss": 18568,
            "exit_code": 0,
            "failed": false
        },
        {
            "index": 5,
            "input": 10.0,
            "run_time": 964499.0,
            "start_time": 1679663717822023291,
            "stop_time": 1679663717822987790,
            "ram_samples": [],
            "cpu_samples": [
                0.0,
                0.0,
                0.0,
                0.0,
                0.0,
                0.0,
                0.0,
                0.0,
                0.0,
                0.0,
                0.0,
                0.0,
                0.0,
                0.0,
                0.0,
                0.0
            ],
            "average_cpu_busy": 0.0,
            "user_cpu_time": 0.149697,
            "sys_cpu_time": 0.0,
            "total_cpu_time": 0.149697,
            "max_rss": 18568,
            "exit_code": 0,
            "failed": false
        }
    ]
}