{
    "bench": "fannkuchredux-2.c",
    "language": "c",
    "input": 10.0,
    "average_run_time": 946428.5,
    "maximum_run_time": 1159906.0,
    "minimum_run_time": 891342.0,
    "average_cpu_time": 0.205985,
    "minimum_cpu_time": 0.203417,
    "maximum_cpu_time": 0.208028,
    "average_cpu_busy": 0,
    "average_ram_load": 0,
    "run_results": [
        {
            "index": 0,
            "input": 10.0,
            "run_time": 905348.0,
            "start_time": 1679838390735271888,
            "stop_time": 1679838390736177236,
            "ram_samples": [],
            "cpu_samples": [
                0.0,
                0.0,
                0.0,
                0.0,
                0.0,
                0.0,
                0.0,
                0.0,
                0.0,
                0.0,
                0.0,
                0.0,
                0.0,
                0.0,
                0.0,
                0.0
            ],
            "average_cpu_busy": 0.0,
            "user_cpu_time": 0.203417,
            "sys_cpu_time": 0.0,
            "total_cpu_time": 0.203417,
            "max_rss": 19304,
            "exit_code": 0,
            "failed": false
        },
        {
            "index": 1,
            "input": 10.0,
            "run_time": 893386.0,
            "start_time": 1679838390791698109,
            "stop_time": 1679838390792591495,
            "ram_samples": [],
            "cpu_samples": [
                0.0,
                0.0,
                0.0,
                0.0,
                0.0,
                0.0,
                0.0,
                0.0,
                0.0,
                0.0,
                0.0,
                0.0,
                0.0,
                0.0,
                0.0,
                0.0
            ],
            "average_cpu_busy": 0.0,
            "user_cpu_time": 0.208028,
            "sys_cpu_time": 0.0,
            "total_cpu_time": 0.208028,
            "max_rss": 19308,
            "exit_code": 0,
            "failed": false
        },
        {
            "index": 2,
            "input": 10.0,
            "run_time": 923973.0,
            "start_time": 1679838390851289187,
            "stop_time": 1679838390852213160,
            "ram_samples": [],
            "cpu_samples": [
                0.0,
                0.0,
                0.0,
                0.0,
                0.0,
                0.0,
                0.0,
                0.0,
                0.0,
                0.0,
                0.0,
                0.0,
                0.0,
                0.0,
                0.0,
                0.0
            ],
            "average_cpu_busy": 0.0,
            "user_cpu_time": 0.20565599999999998,
            "sys_cpu_time": 0.0,
            "total_cpu_time": 0.20565599999999998,
            "max_rss": 19308,
            "exit_code": 0,
            "failed": false
        },
        {
            "index": 3,
            "input": 10.0,
            "run_time": 904616.0,
            "start_time": 1679838390909182019,
            "stop_time": 1679838390910086635,
            "ram_samples": [],
            "cpu_samples": [
                0.0,
                0.0,
                0.0,
                0.0,
                0.0,
                0.0,
                0.0,
                0.0,
                0.0,
                0.0,
                0.0,
                0.0,
                0.0,
                0.0,
                0.0,
                0.0
            ],
            "average_cpu_busy": 0.0,
            "user_cpu_time": 0.206083,
            "sys_cpu_time": 0.0,
            "total_cpu_time": 0.206083,
            "max_rss": 19308,
            "exit_code": 0,
            "failed": false
        },
        {
            "index": 4,
            "input": 10.0,
            "run_time": 891342.0,
            "start_time": 1679838390967189245,
            "stop_time": 1679838390968080587,
            "ram_samples": [],
            "cpu_samples": [
                0.0,
                0.0,
                0.0,
                0.0,
                0.0,
                0.0,
                0.0,
                0.0,
                0.0,
                0.0,
                0.0,
                0.0,
                0.0,
                0.0,
                0.0,
                0.0
            ],
            "average_cpu_busy": 0.0,
            "user_cpu_time": 0.204876,
            "sys_cpu_time": 0.0,
            "total_cpu_time": 0.204876,
            "max_rss": 19308,
            "exit_code": 0,
            "failed": false
        },
        {
            "index": 5,
            "input": 10.0,
            "run_time": 1159906.0,
            "start_time": 1679838391024559918,
            "stop_time": 1679838391025719824,
            "ram_samples": [],
            "cpu_samples": [
                0.0,
                0.0,
                0.0,
                0.0,
                0.0,
                0.0,
                0.0,
                0.0,
                0.0,
                0.0,
                0.0,
                0.0,
                0.0,
                0.0,
                0.0,
                0.0
            ],
            "average_cpu_busy": 0.0,
            "user_cpu_time": 0.20784999999999998,
            "sys_cpu_time": 0.0,
            "total_cpu_time": 0.20784999999999998,
            "max_rss": 19308,
            "exit_code": 0,
            "failed": false
        }
    ]
}