{
    "bench": "fannkuchredux-4.c",
    "language": "c",
    "input": 10.0,
    "average_runtime": 999807.0,
    "average_cpu_busy": 0.0,
    "average_ram_load": 0,
    "run_results": [
        {
            "index": 0,
            "input": 10.0,
            "run_time": 949411.0,
            "start_time": 1679756573689733380,
            "stop_time": 1679756573690682791,
            "ram_samples": [],
            "cpu_samples": [
                0.0,
                0.0,
                0.0,
                0.0,
                0.0,
                0.0,
                0.0,
                0.0,
                0.0,
                0.0,
                0.0,
                0.0,
                0.0,
                0.0,
                0.0,
                0.0
            ],
            "average_cpu_busy": 0.0,
            "user_cpu_time": 0.07546699999999999,
            "sys_cpu_time": 0.007546,
            "total_cpu_time": 0.08301299999999999,
            "max_rss": 19040,
            "exit_code": 0,
            "failed": false
        },
        {
            "index": 1,
            "input": 10.0,
            "run_time": 1108419.0,
            "start_time": 1679756573778568036,
            "stop_time": 1679756573779676455,
            "ram_samples": [],
            "cpu_samples": [
                0.0,
                0.0,
                0.0,
                0.0,
                0.0,
                0.0,
                0.0,
                0.0,
                0.0,
                0.0,
                0.0,
                0.0,
                0.0,
                0.0,
                0.0,
                0.0
            ],
            "average_cpu_busy": 0.0,
            "user_cpu_time": 0.081191,
            "sys_cpu_time": 0.0,
            "total_cpu_time": 0.081191,
            "max_rss": 19040,
            "exit_code": 0,
            "failed": false
        },
        {
            "index": 2,
            "input": 10.0,
            "run_time": 1027507.0,
            "start_time": 1679756573864949330,
            "stop_time": 1679756573865976837,
            "ram_samples": [],
            "cpu_samples": [
                0.0,
                0.0,
                0.0,
                0.0,
                0.0,
                0.0,
                0.0,
                0.0,
                0.0,
                0.0,
                0.0,
                0.0,
                0.0,
                0.0,
                0.0,
                0.0
            ],
            "average_cpu_busy": 0.0,
            "user_cpu_time": 0.08096199999999999,
            "sys_cpu_time": 0.0,
            "total_cpu_time": 0.08096199999999999,
            "max_rss": 19040,
            "exit_code": 0,
            "failed": false
        },
        {
            "index": 3,
            "input": 10.0,
            "run_time": 997280.0,
            "start_time": 1679756573949697682,
            "stop_time": 1679756573950694962,
            "ram_samples": [],
            "cpu_samples": [
                0.0,
                0.0,
                0.0,
                0.0,
                0.0,
                0.0,
                0.0,
                0.0,
                0.0,
                0.0,
                0.0,
                0.0,
                0.0,
                0.0,
                0.0,
                0.0
            ],
            "average_cpu_busy": 0.0,
            "user_cpu_time": 0.07749099999999999,
            "sys_cpu_time": 0.003874,
            "total_cpu_time": 0.08136499999999999,
            "max_rss": 19040,
            "exit_code": 0,
            "failed": false
        },
        {
            "index": 4,
            "input": 10.0,
            "run_time": 939713.0,
            "start_time": 1679756574035265951,
            "stop_time": 1679756574036205664,
            "ram_samples": [],
            "cpu_samples": [
                0.0,
                0.0,
                0.0,
                0.0,
                0.0,
                0.0,
                0.0,
                0.0,
                0.0,
                0.0,
                0.0,
                0.0,
                0.0,
                0.0,
                0.0,
                0.0
            ],
            "average_cpu_busy": 0.0,
            "user_cpu_time": 0.08164199999999999,
            "sys_cpu_time": 0.0,
            "total_cpu_time": 0.08164199999999999,
            "max_rss": 19040,
            "exit_code": 0,
            "failed": false
        },
        {
            "index": 5,
            "input": 10.0,
            "run_time": 976512.0,
            "start_time": 1679756574121305905,
            "stop_time": 1679756574122282417,
            "ram_samples": [],
            "cpu_samples": [
                0.0,
                0.0,
                0.0,
                0.0,
                0.0,
                0.0,
                0.0,
                0.0,
                0.0,
                0.0,
                0.0,
                0.0,
                0.0,
                0.0,
                0.0,
                0.0
            ],
            "average_cpu_busy": 0.0,
            "user_cpu_time": 0.080883,
            "sys_cpu_time": 0.0,
            "total_cpu_time": 0.080883,
            "max_rss": 19040,
            "exit_code": 0,
            "failed": false
        }
    ]
}