{
    "bench": "fannkuchredux-2.java",
    "language": "java",
    "input": 10.0,
    "average_runtime": 1306153.1666666667,
    "average_cpu_busy": 0.0,
    "average_ram_load": 0,
    "run_results": [
        {
            "index": 0,
            "input": 10.0,
            "run_time": 1269612.0,
            "start_time": 1679756198028334309,
            "stop_time": 1679756198029603921,
            "ram_samples": [],
            "cpu_samples": [
                0.0,
                0.0,
                0.0,
                0.0,
                0.0,
                0.0,
                0.0,
                0.0,
                0.0,
                0.0,
                0.0,
                0.0,
                0.0,
                0.0,
                0.0,
                0.0
            ],
            "average_cpu_busy": 0.0,
            "user_cpu_time": 0.024863,
            "sys_cpu_time": 0.012431,
            "total_cpu_time": 0.037294,
            "max_rss": 38912,
            "exit_code": 0,
            "failed": false
        },
        {
            "index": 1,
            "input": 10.0,
            "run_time": 1357716.0,
            "start_time": 1679756198071328388,
            "stop_time": 1679756198072686104,
            "ram_samples": [],
            "cpu_samples": [
                0.0,
                0.0,
                0.0,
                0.0,
                0.0,
                0.0,
                0.0,
                0.0,
                0.0,
                0.0,
                0.0,
                0.0,
                0.0,
                0.0,
                0.0,
                0.0
            ],
            "average_cpu_busy": 0.0,
            "user_cpu_time": 0.023802,
            "sys_cpu_time": 0.014280999999999999,
            "total_cpu_time": 0.038083,
            "max_rss": 39552,
            "exit_code": 0,
            "failed": false
        },
        {
            "index": 2,
            "input": 10.0,
            "run_time": 1292334.0,
            "start_time": 1679756198104677246,
            "stop_time": 1679756198105969580,
            "ram_samples": [],
            "cpu_samples": [
                0.0,
                0.0,
                0.0,
                0.0,
                0.0,
                0.0,
                0.0,
                0.0,
                0.0,
                0.0,
                0.0,
                0.0,
                0.0,
                0.0,
                0.0,
                0.0
            ],
            "average_cpu_busy": 0.0,
            "user_cpu_time": 0.029518,
            "sys_cpu_time": 0.009838999999999999,
            "total_cpu_time": 0.039356999999999996,
            "max_rss": 40320,
            "exit_code": 0,
            "failed": false
        },
        {
            "index": 3,
            "input": 10.0,
            "run_time": 1367234.0,
            "start_time": 1679756198148218701,
            "stop_time": 1679756198149585935,
            "ram_samples": [],
            "cpu_samples": [
                0.0,
                0.0,
                0.0,
                0.0,
                0.0,
                0.0,
                0.0,
                0.0,
                0.0,
                0.0,
                0.0,
                0.0,
                0.0,
                0.0,
                0.0,
                0.0
            ],
            "average_cpu_busy": 0.0,
            "user_cpu_time": 0.025729,
            "sys_cpu_time": 0.012863999999999999,
            "total_cpu_time": 0.038592999999999995,
            "max_rss": 40064,
            "exit_code": 0,
            "failed": false
        },
        {
            "index": 4,
            "input": 10.0,
            "run_time": 1290951.0,
            "start_time": 1679756198191188254,
            "stop_time": 1679756198192479205,
            "ram_samples": [],
            "cpu_samples": [
                0.0,
                0.0,
                0.0,
                0.0,
                0.0,
                0.0,
                0.0,
                0.0,
                0.0,
                0.0,
                0.0,
                0.0,
                0.0,
                0.0,
                0.0,
                0.0
            ],
            "average_cpu_busy": 0.0,
            "user_cpu_time": 0.0263,
            "sys_cpu_time": 0.01052,
            "total_cpu_time": 0.03682,
            "max_rss": 38656,
            "exit_code": 0,
            "failed": false
        },
        {
            "index": 5,
            "input": 10.0,
            "run_time": 1259072.0,
            "start_time": 1679756198223616675,
            "stop_time": 1679756198224875747,
            "ram_samples": [],
            "cpu_samples": [
                0.0,
                0.0,
                0.0,
                0.0,
                0.0,
                0.0,
                0.0,
                0.0,
                0.0,
                0.0,
                0.0,
                0.0,
                0.0,
                0.0,
                0.0,
                0.0
            ],
            "average_cpu_busy": 0.0,
            "user_cpu_time": 0.015830999999999998,
            "sys_cpu_time": 0.021108,
            "total_cpu_time": 0.036939,
            "max_rss": 38784,
            "exit_code": 0,
            "failed": false
        }
    ]
}