{
    "bench": "fannkuchredux-4.rust",
    "language": "rust",
    "input": 9.0,
    "average_runtime": 920685.8333333334,
    "average_cpu_busy": 0.0,
    "average_ram_load": 0,
    "run_results": [
        {
            "index": 0,
            "input": 9.0,
            "run_time": 955111.0,
            "start_time": 1679663719883489984,
            "stop_time": 1679663719884445095,
            "ram_samples": [],
            "cpu_samples": [
                0.0,
                0.0,
                0.0,
                0.0,
                0.0,
                0.0,
                0.0,
                0.0,
                0.0,
                0.0,
                0.0,
                0.0,
                0.0,
                0.0,
                0.0,
                0.0
            ],
            "average_cpu_busy": 0.0,
            "user_cpu_time": 0.020526,
            "sys_cpu_time": 0.0,
            "total_cpu_time": 0.020526,
            "max_rss": 18616,
            "exit_code": 0,
            "failed": false
        },
        {
            "index": 1,
            "input": 9.0,
            "run_time": 904495.0,
            "start_time": 1679663719890094718,
            "stop_time": 1679663719890999213,
            "ram_samples": [],
            "cpu_samples": [
                0.0,
                0.0,
                0.0,
                0.0,
                0.0,
                0.0,
                0.0,
                0.0,
                0.0,
                0.0,
                0.0,
                0.0,
                0.0,
                0.0,
                0.0,
                0.0
            ],
            "average_cpu_busy": 0.0,
            "user_cpu_time": 0.01763,
            "sys_cpu_time": 0.0,
            "total_cpu_time": 0.01763,
            "max_rss": 18744,
            "exit_code": 0,
            "failed": false
        },
        {
            "index": 2,
            "input": 9.0,
            "run_time": 884026.0,
            "start_time": 1679663719896134907,
            "stop_time": 1679663719897018933,
            "ram_samples": [],
            "cpu_samples": [
                0.0,
                0.0,
                0.0,
                0.0,
                0.0,
                0.0,
                0.0,
                0.0,
                0.0,
                0.0,
                0.0,
                0.0,
                0.0,
                0.0,
                0.0,
                0.0
            ],
            "average_cpu_busy": 0.0,
            "user_cpu_time": 0.017533999999999998,
            "sys_cpu_time": 0.0,
            "total_cpu_time": 0.017533999999999998,
            "max_rss": 18680,
            "exit_code": 0,
            "failed": false
        },
        {
            "index": 3,
            "input": 9.0,
            "run_time": 932598.0,
            "start_time": 1679663719901890693,
            "stop_time": 1679663719902823291,
            "ram_samples": [],
            "cpu_samples": [
                0.0,
                0.0,
                0.0,
                0.0,
                0.0,
                0.0,
                0.0,
                0.0,
                0.0,
                0.0,
                0.0,
                0.0,
                0.0,
                0.0,
                0.0,
                0.0
            ],
            "average_cpu_busy": 0.0,
            "user_cpu_time": 0.016814,
            "sys_cpu_time": 0.0,
            "total_cpu_time": 0.016814,
            "max_rss": 18684,
            "exit_code": 0,
            "failed": false
        },
        {
            "index": 4,
            "input": 9.0,
            "run_time": 943640.0,
            "start_time": 1679663719907712605,
            "stop_time": 1679663719908656245,
            "ram_samples": [],
            "cpu_samples": [
                0.0,
                0.0,
                0.0,
                0.0,
                0.0,
                0.0,
                0.0,
                0.0,
                0.0,
                0.0,
                0.0,
                0.0,
                0.0,
                0.0,
                0.0,
                0.0
            ],
            "average_cpu_busy": 0.0,
            "user_cpu_time": 0.017783,
            "sys_cpu_time": 0.0,
            "total_cpu_time": 0.017783,
            "max_rss": 18624,
            "exit_code": 0,
            "failed": false
        },
        {
            "index": 5,
            "input": 9.0,
            "run_time": 904245.0,
            "start_time": 1679663719913995707,
            "stop_time": 1679663719914899952,
            "ram_samples": [],
            "cpu_samples": [
                0.0,
                0.0,
                0.0,
                0.0,
                0.0,
                0.0,
                0.0,
                0.0,
                0.0,
                0.0,
                0.0,
                0.0,
                0.0,
                0.0,
                0.0,
                0.0
            ],
            "average_cpu_busy": 0.0,
            "user_cpu_time": 0.017747,
            "sys_cpu_time": 0.0,
            "total_cpu_time": 0.017747,
            "max_rss": 18688,
            "exit_code": 0,
            "failed": false
        }
    ]
}