{
    "bench": "mandelbrot-1.c",
    "language": "c",
    "input": 2000.0,
    "average_runtime": 933896.5,
    "average_cpu_busy": 4.6498549999999997e-07,
    "average_ram_load": 0,
    "run_results": [
        {
            "index": 0,
            "input": 2000.0,
            "run_time": 932349.0,
            "start_time": 1679756178078228947,
            "stop_time": 1679756178079161296,
            "ram_samples": [],
            "cpu_samples": [
                0.0,
                0.0,
                0.0,
                0.0,
                0.0,
                100.0,
                0.0,
                0.0,
                0.0,
                0.0,
                0.0,
                0.0,
                0.0,
                0.0,
                0.0,
                0.0
            ],
            "average_cpu_busy": 9.32349e-07,
            "user_cpu_time": 0.126339,
            "sys_cpu_time": 0.0,
            "total_cpu_time": 0.126339,
            "max_rss": 17644,
            "exit_code": 0,
            "failed": false
        },
        {
            "index": 1,
            "input": 2000.0,
            "run_time": 913794.0,
            "start_time": 1679756178098457016,
            "stop_time": 1679756178099370810,
            "ram_samples": [],
            "cpu_samples": [
                0.0,
                0.0,
                0.0,
                0.0,
                0.0,
                0.0,
                0.0,
                0.0,
                0.0,
                0.0,
                0.0,
                0.0,
                0.0,
                0.0,
                0.0,
                0.0
            ],
            "average_cpu_busy": 0.0,
            "user_cpu_time": 0.126035,
            "sys_cpu_time": 0.0,
            "total_cpu_time": 0.126035,
            "max_rss": 17648,
            "exit_code": 0,
            "failed": false
        },
        {
            "index": 2,
            "input": 2000.0,
            "run_time": 943539.0,
            "start_time": 1679756178118567235,
            "stop_time": 1679756178119510774,
            "ram_samples": [],
            "cpu_samples": [
                0.0,
                0.0,
                0.0,
                0.0,
                0.0,
                0.0,
                0.0,
                0.0,
                0.0,
                0.0,
                0.0,
                0.0,
                0.0,
                0.0,
                0.0,
                0.0
            ],
            "average_cpu_busy": 0.0,
            "user_cpu_time": 0.125995,
            "sys_cpu_time": 0.0,
            "total_cpu_time": 0.125995,
            "max_rss": 17648,
            "exit_code": 0,
            "failed": false
        },
        {
            "index": 3,
            "input": 2000.0,
            "run_time": 956133.0,
            "start_time": 1679756178138513806,
            "stop_time": 1679756178139469939,
            "ram_samples": [],
            "cpu_samples": [
                0.0,
                0.0,
                0.0,
                0.0,
                0.0,
                0.0,
                0.0,
                0.0,
                0.0,
                0.0,
                0.0,
                0.0,
                0.0,
                0.0,
                0.0,
                0.0
            ],
            "average_cpu_busy": 0.0,
            "user_cpu_time": 0.12531499999999998,
            "sys_cpu_time": 0.0,
            "total_cpu_time": 0.12531499999999998,
            "max_rss": 17652,
            "exit_code": 0,
            "failed": false
        },
        {
            "index": 4,
            "input": 2000.0,
            "run_time": 905288.0,
            "start_time": 1679756178158288815,
            "stop_time": 1679756178159194103,
            "ram_samples": [],
            "cpu_samples": [
                100.0,
                0.0,
                0.0,
                0.0,
                0.0,
                0.0,
                0.0,
                0.0,
                0.0,
                0.0,
                0.0,
                0.0,
                0.0,
                0.0,
                0.0,
                0.0
            ],
            "average_cpu_busy": 9.05288e-07,
            "user_cpu_time": 0.1252,
            "sys_cpu_time": 0.0,
            "total_cpu_time": 0.1252,
            "max_rss": 17652,
            "exit_code": 0,
            "failed": false
        },
        {
            "index": 5,
            "input": 2000.0,
            "run_time": 952276.0,
            "start_time": 1679756178177889548,
            "stop_time": 1679756178178841824,
            "ram_samples": [],
            "cpu_samples": [
                0.0,
                0.0,
                0.0,
                0.0,
                0.0,
                0.0,
                0.0,
                0.0,
                0.0,
                0.0,
                100.0,
                0.0,
                0.0,
                0.0,
                0.0,
                0.0
            ],
            "average_cpu_busy": 9.52276e-07,
            "user_cpu_time": 0.115925,
            "sys_cpu_time": 0.00966,
            "total_cpu_time": 0.125585,
            "max_rss": 17656,
            "exit_code": 0,
            "failed": false
        }
    ]
}