{
    "bench": "mandelbrot-1.rust",
    "language": "rust",
    "input": 1000.0,
    "average_runtime": 906487.0,
    "average_cpu_busy": 4.41804e-07,
    "average_ram_load": 0,
    "run_results": [
        {
            "index": 0,
            "input": 1000.0,
            "run_time": 1100985.0,
            "start_time": 1679835061198964425,
            "stop_time": 1679835061200065410,
            "ram_samples": [],
            "cpu_samples": [
                0.0,
                0.0,
                0.0,
                0.0,
                0.0,
                0.0,
                0.0,
                0.0,
                0.0,
                0.0,
                0.0,
                0.0,
                0.0,
                0.0,
                0.0,
                0.0
            ],
            "average_cpu_busy": 0.0,
            "user_cpu_time": 0.03232,
            "sys_cpu_time": 0.0,
            "total_cpu_time": 0.03232,
            "max_rss": 17936,
            "exit_code": 0,
            "failed": false
        },
        {
            "index": 1,
            "input": 1000.0,
            "run_time": 935916.0,
            "start_time": 1679835061206378160,
            "stop_time": 1679835061207314076,
            "ram_samples": [],
            "cpu_samples": [
                0.0,
                0.0,
                0.0,
                0.0,
                0.0,
                0.0,
                0.0,
                0.0,
                0.0,
                0.0,
                0.0,
                0.0,
                0.0,
                0.0,
                0.0,
                0.0
            ],
            "average_cpu_busy": 0.0,
            "user_cpu_time": 0.0,
            "sys_cpu_time": 0.028693,
            "total_cpu_time": 0.028693,
            "max_rss": 17936,
            "exit_code": 0,
            "failed": false
        },
        {
            "index": 2,
            "input": 1000.0,
            "run_time": 866054.0,
            "start_time": 1679835061212990142,
            "stop_time": 1679835061213856196,
            "ram_samples": [],
            "cpu_samples": [
                0.0,
                0.0,
                0.0,
                0.0,
                0.0,
                0.0,
                0.0,
                0.0,
                0.0,
                0.0,
                0.0,
                0.0,
                0.0,
                0.0,
                0.0,
                0.0
            ],
            "average_cpu_busy": 0.0,
            "user_cpu_time": 0.023474,
            "sys_cpu_time": 0.005216,
            "total_cpu_time": 0.02869,
            "max_rss": 17940,
            "exit_code": 0,
            "failed": false
        },
        {
            "index": 3,
            "input": 1000.0,
            "run_time": 853110.0,
            "start_time": 1679835061220147436,
            "stop_time": 1679835061221000546,
            "ram_samples": [],
            "cpu_samples": [
                0.0,
                0.0,
                0.0,
                0.0,
                0.0,
                0.0,
                0.0,
                0.0,
                0.0,
                0.0,
                0.0,
                0.0,
                0.0,
                0.0,
                0.0,
                0.0
            ],
            "average_cpu_busy": 0.0,
            "user_cpu_time": 0.028249999999999997,
            "sys_cpu_time": 0.0,
            "total_cpu_time": 0.028249999999999997,
            "max_rss": 17940,
            "exit_code": 0,
            "failed": false
        },
        {
            "index": 4,
            "input": 1000.0,
            "run_time": 799249.0,
            "start_time": 1679835061227210894,
            "stop_time": 1679835061228010143,
            "ram_samples": [],
            "cpu_samples": [
                0.0,
                0.0,
                0.0,
                0.0,
                0.0,
                0.0,
                0.0,
                0.0,
                0.0,
                0.0,
                0.0,
                0.0,
                0.0,
                0.0,
                0.0,
                0.0
            ],
            "average_cpu_busy": 0.0,
            "user_cpu_time": 0.029262,
            "sys_cpu_time": 0.0,
            "total_cpu_time": 0.029262,
            "max_rss": 17944,
            "exit_code": 0,
            "failed": false
        },
        {
            "index": 5,
            "input": 1000.0,
            "run_time": 883608.0,
            "start_time": 1679835061234024653,
            "stop_time": 1679835061234908261,
            "ram_samples": [],
            "cpu_samples": [
                0.0,
                0.0,
                100.0,
                100.0,
                0.0,
                0.0,
                0.0,
                0.0,
                100.0,
                0.0,
                0.0,
                0.0,
                0.0,
                0.0,
                0.0,
                0.0
            ],
            "average_cpu_busy": 2.650824e-06,
            "user_cpu_time": 0.0,
            "sys_cpu_time": 0.027767999999999998,
            "total_cpu_time": 0.027767999999999998,
            "max_rss": 17944,
            "exit_code": 0,
            "failed": false
        }
    ],
    "maximum_runtime": 1100985.0,
    "minimum_runtime": 799249.0
}