{
    "bench": "mandelbrot-1.cpp",
    "language": "cpp",
    "input": 4000.0,
    "average_run_time": 933021.5,
    "maximum_run_time": 967585.0,
    "minimum_run_time": 896351.0,
    "average_cpu_time": 0.18282966666666667,
    "minimum_cpu_time": 0.154323,
    "maximum_cpu_time": 0.248548,
    "average_cpu_busy": 0,
    "average_ram_load": 0,
    "run_results": [
        {
            "index": 0,
            "input": 4000.0,
            "run_time": 923051.0,
            "start_time": 1680003201048366736,
            "stop_time": 1680003201049289787,
            "ram_samples": [],
            "cpu_samples": [
                0.0,
                0.0,
                0.0,
                0.0,
                0.0,
                0.0,
                0.0,
                0.0,
                0.0,
                0.0,
                0.0,
                0.0,
                0.0,
                0.0,
                0.0,
                0.0
            ],
            "average_cpu_busy": 0.0,
            "user_cpu_time": 0.18413,
            "sys_cpu_time": 0.0,
            "total_cpu_time": 0.18413,
            "max_rss": 18948,
            "exit_code": 0,
            "failed": false
        },
        {
            "index": 1,
            "input": 4000.0,
            "run_time": 941656.0,
            "start_time": 1680003201065504179,
            "stop_time": 1680003201066445835,
            "ram_samples": [],
            "cpu_samples": [
                0.0,
                0.0,
                0.0,
                0.0,
                0.0,
                0.0,
                0.0,
                0.0,
                0.0,
                0.0,
                0.0,
                0.0,
                0.0,
                0.0,
                0.0,
                0.0
            ],
            "average_cpu_busy": 0.0,
            "user_cpu_time": 0.172071,
            "sys_cpu_time": 0.0073219999999999995,
            "total_cpu_time": 0.179393,
            "max_rss": 18952,
            "exit_code": 0,
            "failed": false
        },
        {
            "index": 2,
            "input": 4000.0,
            "run_time": 967585.0,
            "start_time": 1680003201082127537,
            "stop_time": 1680003201083095122,
            "ram_samples": [],
            "cpu_samples": [
                0.0,
                0.0,
                0.0,
                0.0,
                0.0,
                0.0,
                0.0,
                0.0,
                0.0,
                0.0,
                0.0,
                0.0,
                0.0,
                0.0,
                0.0,
                0.0
            ],
            "average_cpu_busy": 0.0,
            "user_cpu_time": 0.15451399999999998,
            "sys_cpu_time": 0.0,
            "total_cpu_time": 0.15451399999999998,
            "max_rss": 18956,
            "exit_code": 0,
            "failed": false
        },
        {
            "index": 3,
            "input": 4000.0,
            "run_time": 925806.0,
            "start_time": 1680003201096594992,
            "stop_time": 1680003201097520798,
            "ram_samples": [],
            "cpu_samples": [
                0.0,
                0.0,
                0.0,
                0.0,
                0.0,
                0.0,
                0.0,
                0.0,
                0.0,
                0.0,
                0.0,
                0.0,
                0.0,
                0.0,
                0.0,
                0.0
            ],
            "average_cpu_busy": 0.0,
            "user_cpu_time": 0.17607,
            "sys_cpu_time": 0.0,
            "total_cpu_time": 0.17607,
            "max_rss": 18956,
            "exit_code": 0,
            "failed": false
        },
        {
            "index": 4,
            "input": 4000.0,
            "run_time": 896351.0,
            "start_time": 1680003201112696471,
            "stop_time": 1680003201113592822,
            "ram_samples": [],
            "cpu_samples": [
                0.0,
                0.0,
                0.0,
                0.0,
                0.0,
                0.0,
                0.0,
                0.0,
                0.0,
                0.0,
                0.0,
                0.0,
                0.0,
                0.0,
                0.0,
                0.0
            ],
            "average_cpu_busy": 0.0,
            "user_cpu_time": 0.248548,
            "sys_cpu_time": 0.0,
            "total_cpu_time": 0.248548,
            "max_rss": 18956,
            "exit_code": 0,
            "failed": false
        },
        {
            "index": 5,
            "input": 4000.0,
            "run_time": 943680.0,
            "start_time": 1680003201134100947,
            "stop_time": 1680003201135044627,
            "ram_samples": [],
            "cpu_samples": [
                0.0,
                0.0,
                100.0,
                0.0,
                0.0,
                0.0,
                0.0,
                0.0,
                0.0,
                0.0,
                0.0,
                0.0,
                0.0,
                0.0,
                0.0,
                0.0
            ],
            "average_cpu_busy": 9.436799999999998e-07,
            "user_cpu_time": 0.154323,
            "sys_cpu_time": 0.0,
            "total_cpu_time": 0.154323,
            "max_rss": 18956,
            "exit_code": 0,
            "failed": false
        }
    ]
}