{
    "bench": "mandelbrot-1.c",
    "language": "c",
    "input": 4000.0,
    "average_run_time": 905849.1666666666,
    "maximum_run_time": 926398.0,
    "minimum_run_time": 886273.0,
    "average_cpu_time": 0.4940016666666667,
    "minimum_cpu_time": 0.493156,
    "maximum_cpu_time": 0.49462199999999995,
    "average_cpu_busy": 0,
    "average_ram_load": 0,
    "run_results": [
        {
            "index": 0,
            "input": 4000.0,
            "run_time": 886273.0,
            "start_time": 1680003169968187683,
            "stop_time": 1680003169969073956,
            "ram_samples": [],
            "cpu_samples": [
                0.0,
                0.0,
                0.0,
                0.0,
                0.0,
                0.0,
                0.0,
                0.0,
                0.0,
                0.0,
                0.0,
                0.0,
                0.0,
                0.0,
                0.0,
                0.0
            ],
            "average_cpu_busy": 0.0,
            "user_cpu_time": 0.49423399999999995,
            "sys_cpu_time": 0.0,
            "total_cpu_time": 0.49423399999999995,
            "max_rss": 18296,
            "exit_code": 0,
            "failed": false
        },
        {
            "index": 1,
            "input": 4000.0,
            "run_time": 889819.0,
            "start_time": 1680003170034298890,
            "stop_time": 1680003170035188709,
            "ram_samples": [],
            "cpu_samples": [
                0.0,
                0.0,
                0.0,
                0.0,
                0.0,
                0.0,
                0.0,
                0.0,
                0.0,
                0.0,
                0.0,
                0.0,
                0.0,
                0.0,
                100.0,
                0.0
            ],
            "average_cpu_busy": 8.89819e-07,
            "user_cpu_time": 0.493156,
            "sys_cpu_time": 0.0,
            "total_cpu_time": 0.493156,
            "max_rss": 18300,
            "exit_code": 0,
            "failed": false
        },
        {
            "index": 2,
            "input": 4000.0,
            "run_time": 926398.0,
            "start_time": 1680003170100252851,
            "stop_time": 1680003170101179249,
            "ram_samples": [],
            "cpu_samples": [
                0.0,
                0.0,
                0.0,
                0.0,
                0.0,
                0.0,
                0.0,
                0.0,
                0.0,
                0.0,
                0.0,
                0.0,
                0.0,
                0.0,
                0.0,
                0.0
            ],
            "average_cpu_busy": 0.0,
            "user_cpu_time": 0.49462199999999995,
            "sys_cpu_time": 0.0,
            "total_cpu_time": 0.49462199999999995,
            "max_rss": 18300,
            "exit_code": 0,
            "failed": false
        },
        {
            "index": 3,
            "input": 4000.0,
            "run_time": 917120.0,
            "start_time": 1680003170166520481,
            "stop_time": 1680003170167437601,
            "ram_samples": [],
            "cpu_samples": [
                0.0,
                0.0,
                0.0,
                0.0,
                0.0,
                0.0,
                0.0,
                0.0,
                0.0,
                0.0,
                0.0,
                0.0,
                0.0,
                0.0,
                0.0,
                0.0
            ],
            "average_cpu_busy": 0.0,
            "user_cpu_time": 0.493843,
            "sys_cpu_time": 0.0,
            "total_cpu_time": 0.493843,
            "max_rss": 18300,
            "exit_code": 0,
            "failed": false
        },
        {
            "index": 4,
            "input": 4000.0,
            "run_time": 912351.0,
            "start_time": 1680003170232630485,
            "stop_time": 1680003170233542836,
            "ram_samples": [],
            "cpu_samples": [
                0.0,
                0.0,
                0.0,
                0.0,
                0.0,
                0.0,
                0.0,
                0.0,
                0.0,
                0.0,
                0.0,
                0.0,
                0.0,
                0.0,
                0.0,
                0.0
            ],
            "average_cpu_busy": 0.0,
            "user_cpu_time": 0.49444099999999996,
            "sys_cpu_time": 0.0,
            "total_cpu_time": 0.49444099999999996,
            "max_rss": 18300,
            "exit_code": 0,
            "failed": false
        },
        {
            "index": 5,
            "input": 4000.0,
            "run_time": 903134.0,
            "start_time": 1680003170298803757,
            "stop_time": 1680003170299706891,
            "ram_samples": [],
            "cpu_samples": [
                0.0,
                0.0,
                0.0,
                0.0,
                0.0,
                0.0,
                0.0,
                0.0,
                0.0,
                0.0,
                0.0,
                0.0,
                0.0,
                0.0,
                0.0,
                0.0
            ],
            "average_cpu_busy": 0.0,
            "user_cpu_time": 0.493714,
            "sys_cpu_time": 0.0,
            "total_cpu_time": 0.493714,
            "max_rss": 18304,
            "exit_code": 0,
            "failed": false
        }
    ]
}