{
    "bench": "mandelbrot-2.c",
    "language": "c",
    "input": 1000.0,
    "average_runtime": 939171.5,
    "average_cpu_busy": 0.0,
    "average_ram_load": 0,
    "run_results": [
        {
            "index": 0,
            "input": 1000.0,
            "run_time": 917341.0,
            "start_time": 1679835056009143975,
            "stop_time": 1679835056010061316,
            "ram_samples": [],
            "cpu_samples": [
                0.0,
                0.0,
                0.0,
                0.0,
                0.0,
                0.0,
                0.0,
                0.0,
                0.0,
                0.0,
                0.0,
                0.0,
                0.0,
                0.0,
                0.0,
                0.0
            ],
            "average_cpu_busy": 0.0,
            "user_cpu_time": 0.060335999999999994,
            "sys_cpu_time": 0.0,
            "total_cpu_time": 0.060335999999999994,
            "max_rss": 17744,
            "exit_code": 0,
            "failed": false
        },
        {
            "index": 1,
            "input": 1000.0,
            "run_time": 1011888.0,
            "start_time": 1679835056073321164,
            "stop_time": 1679835056074333052,
            "ram_samples": [],
            "cpu_samples": [
                0.0,
                0.0,
                0.0,
                0.0,
                0.0,
                0.0,
                0.0,
                0.0,
                0.0,
                0.0,
                0.0,
                0.0,
                0.0,
                0.0,
                0.0,
                0.0
            ],
            "average_cpu_busy": 0.0,
            "user_cpu_time": 0.060800999999999994,
            "sys_cpu_time": 0.0,
            "total_cpu_time": 0.060800999999999994,
            "max_rss": 17748,
            "exit_code": 0,
            "failed": false
        },
        {
            "index": 2,
            "input": 1000.0,
            "run_time": 933010.0,
            "start_time": 1679835056138623624,
            "stop_time": 1679835056139556634,
            "ram_samples": [],
            "cpu_samples": [
                0.0,
                0.0,
                0.0,
                0.0,
                0.0,
                0.0,
                0.0,
                0.0,
                0.0,
                0.0,
                0.0,
                0.0,
                0.0,
                0.0,
                0.0,
                0.0
            ],
            "average_cpu_busy": 0.0,
            "user_cpu_time": 0.061713,
            "sys_cpu_time": 0.0,
            "total_cpu_time": 0.061713,
            "max_rss": 17752,
            "exit_code": 0,
            "failed": false
        },
        {
            "index": 3,
            "input": 1000.0,
            "run_time": 862107.0,
            "start_time": 1679835056204934795,
            "stop_time": 1679835056205796902,
            "ram_samples": [],
            "cpu_samples": [
                0.0,
                0.0,
                0.0,
                0.0,
                0.0,
                0.0,
                0.0,
                0.0,
                0.0,
                0.0,
                0.0,
                0.0,
                0.0,
                0.0,
                0.0,
                0.0
            ],
            "average_cpu_busy": 0.0,
            "user_cpu_time": 0.060753999999999996,
            "sys_cpu_time": 0.0,
            "total_cpu_time": 0.060753999999999996,
            "max_rss": 17752,
            "exit_code": 0,
            "failed": false
        },
        {
            "index": 4,
            "input": 1000.0,
            "run_time": 930866.0,
            "start_time": 1679835056270565630,
            "stop_time": 1679835056271496496,
            "ram_samples": [],
            "cpu_samples": [
                0.0,
                0.0,
                0.0,
                0.0,
                0.0,
                0.0,
                0.0,
                0.0,
                0.0,
                0.0,
                0.0,
                0.0,
                0.0,
                0.0,
                0.0,
                0.0
            ],
            "average_cpu_busy": 0.0,
            "user_cpu_time": 0.061834999999999994,
            "sys_cpu_time": 0.0,
            "total_cpu_time": 0.061834999999999994,
            "max_rss": 17752,
            "exit_code": 0,
            "failed": false
        },
        {
            "index": 5,
            "input": 1000.0,
            "run_time": 979817.0,
            "start_time": 1679835056336951352,
            "stop_time": 1679835056337931169,
            "ram_samples": [],
            "cpu_samples": [
                0.0,
                0.0,
                0.0,
                0.0,
                0.0,
                0.0,
                0.0,
                0.0,
                0.0,
                0.0,
                0.0,
                0.0,
                0.0,
                0.0,
                0.0,
                0.0
            ],
            "average_cpu_busy": 0.0,
            "user_cpu_time": 0.060619,
            "sys_cpu_time": 0.0,
            "total_cpu_time": 0.060619,
            "max_rss": 17756,
            "exit_code": 0,
            "failed": false
        }
    ],
    "maximum_runtime": 1011888.0,
    "minimum_runtime": 862107.0
}