{
    "bench": "mandelbrot-4.java",
    "language": "java",
    "input": 2000.0,
    "average_run_time": 1091722.6666666667,
    "maximum_run_time": 1113789.0,
    "minimum_run_time": 1063414.0,
    "average_cpu_time": 1.928953833333333,
    "minimum_cpu_time": 1.8811360000000001,
    "maximum_cpu_time": 1.945037,
    "average_cpu_busy": 0,
    "average_ram_load": 0,
    "run_results": [
        {
            "index": 0,
            "input": 2000.0,
            "run_time": 1089343.0,
            "start_time": 1679837995444966537,
            "stop_time": 1679837995446055880,
            "ram_samples": [],
            "cpu_samples": [
                0.0,
                0.0,
                0.0,
                0.0,
                0.0,
                0.0,
                0.0,
                0.0,
                0.0,
                0.0,
                0.0,
                0.0,
                0.0,
                0.0,
                0.0,
                0.0
            ],
            "average_cpu_busy": 0.0,
            "user_cpu_time": 1.922332,
            "sys_cpu_time": 0.015756,
            "total_cpu_time": 1.938088,
            "max_rss": 51840,
            "exit_code": 0,
            "failed": false
        },
        {
            "index": 1,
            "input": 2000.0,
            "run_time": 1063414.0,
            "start_time": 1679837995623124525,
            "stop_time": 1679837995624187939,
            "ram_samples": [],
            "cpu_samples": [
                0.0,
                0.0,
                0.0,
                0.0,
                0.0,
                0.0,
                0.0,
                0.0,
                0.0,
                0.0,
                0.0,
                0.0,
                0.0,
                0.0,
                0.0,
                0.0
            ],
            "average_cpu_busy": 0.0,
            "user_cpu_time": 1.919579,
            "sys_cpu_time": 0.008031,
            "total_cpu_time": 1.9276099999999998,
            "max_rss": 51072,
            "exit_code": 0,
            "failed": false
        },
        {
            "index": 2,
            "input": 2000.0,
            "run_time": 1095966.0,
            "start_time": 1679837995809450362,
            "stop_time": 1679837995810546328,
            "ram_samples": [],
            "cpu_samples": [
                0.0,
                0.0,
                0.0,
                0.0,
                0.0,
                0.0,
                0.0,
                0.0,
                0.0,
                0.0,
                0.0,
                0.0,
                0.0,
                0.0,
                0.0,
                0.0
            ],
            "average_cpu_busy": 0.0,
            "user_cpu_time": 1.8491170000000001,
            "sys_cpu_time": 0.032019,
            "total_cpu_time": 1.8811360000000001,
            "max_rss": 51840,
            "exit_code": 0,
            "failed": false
        },
        {
            "index": 3,
            "input": 2000.0,
            "run_time": 1104933.0,
            "start_time": 1679837995982631716,
            "stop_time": 1679837995983736649,
            "ram_samples": [],
            "cpu_samples": [
                0.0,
                0.0,
                0.0,
                0.0,
                0.0,
                0.0,
                0.0,
                0.0,
                0.0,
                0.0,
                0.0,
                0.0,
                0.0,
                0.0,
                0.0,
                0.0
            ],
            "average_cpu_busy": 0.0,
            "user_cpu_time": 1.9257749999999998,
            "sys_cpu_time": 0.016048,
            "total_cpu_time": 1.9418229999999999,
            "max_rss": 51456,
            "exit_code": 0,
            "failed": false
        },
        {
            "index": 4,
            "input": 2000.0,
            "run_time": 1113789.0,
            "start_time": 1679837996175010336,
            "stop_time": 1679837996176124125,
            "ram_samples": [],
            "cpu_samples": [
                0.0,
                0.0,
                0.0,
                0.0,
                0.0,
                0.0,
                0.0,
                0.0,
                0.0,
                0.0,
                0.0,
                0.0,
                0.0,
                0.0,
                0.0,
                0.0
            ],
            "average_cpu_busy": 0.0,
            "user_cpu_time": 1.924944,
            "sys_cpu_time": 0.020093,
            "total_cpu_time": 1.945037,
            "max_rss": 50816,
            "exit_code": 0,
            "failed": false
        },
        {
            "index": 5,
            "input": 2000.0,
            "run_time": 1082891.0,
            "start_time": 1679837996368182484,
            "stop_time": 1679837996369265375,
            "ram_samples": [],
            "cpu_samples": [
                0.0,
                0.0,
                0.0,
                0.0,
                0.0,
                0.0,
                0.0,
                0.0,
                0.0,
                0.0,
                0.0,
                0.0,
                0.0,
                0.0,
                0.0,
                0.0
            ],
            "average_cpu_busy": 0.0,
            "user_cpu_time": 1.928029,
            "sys_cpu_time": 0.012,
            "total_cpu_time": 1.940029,
            "max_rss": 51328,
            "exit_code": 0,
            "failed": false
        }
    ]
}