{
    "bench": "mandelbrot-1.rust",
    "language": "rust",
    "input": 2000.0,
    "average_runtime": 1192560.1666666667,
    "average_cpu_busy": 1.7623086666666665e-06,
    "average_ram_load": 0,
    "run_results": [
        {
            "index": 0,
            "input": 2000.0,
            "run_time": 953759.0,
            "start_time": 1679835061241941512,
            "stop_time": 1679835061242895271,
            "ram_samples": [],
            "cpu_samples": [
                0.0,
                0.0,
                0.0,
                0.0,
                0.0,
                0.0,
                0.0,
                100.0,
                0.0,
                0.0,
                0.0,
                0.0,
                100.0,
                0.0,
                0.0,
                0.0
            ],
            "average_cpu_busy": 1.907518e-06,
            "user_cpu_time": 0.102949,
            "sys_cpu_time": 0.004476,
            "total_cpu_time": 0.10742499999999999,
            "max_rss": 17948,
            "exit_code": 0,
            "failed": false
        },
        {
            "index": 1,
            "input": 2000.0,
            "run_time": 1444389.0,
            "start_time": 1679835061257707182,
            "stop_time": 1679835061259151571,
            "ram_samples": [],
            "cpu_samples": [
                0.0,
                0.0,
                0.0,
                0.0,
                0.0,
                100.0,
                0.0,
                100.0,
                100.0,
                100.0,
                0.0,
                0.0,
                0.0,
                100.0,
                0.0,
                100.0
            ],
            "average_cpu_busy": 8.666334e-06,
            "user_cpu_time": 0.101127,
            "sys_cpu_time": 0.0,
            "total_cpu_time": 0.101127,
            "max_rss": 17824,
            "exit_code": 0,
            "failed": false
        },
        {
            "index": 2,
            "input": 2000.0,
            "run_time": 1606293.0,
            "start_time": 1679835061282060458,
            "stop_time": 1679835061283666751,
            "ram_samples": [],
            "cpu_samples": [
                0.0,
                0.0,
                0.0,
                0.0,
                0.0,
                0.0,
                0.0,
                0.0,
                0.0,
                0.0,
                0.0,
                0.0,
                0.0,
                0.0,
                0.0,
                0.0
            ],
            "average_cpu_busy": 0.0,
            "user_cpu_time": 0.10979799999999999,
            "sys_cpu_time": 0.0,
            "total_cpu_time": 0.10979799999999999,
            "max_rss": 17952,
            "exit_code": 0,
            "failed": false
        },
        {
            "index": 3,
            "input": 2000.0,
            "run_time": 1308685.0,
            "start_time": 1679835061302611032,
            "stop_time": 1679835061303919717,
            "ram_samples": [],
            "cpu_samples": [
                0.0,
                0.0,
                0.0,
                0.0,
                0.0,
                0.0,
                0.0,
                0.0,
                0.0,
                0.0,
                0.0,
                0.0,
                0.0,
                0.0,
                0.0,
                0.0
            ],
            "average_cpu_busy": 0.0,
            "user_cpu_time": 0.10987999999999999,
            "sys_cpu_time": 0.0,
            "total_cpu_time": 0.10987999999999999,
            "max_rss": 17824,
            "exit_code": 0,
            "failed": false
        },
        {
            "index": 4,
            "input": 2000.0,
            "run_time": 933040.0,
            "start_time": 1679835061319290706,
            "stop_time": 1679835061320223746,
            "ram_samples": [],
            "cpu_samples": [
                0.0,
                0.0,
                0.0,
                0.0,
                0.0,
                0.0,
                0.0,
                0.0,
                0.0,
                0.0,
                0.0,
                0.0,
                0.0,
                0.0,
                0.0,
                0.0
            ],
            "average_cpu_busy": 0.0,
            "user_cpu_time": 0.107069,
            "sys_cpu_time": 0.003568,
            "total_cpu_time": 0.110637,
            "max_rss": 17952,
            "exit_code": 0,
            "failed": false
        },
        {
            "index": 5,
            "input": 2000.0,
            "run_time": 909195.0,
            "start_time": 1679835061335381025,
            "stop_time": 1679835061336290220,
            "ram_samples": [],
            "cpu_samples": [
                0.0,
                0.0,
                0.0,
                0.0,
                0.0,
                0.0,
                0.0,
                0.0,
                0.0,
                0.0,
                0.0,
                0.0,
                0.0,
                0.0,
                0.0,
                0.0
            ],
            "average_cpu_busy": 0.0,
            "user_cpu_time": 0.106788,
            "sys_cpu_time": 0.0,
            "total_cpu_time": 0.106788,
            "max_rss": 17956,
            "exit_code": 0,
            "failed": false
        }
    ],
    "maximum_runtime": 1606293.0,
    "minimum_runtime": 909195.0
}