{
    "bench": "mandelbrot-1.cpp",
    "language": "cpp",
    "input": 3000.0,
    "average_run_time": 900602.1666666666,
    "maximum_run_time": 935524.0,
    "minimum_run_time": 855815.0,
    "average_cpu_time": 0.105684,
    "minimum_cpu_time": 0.088831,
    "maximum_cpu_time": 0.137127,
    "average_cpu_busy": 0,
    "average_ram_load": 0,
    "run_results": [
        {
            "index": 0,
            "input": 3000.0,
            "run_time": 909185.0,
            "start_time": 1680003200978535503,
            "stop_time": 1680003200979444688,
            "ram_samples": [],
            "cpu_samples": [
                0.0,
                0.0,
                0.0,
                0.0,
                0.0,
                0.0,
                0.0,
                0.0,
                0.0,
                0.0,
                0.0,
                0.0,
                0.0,
                0.0,
                0.0,
                0.0
            ],
            "average_cpu_busy": 0.0,
            "user_cpu_time": 0.082731,
            "sys_cpu_time": 0.006363,
            "total_cpu_time": 0.08909399999999999,
            "max_rss": 18928,
            "exit_code": 0,
            "failed": false
        },
        {
            "index": 1,
            "input": 3000.0,
            "run_time": 887835.0,
            "start_time": 1680003200988728861,
            "stop_time": 1680003200989616696,
            "ram_samples": [],
            "cpu_samples": [
                0.0,
                0.0,
                0.0,
                0.0,
                0.0,
                0.0,
                0.0,
                0.0,
                0.0,
                0.0,
                0.0,
                0.0,
                0.0,
                0.0,
                0.0,
                0.0
            ],
            "average_cpu_busy": 0.0,
            "user_cpu_time": 0.1035,
            "sys_cpu_time": 0.0,
            "total_cpu_time": 0.1035,
            "max_rss": 18936,
            "exit_code": 0,
            "failed": false
        },
        {
            "index": 2,
            "input": 3000.0,
            "run_time": 855815.0,
            "start_time": 1680003201000012665,
            "stop_time": 1680003201000868480,
            "ram_samples": [],
            "cpu_samples": [
                0.0,
                0.0,
                0.0,
                0.0,
                0.0,
                0.0,
                0.0,
                0.0,
                0.0,
                0.0,
                0.0,
                0.0,
                0.0,
                0.0,
                0.0,
                0.0
            ],
            "average_cpu_busy": 0.0,
            "user_cpu_time": 0.123719,
            "sys_cpu_time": 0.0,
            "total_cpu_time": 0.123719,
            "max_rss": 18936,
            "exit_code": 0,
            "failed": false
        },
        {
            "index": 3,
            "input": 3000.0,
            "run_time": 893315.0,
            "start_time": 1680003201012715660,
            "stop_time": 1680003201013608975,
            "ram_samples": [],
            "cpu_samples": [
                0.0,
                0.0,
                0.0,
                0.0,
                0.0,
                0.0,
                0.0,
                0.0,
                0.0,
                0.0,
                0.0,
                0.0,
                0.0,
                0.0,
                0.0,
                0.0
            ],
            "average_cpu_busy": 0.0,
            "user_cpu_time": 0.088831,
            "sys_cpu_time": 0.0,
            "total_cpu_time": 0.088831,
            "max_rss": 18936,
            "exit_code": 0,
            "failed": false
        },
        {
            "index": 4,
            "input": 3000.0,
            "run_time": 935524.0,
            "start_time": 1680003201023231684,
            "stop_time": 1680003201024167208,
            "ram_samples": [],
            "cpu_samples": [
                0.0,
                0.0,
                0.0,
                0.0,
                0.0,
                0.0,
                0.0,
                0.0,
                0.0,
                0.0,
                0.0,
                0.0,
                0.0,
                0.0,
                0.0,
                0.0
            ],
            "average_cpu_busy": 0.0,
            "user_cpu_time": 0.047397999999999996,
            "sys_cpu_time": 0.044434999999999995,
            "total_cpu_time": 0.091833,
            "max_rss": 18936,
            "exit_code": 0,
            "failed": false
        },
        {
            "index": 5,
            "input": 3000.0,
            "run_time": 921939.0,
            "start_time": 1680003201033861601,
            "stop_time": 1680003201034783540,
            "ram_samples": [],
            "cpu_samples": [
                0.0,
                0.0,
                0.0,
                0.0,
                0.0,
                0.0,
                0.0,
                0.0,
                0.0,
                0.0,
                0.0,
                0.0,
                0.0,
                0.0,
                0.0,
                0.0
            ],
            "average_cpu_busy": 0.0,
            "user_cpu_time": 0.137127,
            "sys_cpu_time": 0.0,
            "total_cpu_time": 0.137127,
            "max_rss": 18936,
            "exit_code": 0,
            "failed": false
        }
    ]
}