{
    "bench": "mandelbrot-2.c",
    "language": "c",
    "input": 5000.0,
    "average_run_time": 1042228.3333333334,
    "maximum_run_time": 1329434.0,
    "minimum_run_time": 976041.0,
    "average_cpu_time": 1.4565649999999997,
    "minimum_cpu_time": 1.437714,
    "maximum_cpu_time": 1.472713,
    "average_cpu_busy": 0,
    "average_ram_load": 0,
    "run_results": [
        {
            "index": 0,
            "input": 5000.0,
            "run_time": 989476.0,
            "start_time": 1680003181712020443,
            "stop_time": 1680003181713009919,
            "ram_samples": [],
            "cpu_samples": [
                0.0,
                0.0,
                0.0,
                0.0,
                0.0,
                0.0,
                0.0,
                0.0,
                0.0,
                0.0,
                0.0,
                0.0,
                0.0,
                0.0,
                0.0,
                0.0
            ],
            "average_cpu_busy": 0.0,
            "user_cpu_time": 1.472713,
            "sys_cpu_time": 0.0,
            "total_cpu_time": 1.472713,
            "max_rss": 18412,
            "exit_code": 0,
            "failed": false
        },
        {
            "index": 1,
            "input": 5000.0,
            "run_time": 986150.0,
            "start_time": 1680003183189688205,
            "stop_time": 1680003183190674355,
            "ram_samples": [],
            "cpu_samples": [
                0.0,
                0.0,
                0.0,
                0.0,
                0.0,
                0.0,
                0.0,
                0.0,
                0.0,
                0.0,
                0.0,
                0.0,
                0.0,
                0.0,
                0.0,
                0.0
            ],
            "average_cpu_busy": 0.0,
            "user_cpu_time": 1.451187,
            "sys_cpu_time": 0.0,
            "total_cpu_time": 1.451187,
            "max_rss": 18412,
            "exit_code": 0,
            "failed": false
        },
        {
            "index": 2,
            "input": 5000.0,
            "run_time": 978445.0,
            "start_time": 1680003184645561530,
            "stop_time": 1680003184646539975,
            "ram_samples": [],
            "cpu_samples": [
                0.0,
                0.0,
                0.0,
                0.0,
                0.0,
                0.0,
                0.0,
                0.0,
                0.0,
                0.0,
                0.0,
                0.0,
                0.0,
                0.0,
                0.0,
                0.0
            ],
            "average_cpu_busy": 0.0,
            "user_cpu_time": 1.4426649999999999,
            "sys_cpu_time": 0.0039959999999999996,
            "total_cpu_time": 1.4466609999999998,
            "max_rss": 18416,
            "exit_code": 0,
            "failed": false
        },
        {
            "index": 3,
            "input": 5000.0,
            "run_time": 976041.0,
            "start_time": 1680003186097399816,
            "stop_time": 1680003186098375857,
            "ram_samples": [],
            "cpu_samples": [
                0.0,
                0.0,
                0.0,
                0.0,
                0.0,
                0.0,
                0.0,
                0.0,
                0.0,
                0.0,
                0.0,
                0.0,
                0.0,
                0.0,
                0.0,
                0.0
            ],
            "average_cpu_busy": 0.0,
            "user_cpu_time": 1.46508,
            "sys_cpu_time": 0.0,
            "total_cpu_time": 1.46508,
            "max_rss": 18416,
            "exit_code": 0,
            "failed": false
        },
        {
            "index": 4,
            "input": 5000.0,
            "run_time": 993824.0,
            "start_time": 1680003187567772716,
            "stop_time": 1680003187568766540,
            "ram_samples": [],
            "cpu_samples": [
                0.0,
                0.0,
                0.0,
                0.0,
                0.0,
                0.0,
                0.0,
                0.0,
                0.0,
                0.0,
                0.0,
                0.0,
                0.0,
                0.0,
                0.0,
                0.0
            ],
            "average_cpu_busy": 0.0,
            "user_cpu_time": 1.437714,
            "sys_cpu_time": 0.0,
            "total_cpu_time": 1.437714,
            "max_rss": 18420,
            "exit_code": 0,
            "failed": false
        },
        {
            "index": 5,
            "input": 5000.0,
            "run_time": 1329434.0,
            "start_time": 1680003189010595393,
            "stop_time": 1680003189011924827,
            "ram_samples": [],
            "cpu_samples": [
                0.0,
                0.0,
                0.0,
                0.0,
                0.0,
                0.0,
                0.0,
                0.0,
                0.0,
                0.0,
                0.0,
                0.0,
                0.0,
                0.0,
                0.0,
                0.0
            ],
            "average_cpu_busy": 0.0,
            "user_cpu_time": 1.466035,
            "sys_cpu_time": 0.0,
            "total_cpu_time": 1.466035,
            "max_rss": 18420,
            "exit_code": 0,
            "failed": false
        }
    ]
}