{
    "bench": "mandelbrot-2.c",
    "language": "c",
    "input": 1000.0,
    "average_run_time": 945691.8333333334,
    "maximum_run_time": 984386.0,
    "minimum_run_time": 898094.0,
    "average_cpu_time": 0.060766833333333325,
    "minimum_cpu_time": 0.060089,
    "maximum_cpu_time": 0.061924999999999994,
    "average_cpu_busy": 0,
    "average_ram_load": 0,
    "run_results": [
        {
            "index": 0,
            "input": 1000.0,
            "run_time": 944942.0,
            "start_time": 1680003171024513518,
            "stop_time": 1680003171025458460,
            "ram_samples": [],
            "cpu_samples": [
                0.0,
                0.0,
                0.0,
                0.0,
                0.0,
                0.0,
                0.0,
                0.0,
                0.0,
                0.0,
                0.0,
                0.0,
                0.0,
                0.0,
                0.0,
                0.0
            ],
            "average_cpu_busy": 0.0,
            "user_cpu_time": 0.060740999999999996,
            "sys_cpu_time": 0.0,
            "total_cpu_time": 0.060740999999999996,
            "max_rss": 18344,
            "exit_code": 0,
            "failed": false
        },
        {
            "index": 1,
            "input": 1000.0,
            "run_time": 898094.0,
            "start_time": 1680003171089635900,
            "stop_time": 1680003171090533994,
            "ram_samples": [],
            "cpu_samples": [
                0.0,
                0.0,
                0.0,
                0.0,
                0.0,
                0.0,
                0.0,
                0.0,
                0.0,
                0.0,
                0.0,
                0.0,
                0.0,
                0.0,
                0.0,
                0.0
            ],
            "average_cpu_busy": 0.0,
            "user_cpu_time": 0.060104,
            "sys_cpu_time": 0.0,
            "total_cpu_time": 0.060104,
            "max_rss": 18352,
            "exit_code": 0,
            "failed": false
        },
        {
            "index": 2,
            "input": 1000.0,
            "run_time": 984386.0,
            "start_time": 1680003171154277951,
            "stop_time": 1680003171155262337,
            "ram_samples": [],
            "cpu_samples": [
                0.0,
                0.0,
                0.0,
                0.0,
                0.0,
                0.0,
                0.0,
                0.0,
                0.0,
                0.0,
                0.0,
                0.0,
                0.0,
                0.0,
                0.0,
                0.0
            ],
            "average_cpu_busy": 0.0,
            "user_cpu_time": 0.061924999999999994,
            "sys_cpu_time": 0.0,
            "total_cpu_time": 0.061924999999999994,
            "max_rss": 18352,
            "exit_code": 0,
            "failed": false
        },
        {
            "index": 3,
            "input": 1000.0,
            "run_time": 960642.0,
            "start_time": 1680003171220555439,
            "stop_time": 1680003171221516081,
            "ram_samples": [],
            "cpu_samples": [
                0.0,
                0.0,
                0.0,
                0.0,
                0.0,
                0.0,
                0.0,
                0.0,
                0.0,
                0.0,
                0.0,
                0.0,
                0.0,
                0.0,
                0.0,
                0.0
            ],
            "average_cpu_busy": 0.0,
            "user_cpu_time": 0.060916,
            "sys_cpu_time": 0.0,
            "total_cpu_time": 0.060916,
            "max_rss": 18352,
            "exit_code": 0,
            "failed": false
        },
        {
            "index": 4,
            "input": 1000.0,
            "run_time": 916739.0,
            "start_time": 1680003171285475922,
            "stop_time": 1680003171286392661,
            "ram_samples": [],
            "cpu_samples": [
                0.0,
                0.0,
                0.0,
                0.0,
                0.0,
                0.0,
                0.0,
                0.0,
                0.0,
                0.0,
                0.0,
                0.0,
                0.0,
                0.0,
                0.0,
                0.0
            ],
            "average_cpu_busy": 0.0,
            "user_cpu_time": 0.060089,
            "sys_cpu_time": 0.0,
            "total_cpu_time": 0.060089,
            "max_rss": 18356,
            "exit_code": 0,
            "failed": false
        },
        {
            "index": 5,
            "input": 1000.0,
            "run_time": 969348.0,
            "start_time": 1680003171349942874,
            "stop_time": 1680003171350912222,
            "ram_samples": [],
            "cpu_samples": [
                0.0,
                0.0,
                0.0,
                0.0,
                0.0,
                0.0,
                0.0,
                0.0,
                0.0,
                0.0,
                0.0,
                0.0,
                0.0,
                100.0,
                0.0,
                0.0
            ],
            "average_cpu_busy": 9.69348e-07,
            "user_cpu_time": 0.057025,
            "sys_cpu_time": 0.0038009999999999997,
            "total_cpu_time": 0.060826,
            "max_rss": 18356,
            "exit_code": 0,
            "failed": false
        }
    ]
}