{
    "bench": "mandelbrot-2.java",
    "language": "java",
    "input": 1000.0,
    "average_run_time": 1159725.1666666667,
    "maximum_run_time": 1195953.0,
    "minimum_run_time": 1124309.0,
    "average_cpu_time": 2.0630375,
    "minimum_cpu_time": 1.974947,
    "maximum_cpu_time": 2.167697,
    "average_cpu_busy": 0,
    "average_ram_load": 0,
    "run_results": [
        {
            "index": 0,
            "input": 1000.0,
            "run_time": 1195953.0,
            "start_time": 1680003223845243502,
            "stop_time": 1680003223846439455,
            "ram_samples": [],
            "cpu_samples": [
                0.0,
                0.0,
                0.0,
                0.0,
                0.0,
                0.0,
                0.0,
                0.0,
                0.0,
                0.0,
                0.0,
                0.0,
                0.0,
                0.0,
                0.0,
                0.0
            ],
            "average_cpu_busy": 0.0,
            "user_cpu_time": 1.950715,
            "sys_cpu_time": 0.024232,
            "total_cpu_time": 1.974947,
            "max_rss": 47976,
            "exit_code": 0,
            "failed": false
        },
        {
            "index": 1,
            "input": 1000.0,
            "run_time": 1131963.0,
            "start_time": 1680003224005223576,
            "stop_time": 1680003224006355539,
            "ram_samples": [],
            "cpu_samples": [
                0.0,
                0.0,
                0.0,
                0.0,
                0.0,
                0.0,
                0.0,
                0.0,
                0.0,
                0.0,
                0.0,
                0.0,
                0.0,
                0.0,
                0.0,
                0.0
            ],
            "average_cpu_busy": 0.0,
            "user_cpu_time": 2.144227,
            "sys_cpu_time": 0.016274,
            "total_cpu_time": 2.160501,
            "max_rss": 48000,
            "exit_code": 0,
            "failed": false
        },
        {
            "index": 2,
            "input": 1000.0,
            "run_time": 1182548.0,
            "start_time": 1680003224181716130,
            "stop_time": 1680003224182898678,
            "ram_samples": [],
            "cpu_samples": [
                0.0,
                0.0,
                0.0,
                0.0,
                0.0,
                0.0,
                0.0,
                0.0,
                0.0,
                0.0,
                0.0,
                0.0,
                0.0,
                0.0,
                0.0,
                0.0
            ],
            "average_cpu_busy": 0.0,
            "user_cpu_time": 2.014636,
            "sys_cpu_time": 0.020308,
            "total_cpu_time": 2.034944,
            "max_rss": 47664,
            "exit_code": 0,
            "failed": false
        },
        {
            "index": 3,
            "input": 1000.0,
            "run_time": 1153434.0,
            "start_time": 1680003224357735998,
            "stop_time": 1680003224358889432,
            "ram_samples": [],
            "cpu_samples": [
                0.0,
                0.0,
                0.0,
                0.0,
                0.0,
                0.0,
                0.0,
                0.0,
                0.0,
                0.0,
                0.0,
                0.0,
                0.0,
                0.0,
                0.0,
                0.0
            ],
            "average_cpu_busy": 0.0,
            "user_cpu_time": 2.139335,
            "sys_cpu_time": 0.028362,
            "total_cpu_time": 2.167697,
            "max_rss": 47548,
            "exit_code": 0,
            "failed": false
        },
        {
            "index": 4,
            "input": 1000.0,
            "run_time": 1124309.0,
            "start_time": 1680003224531245237,
            "stop_time": 1680003224532369546,
            "ram_samples": [],
            "cpu_samples": [
                0.0,
                0.0,
                0.0,
                0.0,
                0.0,
                0.0,
                0.0,
                0.0,
                0.0,
                0.0,
                0.0,
                0.0,
                0.0,
                0.0,
                0.0,
                0.0
            ],
            "average_cpu_busy": 0.0,
            "user_cpu_time": 1.9827309999999998,
            "sys_cpu_time": 0.02019,
            "total_cpu_time": 2.0029209999999997,
            "max_rss": 47808,
            "exit_code": 0,
            "failed": false
        },
        {
            "index": 5,
            "input": 1000.0,
            "run_time": 1170144.0,
            "start_time": 1680003224705804436,
            "stop_time": 1680003224706974580,
            "ram_samples": [],
            "cpu_samples": [
                0.0,
                0.0,
                0.0,
                0.0,
                0.0,
                0.0,
                0.0,
                0.0,
                0.0,
                0.0,
                0.0,
                0.0,
                0.0,
                0.0,
                0.0,
                0.0
            ],
            "average_cpu_busy": 0.0,
            "user_cpu_time": 2.00507,
            "sys_cpu_time": 0.032145,
            "total_cpu_time": 2.0372149999999998,
            "max_rss": 47828,
            "exit_code": 0,
            "failed": false
        }
    ]
}