{
    "bench": "mandelbrot-3.java",
    "language": "java",
    "input": 2000.0,
    "average_runtime": 1152730.5,
    "average_cpu_busy": 0.0,
    "average_ram_load": 0,
    "run_results": [
        {
            "index": 0,
            "input": 2000.0,
            "run_time": 1165566.0,
            "start_time": 1679756181456017672,
            "stop_time": 1679756181457183238,
            "ram_samples": [],
            "cpu_samples": [
                0.0,
                0.0,
                0.0,
                0.0,
                0.0,
                0.0,
                0.0,
                0.0,
                0.0,
                0.0,
                0.0,
                0.0,
                0.0,
                0.0,
                0.0,
                0.0
            ],
            "average_cpu_busy": 0.0,
            "user_cpu_time": 0.567561,
            "sys_cpu_time": 0.028998999999999997,
            "total_cpu_time": 0.59656,
            "max_rss": 44400,
            "exit_code": 0,
            "failed": false
        },
        {
            "index": 1,
            "input": 2000.0,
            "run_time": 1170425.0,
            "start_time": 1679756181533567973,
            "stop_time": 1679756181534738398,
            "ram_samples": [],
            "cpu_samples": [
                0.0,
                0.0,
                0.0,
                0.0,
                0.0,
                0.0,
                0.0,
                0.0,
                0.0,
                0.0,
                0.0,
                0.0,
                0.0,
                0.0,
                0.0,
                0.0
            ],
            "average_cpu_busy": 0.0,
            "user_cpu_time": 0.507722,
            "sys_cpu_time": 0.016510999999999998,
            "total_cpu_time": 0.524233,
            "max_rss": 44636,
            "exit_code": 0,
            "failed": false
        },
        {
            "index": 2,
            "input": 2000.0,
            "run_time": 1140980.0,
            "start_time": 1679756181606752155,
            "stop_time": 1679756181607893135,
            "ram_samples": [],
            "cpu_samples": [
                0.0,
                0.0,
                0.0,
                0.0,
                0.0,
                0.0,
                0.0,
                0.0,
                0.0,
                0.0,
                0.0,
                0.0,
                0.0,
                0.0,
                0.0,
                0.0
            ],
            "average_cpu_busy": 0.0,
            "user_cpu_time": 0.271402,
            "sys_cpu_time": 0.016203,
            "total_cpu_time": 0.287605,
            "max_rss": 44672,
            "exit_code": 0,
            "failed": false
        },
        {
            "index": 3,
            "input": 2000.0,
            "run_time": 1188159.0,
            "start_time": 1679756181684583774,
            "stop_time": 1679756181685771933,
            "ram_samples": [],
            "cpu_samples": [
                0.0,
                0.0,
                0.0,
                0.0,
                0.0,
                0.0,
                0.0,
                0.0,
                0.0,
                0.0,
                0.0,
                0.0,
                0.0,
                0.0,
                0.0,
                0.0
            ],
            "average_cpu_busy": 0.0,
            "user_cpu_time": 0.709523,
            "sys_cpu_time": 0.016309999999999998,
            "total_cpu_time": 0.7258330000000001,
            "max_rss": 44372,
            "exit_code": 0,
            "failed": false
        },
        {
            "index": 4,
            "input": 2000.0,
            "run_time": 1138476.0,
            "start_time": 1679756181768866442,
            "stop_time": 1679756181770004918,
            "ram_samples": [],
            "cpu_samples": [
                0.0,
                0.0,
                0.0,
                0.0,
                0.0,
                0.0,
                0.0,
                0.0,
                0.0,
                0.0,
                0.0,
                0.0,
                0.0,
                0.0,
                0.0,
                0.0
            ],
            "average_cpu_busy": 0.0,
            "user_cpu_time": 0.558364,
            "sys_cpu_time": 0.007755,
            "total_cpu_time": 0.5661189999999999,
            "max_rss": 44544,
            "exit_code": 0,
            "failed": false
        },
        {
            "index": 5,
            "input": 2000.0,
            "run_time": 1112777.0,
            "start_time": 1679756181851320641,
            "stop_time": 1679756181852433418,
            "ram_samples": [],
            "cpu_samples": [
                0.0,
                0.0,
                0.0,
                0.0,
                0.0,
                0.0,
                0.0,
                0.0,
                0.0,
                0.0,
                0.0,
                0.0,
                0.0,
                0.0,
                0.0,
                0.0
            ],
            "average_cpu_busy": 0.0,
            "user_cpu_time": 0.467904,
            "sys_cpu_time": 0.070185,
            "total_cpu_time": 0.538089,
            "max_rss": 44628,
            "exit_code": 0,
            "failed": false
        }
    ]
}