{
    "bench": "mandelbrot-1.rust",
    "language": "rust",
    "input": 1000.0,
    "average_runtime": 922606.0,
    "average_cpu_busy": 0.0,
    "average_ram_load": 0,
    "run_results": [
        {
            "index": 0,
            "input": 1000.0,
            "run_time": 906028.0,
            "start_time": 1679663708000092589,
            "stop_time": 1679663708000998617,
            "ram_samples": [],
            "cpu_samples": [
                0.0,
                0.0,
                0.0,
                0.0,
                0.0,
                0.0,
                0.0,
                0.0,
                0.0,
                0.0,
                0.0,
                0.0,
                0.0,
                0.0,
                0.0,
                0.0
            ],
            "average_cpu_busy": 0.0,
            "user_cpu_time": 0.028454999999999998,
            "sys_cpu_time": 0.002188,
            "total_cpu_time": 0.030642999999999997,
            "max_rss": 17776,
            "exit_code": 0,
            "failed": false
        },
        {
            "index": 1,
            "input": 1000.0,
            "run_time": 906037.0,
            "start_time": 1679663708007511878,
            "stop_time": 1679663708008417915,
            "ram_samples": [],
            "cpu_samples": [
                0.0,
                0.0,
                0.0,
                0.0,
                0.0,
                0.0,
                0.0,
                0.0,
                0.0,
                0.0,
                0.0,
                0.0,
                0.0,
                0.0,
                0.0,
                0.0
            ],
            "average_cpu_busy": 0.0,
            "user_cpu_time": 0.024644,
            "sys_cpu_time": 0.00224,
            "total_cpu_time": 0.026883999999999998,
            "max_rss": 17780,
            "exit_code": 0,
            "failed": false
        },
        {
            "index": 2,
            "input": 1000.0,
            "run_time": 850673.0,
            "start_time": 1679663708014377029,
            "stop_time": 1679663708015227702,
            "ram_samples": [],
            "cpu_samples": [
                0.0,
                0.0,
                0.0,
                0.0,
                0.0,
                0.0,
                0.0,
                0.0,
                0.0,
                0.0,
                0.0,
                0.0,
                0.0,
                0.0,
                0.0,
                0.0
            ],
            "average_cpu_busy": 0.0,
            "user_cpu_time": 0.026972,
            "sys_cpu_time": 0.0,
            "total_cpu_time": 0.026972,
            "max_rss": 17780,
            "exit_code": 0,
            "failed": false
        },
        {
            "index": 3,
            "input": 1000.0,
            "run_time": 910156.0,
            "start_time": 1679663708020869941,
            "stop_time": 1679663708021780097,
            "ram_samples": [],
            "cpu_samples": [
                0.0,
                0.0,
                0.0,
                0.0,
                0.0,
                0.0,
                0.0,
                0.0,
                0.0,
                0.0,
                0.0,
                0.0,
                0.0,
                0.0,
                0.0,
                0.0
            ],
            "average_cpu_busy": 0.0,
            "user_cpu_time": 0.02251,
            "sys_cpu_time": 0.0050019999999999995,
            "total_cpu_time": 0.027511999999999998,
            "max_rss": 17780,
            "exit_code": 0,
            "failed": false
        },
        {
            "index": 4,
            "input": 1000.0,
            "run_time": 917730.0,
            "start_time": 1679663708027880590,
            "stop_time": 1679663708028798320,
            "ram_samples": [],
            "cpu_samples": [
                0.0,
                0.0,
                0.0,
                0.0,
                0.0,
                0.0,
                0.0,
                0.0,
                0.0,
                0.0,
                0.0,
                0.0,
                0.0,
                0.0,
                0.0,
                0.0
            ],
            "average_cpu_busy": 0.0,
            "user_cpu_time": 0.025758,
            "sys_cpu_time": 0.001981,
            "total_cpu_time": 0.027739,
            "max_rss": 17784,
            "exit_code": 0,
            "failed": false
        },
        {
            "index": 5,
            "input": 1000.0,
            "run_time": 1045012.0,
            "start_time": 1679663708034701738,
            "stop_time": 1679663708035746750,
            "ram_samples": [],
            "cpu_samples": [
                0.0,
                0.0,
                0.0,
                0.0,
                0.0,
                0.0,
                0.0,
                0.0,
                0.0,
                0.0,
                0.0,
                0.0,
                0.0,
                0.0,
                0.0,
                0.0
            ],
            "average_cpu_busy": 0.0,
            "user_cpu_time": 0.028489,
            "sys_cpu_time": 0.0,
            "total_cpu_time": 0.028489,
            "max_rss": 17784,
            "exit_code": 0,
            "failed": false
        }
    ]
}