{
    "bench": "mandelbrot-3.ada",
    "language": "ada",
    "input": 2000.0,
    "average_runtime": 880500.6666666666,
    "average_cpu_busy": 0.0,
    "average_ram_load": 0,
    "run_results": [
        {
            "index": 0,
            "input": 2000.0,
            "run_time": 916648.0,
            "start_time": 1679663707047270633,
            "stop_time": 1679663707048187281,
            "ram_samples": [],
            "cpu_samples": [
                0.0,
                0.0,
                0.0,
                0.0,
                0.0,
                0.0,
                0.0,
                0.0,
                0.0,
                0.0,
                0.0,
                0.0,
                0.0,
                0.0,
                0.0,
                0.0
            ],
            "average_cpu_busy": 0.0,
            "user_cpu_time": 0.18069,
            "sys_cpu_time": 0.004633,
            "total_cpu_time": 0.185323,
            "max_rss": 17716,
            "exit_code": 0,
            "failed": false
        },
        {
            "index": 1,
            "input": 2000.0,
            "run_time": 868196.0,
            "start_time": 1679663707076323316,
            "stop_time": 1679663707077191512,
            "ram_samples": [],
            "cpu_samples": [
                0.0,
                0.0,
                0.0,
                0.0,
                0.0,
                0.0,
                0.0,
                0.0,
                0.0,
                0.0,
                0.0,
                0.0,
                0.0,
                0.0,
                0.0,
                0.0
            ],
            "average_cpu_busy": 0.0,
            "user_cpu_time": 0.183497,
            "sys_cpu_time": 0.0039889999999999995,
            "total_cpu_time": 0.18748599999999999,
            "max_rss": 17720,
            "exit_code": 0,
            "failed": false
        },
        {
            "index": 2,
            "input": 2000.0,
            "run_time": 843047.0,
            "start_time": 1679663707105161720,
            "stop_time": 1679663707106004767,
            "ram_samples": [],
            "cpu_samples": [
                0.0,
                0.0,
                0.0,
                0.0,
                0.0,
                0.0,
                0.0,
                0.0,
                0.0,
                0.0,
                0.0,
                0.0,
                0.0,
                0.0,
                0.0,
                0.0
            ],
            "average_cpu_busy": 0.0,
            "user_cpu_time": 0.180493,
            "sys_cpu_time": 0.004297,
            "total_cpu_time": 0.18478999999999998,
            "max_rss": 17720,
            "exit_code": 0,
            "failed": false
        },
        {
            "index": 3,
            "input": 2000.0,
            "run_time": 873816.0,
            "start_time": 1679663707134341675,
            "stop_time": 1679663707135215491,
            "ram_samples": [],
            "cpu_samples": [
                0.0,
                0.0,
                0.0,
                0.0,
                0.0,
                0.0,
                0.0,
                0.0,
                0.0,
                0.0,
                0.0,
                0.0,
                0.0,
                0.0,
                0.0,
                0.0
            ],
            "average_cpu_busy": 0.0,
            "user_cpu_time": 0.186609,
            "sys_cpu_time": 0.0,
            "total_cpu_time": 0.186609,
            "max_rss": 17720,
            "exit_code": 0,
            "failed": false
        },
        {
            "index": 4,
            "input": 2000.0,
            "run_time": 897481.0,
            "start_time": 1679663707163927845,
            "stop_time": 1679663707164825326,
            "ram_samples": [],
            "cpu_samples": [
                0.0,
                0.0,
                0.0,
                0.0,
                0.0,
                0.0,
                0.0,
                0.0,
                0.0,
                0.0,
                0.0,
                0.0,
                0.0,
                0.0,
                0.0,
                0.0
            ],
            "average_cpu_busy": 0.0,
            "user_cpu_time": 0.17279999999999998,
            "sys_cpu_time": 0.009094,
            "total_cpu_time": 0.18189399999999997,
            "max_rss": 17720,
            "exit_code": 0,
            "failed": false
        },
        {
            "index": 5,
            "input": 2000.0,
            "run_time": 883816.0,
            "start_time": 1679663707196346687,
            "stop_time": 1679663707197230503,
            "ram_samples": [],
            "cpu_samples": [
                0.0,
                0.0,
                0.0,
                0.0,
                0.0,
                0.0,
                0.0,
                0.0,
                0.0,
                0.0,
                0.0,
                0.0,
                0.0,
                0.0,
                0.0,
                0.0
            ],
            "average_cpu_busy": 0.0,
            "user_cpu_time": 0.178162,
            "sys_cpu_time": 0.004241,
            "total_cpu_time": 0.18240299999999998,
            "max_rss": 17720,
            "exit_code": 0,
            "failed": false
        }
    ]
}