{
    "bench": "mandelbrot-1.java",
    "language": "java",
    "input": 5000.0,
    "average_run_time": 1144098.8333333333,
    "maximum_run_time": 1299788.0,
    "minimum_run_time": 1090154.0,
    "average_cpu_time": 0.0204115,
    "minimum_cpu_time": 0.019926,
    "maximum_cpu_time": 0.021275999999999996,
    "average_cpu_busy": 0,
    "average_ram_load": 0,
    "run_results": [
        {
            "index": 0,
            "input": 5000.0,
            "run_time": 1129178.0,
            "start_time": 1680003198741457813,
            "stop_time": 1680003198742586991,
            "ram_samples": [],
            "cpu_samples": [
                0.0,
                0.0,
                0.0,
                0.0,
                0.0,
                0.0,
                0.0,
                0.0,
                0.0,
                0.0,
                0.0,
                0.0,
                0.0,
                0.0,
                0.0,
                0.0
            ],
            "average_cpu_busy": 0.0,
            "user_cpu_time": 0.005693,
            "sys_cpu_time": 0.014232999999999999,
            "total_cpu_time": 0.019926,
            "max_rss": 37888,
            "exit_code": 256,
            "failed": false
        },
        {
            "index": 1,
            "input": 5000.0,
            "run_time": 1100984.0,
            "start_time": 1680003198762994918,
            "stop_time": 1680003198764095902,
            "ram_samples": [],
            "cpu_samples": [
                0.0,
                0.0,
                0.0,
                0.0,
                0.0,
                0.0,
                0.0,
                0.0,
                0.0,
                0.0,
                0.0,
                0.0,
                0.0,
                0.0,
                0.0,
                0.0
            ],
            "average_cpu_busy": 0.0,
            "user_cpu_time": 0.012376,
            "sys_cpu_time": 0.00825,
            "total_cpu_time": 0.020626,
            "max_rss": 38016,
            "exit_code": 256,
            "failed": false
        },
        {
            "index": 2,
            "input": 5000.0,
            "run_time": 1132965.0,
            "start_time": 1680003198785026169,
            "stop_time": 1680003198786159134,
            "ram_samples": [],
            "cpu_samples": [
                0.0,
                0.0,
                0.0,
                0.0,
                0.0,
                0.0,
                0.0,
                0.0,
                0.0,
                0.0,
                0.0,
                0.0,
                0.0,
                0.0,
                0.0,
                0.0
            ],
            "average_cpu_busy": 0.0,
            "user_cpu_time": 0.012157999999999999,
            "sys_cpu_time": 0.009118,
            "total_cpu_time": 0.021275999999999996,
            "max_rss": 37872,
            "exit_code": 256,
            "failed": false
        },
        {
            "index": 3,
            "input": 5000.0,
            "run_time": 1111524.0,
            "start_time": 1680003198807602783,
            "stop_time": 1680003198808714307,
            "ram_samples": [],
            "cpu_samples": [
                0.0,
                0.0,
                0.0,
                0.0,
                0.0,
                0.0,
                0.0,
                0.0,
                0.0,
                0.0,
                0.0,
                0.0,
                0.0,
                0.0,
                0.0,
                0.0
            ],
            "average_cpu_busy": 0.0,
            "user_cpu_time": 0.020037,
            "sys_cpu_time": 0.0,
            "total_cpu_time": 0.020037,
            "max_rss": 38016,
            "exit_code": 256,
            "failed": false
        },
        {
            "index": 4,
            "input": 5000.0,
            "run_time": 1299788.0,
            "start_time": 1680003198829363176,
            "stop_time": 1680003198830662964,
            "ram_samples": [],
            "cpu_samples": [
                0.0,
                0.0,
                0.0,
                0.0,
                0.0,
                0.0,
                0.0,
                0.0,
                0.0,
                0.0,
                0.0,
                0.0,
                0.0,
                0.0,
                0.0,
                0.0
            ],
            "average_cpu_busy": 0.0,
            "user_cpu_time": 0.01021,
            "sys_cpu_time": 0.01021,
            "total_cpu_time": 0.02042,
            "max_rss": 38144,
            "exit_code": 256,
            "failed": false
        },
        {
            "index": 5,
            "input": 5000.0,
            "run_time": 1090154.0,
            "start_time": 1680003198851330237,
            "stop_time": 1680003198852420391,
            "ram_samples": [],
            "cpu_samples": [
                0.0,
                0.0,
                0.0,
                0.0,
                0.0,
                0.0,
                0.0,
                0.0,
                0.0,
                0.0,
                0.0,
                0.0,
                0.0,
                0.0,
                0.0,
                0.0
            ],
            "average_cpu_busy": 0.0,
            "user_cpu_time": 0.0,
            "sys_cpu_time": 0.020184,
            "total_cpu_time": 0.020184,
            "max_rss": 38144,
            "exit_code": 256,
            "failed": false
        }
    ]
}