{
    "bench": "mandelbrot-4.java",
    "language": "java",
    "input": 2000.0,
    "average_run_time": 1136246.6666666667,
    "maximum_run_time": 1248883.0,
    "minimum_run_time": 1071701.0,
    "average_cpu_time": 1.911303,
    "minimum_cpu_time": 1.877454,
    "maximum_cpu_time": 2.032458,
    "average_cpu_busy": 0,
    "average_ram_load": 0,
    "run_results": [
        {
            "index": 0,
            "input": 2000.0,
            "run_time": 1104402.0,
            "start_time": 1680003135417889353,
            "stop_time": 1680003135418993755,
            "ram_samples": [],
            "cpu_samples": [
                0.0,
                0.0,
                0.0,
                0.0,
                0.0,
                0.0,
                0.0,
                0.0,
                0.0,
                0.0,
                0.0,
                0.0,
                0.0,
                0.0,
                0.0,
                0.0
            ],
            "average_cpu_busy": 0.0,
            "user_cpu_time": 1.867627,
            "sys_cpu_time": 0.01991,
            "total_cpu_time": 1.887537,
            "max_rss": 51456,
            "exit_code": 0,
            "failed": false
        },
        {
            "index": 1,
            "input": 2000.0,
            "run_time": 1158873.0,
            "start_time": 1680003135588428051,
            "stop_time": 1680003135589586924,
            "ram_samples": [],
            "cpu_samples": [
                0.0,
                0.0,
                0.0,
                0.0,
                0.0,
                0.0,
                0.0,
                0.0,
                0.0,
                0.0,
                0.0,
                0.0,
                0.0,
                0.0,
                0.0,
                0.0
            ],
            "average_cpu_busy": 0.0,
            "user_cpu_time": 1.867191,
            "sys_cpu_time": 0.011942999999999999,
            "total_cpu_time": 1.879134,
            "max_rss": 51072,
            "exit_code": 0,
            "failed": false
        },
        {
            "index": 2,
            "input": 2000.0,
            "run_time": 1071701.0,
            "start_time": 1680003135769496948,
            "stop_time": 1680003135770568649,
            "ram_samples": [],
            "cpu_samples": [
                0.0,
                0.0,
                0.0,
                0.0,
                0.0,
                0.0,
                0.0,
                0.0,
                0.0,
                0.0,
                0.0,
                0.0,
                0.0,
                0.0,
                0.0,
                0.0
            ],
            "average_cpu_busy": 0.0,
            "user_cpu_time": 1.8898739999999998,
            "sys_cpu_time": 0.023821,
            "total_cpu_time": 1.913695,
            "max_rss": 52352,
            "exit_code": 0,
            "failed": false
        },
        {
            "index": 3,
            "input": 2000.0,
            "run_time": 1125602.0,
            "start_time": 1680003135962342704,
            "stop_time": 1680003135963468306,
            "ram_samples": [],
            "cpu_samples": [
                0.0,
                0.0,
                0.0,
                0.0,
                0.0,
                0.0,
                0.0,
                0.0,
                0.0,
                0.0,
                0.0,
                0.0,
                0.0,
                0.0,
                0.0,
                0.0
            ],
            "average_cpu_busy": 0.0,
            "user_cpu_time": 1.853538,
            "sys_cpu_time": 0.023916,
            "total_cpu_time": 1.877454,
            "max_rss": 51328,
            "exit_code": 0,
            "failed": false
        },
        {
            "index": 4,
            "input": 2000.0,
            "run_time": 1108019.0,
            "start_time": 1680003136140328429,
            "stop_time": 1680003136141436448,
            "ram_samples": [],
            "cpu_samples": [
                0.0,
                0.0,
                0.0,
                0.0,
                0.0,
                0.0,
                0.0,
                0.0,
                0.0,
                0.0,
                0.0,
                0.0,
                0.0,
                0.0,
                0.0,
                0.0
            ],
            "average_cpu_busy": 0.0,
            "user_cpu_time": 1.8695849999999998,
            "sys_cpu_time": 0.007955,
            "total_cpu_time": 1.8775399999999998,
            "max_rss": 51200,
            "exit_code": 0,
            "failed": false
        },
        {
            "index": 5,
            "input": 2000.0,
            "run_time": 1248883.0,
            "start_time": 1680003136310817153,
            "stop_time": 1680003136312066036,
            "ram_samples": [],
            "cpu_samples": [
                0.0,
                0.0,
                0.0,
                0.0,
                0.0,
                0.0,
                0.0,
                0.0,
                0.0,
                0.0,
                0.0,
                0.0,
                0.0,
                0.0,
                0.0,
                0.0
            ],
            "average_cpu_busy": 0.0,
            "user_cpu_time": 2.012295,
            "sys_cpu_time": 0.020163,
            "total_cpu_time": 2.032458,
            "max_rss": 51584,
            "exit_code": 0,
            "failed": false
        }
    ]
}