{
    "bench": "mandelbrot-3.c",
    "language": "c",
    "input": 1000.0,
    "average_runtime": 900176.8333333334,
    "average_cpu_busy": 0.0,
    "average_ram_load": 0,
    "run_results": [
        {
            "index": 0,
            "input": 1000.0,
            "run_time": 912422.0,
            "start_time": 1679756181982732503,
            "stop_time": 1679756181983644925,
            "ram_samples": [],
            "cpu_samples": [
                0.0,
                0.0,
                0.0,
                0.0,
                0.0,
                0.0,
                0.0,
                0.0,
                0.0,
                0.0,
                0.0,
                0.0,
                0.0,
                0.0,
                0.0,
                0.0
            ],
            "average_cpu_busy": 0.0,
            "user_cpu_time": 0.032092999999999997,
            "sys_cpu_time": 0.0,
            "total_cpu_time": 0.032092999999999997,
            "max_rss": 17796,
            "exit_code": 0,
            "failed": false
        },
        {
            "index": 1,
            "input": 1000.0,
            "run_time": 904817.0,
            "start_time": 1679756181994767145,
            "stop_time": 1679756181995671962,
            "ram_samples": [],
            "cpu_samples": [
                0.0,
                0.0,
                0.0,
                0.0,
                0.0,
                0.0,
                0.0,
                0.0,
                0.0,
                0.0,
                0.0,
                0.0,
                0.0,
                0.0,
                0.0,
                0.0
            ],
            "average_cpu_busy": 0.0,
            "user_cpu_time": 0.032152,
            "sys_cpu_time": 0.0,
            "total_cpu_time": 0.032152,
            "max_rss": 17800,
            "exit_code": 0,
            "failed": false
        },
        {
            "index": 2,
            "input": 1000.0,
            "run_time": 870263.0,
            "start_time": 1679756182007306343,
            "stop_time": 1679756182008176606,
            "ram_samples": [],
            "cpu_samples": [
                0.0,
                0.0,
                0.0,
                0.0,
                0.0,
                0.0,
                0.0,
                0.0,
                0.0,
                0.0,
                0.0,
                0.0,
                0.0,
                0.0,
                0.0,
                0.0
            ],
            "average_cpu_busy": 0.0,
            "user_cpu_time": 0.032230999999999996,
            "sys_cpu_time": 0.0,
            "total_cpu_time": 0.032230999999999996,
            "max_rss": 17800,
            "exit_code": 0,
            "failed": false
        },
        {
            "index": 3,
            "input": 1000.0,
            "run_time": 811532.0,
            "start_time": 1679756182019074816,
            "stop_time": 1679756182019886348,
            "ram_samples": [],
            "cpu_samples": [
                0.0,
                0.0,
                0.0,
                0.0,
                0.0,
                0.0,
                0.0,
                0.0,
                0.0,
                0.0,
                0.0,
                0.0,
                0.0,
                0.0,
                0.0,
                0.0
            ],
            "average_cpu_busy": 0.0,
            "user_cpu_time": 0.035581999999999996,
            "sys_cpu_time": 0.0,
            "total_cpu_time": 0.035581999999999996,
            "max_rss": 17800,
            "exit_code": 0,
            "failed": false
        },
        {
            "index": 4,
            "input": 1000.0,
            "run_time": 952787.0,
            "start_time": 1679756182031586683,
            "stop_time": 1679756182032539470,
            "ram_samples": [],
            "cpu_samples": [
                0.0,
                0.0,
                0.0,
                0.0,
                0.0,
                0.0,
                0.0,
                0.0,
                0.0,
                0.0,
                0.0,
                0.0,
                0.0,
                0.0,
                0.0,
                0.0
            ],
            "average_cpu_busy": 0.0,
            "user_cpu_time": 0.031952999999999995,
            "sys_cpu_time": 0.0,
            "total_cpu_time": 0.031952999999999995,
            "max_rss": 17800,
            "exit_code": 0,
            "failed": false
        },
        {
            "index": 5,
            "input": 1000.0,
            "run_time": 949240.0,
            "start_time": 1679756182043382848,
            "stop_time": 1679756182044332088,
            "ram_samples": [],
            "cpu_samples": [
                0.0,
                0.0,
                0.0,
                0.0,
                0.0,
                0.0,
                0.0,
                0.0,
                0.0,
                0.0,
                0.0,
                0.0,
                0.0,
                0.0,
                0.0,
                0.0
            ],
            "average_cpu_busy": 0.0,
            "user_cpu_time": 0.032211,
            "sys_cpu_time": 0.0,
            "total_cpu_time": 0.032211,
            "max_rss": 17800,
            "exit_code": 0,
            "failed": false
        }
    ]
}