{
    "bench": "mandelbrot-1.java",
    "language": "java",
    "input": 2000.0,
    "average_run_time": 1127070.8333333333,
    "maximum_run_time": 1148524.0,
    "minimum_run_time": 1105133.0,
    "average_cpu_time": 0.020527833333333332,
    "minimum_cpu_time": 0.020218,
    "maximum_cpu_time": 0.021240000000000002,
    "average_cpu_busy": 0,
    "average_ram_load": 0,
    "run_results": [
        {
            "index": 0,
            "input": 2000.0,
            "run_time": 1148524.0,
            "start_time": 1680003198345465862,
            "stop_time": 1680003198346614386,
            "ram_samples": [],
            "cpu_samples": [
                0.0,
                0.0,
                0.0,
                0.0,
                0.0,
                0.0,
                0.0,
                0.0,
                0.0,
                0.0,
                0.0,
                0.0,
                0.0,
                0.0,
                0.0,
                0.0
            ],
            "average_cpu_busy": 0.0,
            "user_cpu_time": 0.012744,
            "sys_cpu_time": 0.008496,
            "total_cpu_time": 0.021240000000000002,
            "max_rss": 38272,
            "exit_code": 256,
            "failed": false
        },
        {
            "index": 1,
            "input": 2000.0,
            "run_time": 1106656.0,
            "start_time": 1680003198368397752,
            "stop_time": 1680003198369504408,
            "ram_samples": [],
            "cpu_samples": [
                0.0,
                0.0,
                0.0,
                0.0,
                0.0,
                0.0,
                0.0,
                0.0,
                0.0,
                0.0,
                0.0,
                0.0,
                0.0,
                0.0,
                0.0,
                0.0
            ],
            "average_cpu_busy": 0.0,
            "user_cpu_time": 0.006991,
            "sys_cpu_time": 0.013982,
            "total_cpu_time": 0.020973,
            "max_rss": 38016,
            "exit_code": 256,
            "failed": false
        },
        {
            "index": 2,
            "input": 2000.0,
            "run_time": 1105133.0,
            "start_time": 1680003198390758862,
            "stop_time": 1680003198391863995,
            "ram_samples": [],
            "cpu_samples": [
                0.0,
                0.0,
                0.0,
                0.0,
                0.0,
                0.0,
                0.0,
                0.0,
                0.0,
                0.0,
                0.0,
                0.0,
                0.0,
                0.0,
                0.0,
                0.0
            ],
            "average_cpu_busy": 0.0,
            "user_cpu_time": 0.015172999999999999,
            "sys_cpu_time": 0.005057,
            "total_cpu_time": 0.020229999999999998,
            "max_rss": 38144,
            "exit_code": 256,
            "failed": false
        },
        {
            "index": 3,
            "input": 2000.0,
            "run_time": 1144277.0,
            "start_time": 1680003198412475042,
            "stop_time": 1680003198413619319,
            "ram_samples": [],
            "cpu_samples": [
                0.0,
                0.0,
                0.0,
                0.0,
                0.0,
                0.0,
                0.0,
                0.0,
                0.0,
                0.0,
                0.0,
                0.0,
                0.0,
                0.0,
                0.0,
                0.0
            ],
            "average_cpu_busy": 0.0,
            "user_cpu_time": 0.008107,
            "sys_cpu_time": 0.012161,
            "total_cpu_time": 0.020268,
            "max_rss": 38400,
            "exit_code": 256,
            "failed": false
        },
        {
            "index": 4,
            "input": 2000.0,
            "run_time": 1130721.0,
            "start_time": 1680003198434271934,
            "stop_time": 1680003198435402655,
            "ram_samples": [],
            "cpu_samples": [
                0.0,
                0.0,
                0.0,
                0.0,
                0.0,
                0.0,
                0.0,
                0.0,
                0.0,
                0.0,
                0.0,
                0.0,
                0.0,
                0.0,
                0.0,
                0.0
            ],
            "average_cpu_busy": 0.0,
            "user_cpu_time": 0.012131,
            "sys_cpu_time": 0.008087,
            "total_cpu_time": 0.020218,
            "max_rss": 38016,
            "exit_code": 256,
            "failed": false
        },
        {
            "index": 5,
            "input": 2000.0,
            "run_time": 1127114.0,
            "start_time": 1680003198455823105,
            "stop_time": 1680003198456950219,
            "ram_samples": [],
            "cpu_samples": [
                0.0,
                0.0,
                0.0,
                0.0,
                0.0,
                0.0,
                0.0,
                0.0,
                0.0,
                0.0,
                0.0,
                0.0,
                0.0,
                0.0,
                0.0,
                0.0
            ],
            "average_cpu_busy": 0.0,
            "user_cpu_time": 0.012143,
            "sys_cpu_time": 0.008095,
            "total_cpu_time": 0.020238,
            "max_rss": 38120,
            "exit_code": 256,
            "failed": false
        }
    ]
}