{
    "bench": "mandelbrot-3.ada",
    "language": "ada",
    "input": 5000.0,
    "average_run_time": 997596.0,
    "maximum_run_time": 1190462.0,
    "minimum_run_time": 918673.0,
    "average_cpu_time": 1.1584866666666667,
    "minimum_cpu_time": 1.136356,
    "maximum_cpu_time": 1.1903569999999999,
    "average_cpu_busy": 0,
    "average_ram_load": 0,
    "run_results": [
        {
            "index": 0,
            "input": 5000.0,
            "run_time": 1045922.0,
            "start_time": 1680003191771918182,
            "stop_time": 1680003191772964104,
            "ram_samples": [],
            "cpu_samples": [
                0.0,
                0.0,
                0.0,
                0.0,
                0.0,
                0.0,
                0.0,
                0.0,
                0.0,
                0.0,
                0.0,
                0.0,
                0.0,
                0.0,
                0.0,
                0.0
            ],
            "average_cpu_busy": 0.0,
            "user_cpu_time": 1.134843,
            "sys_cpu_time": 0.008223,
            "total_cpu_time": 1.1430660000000001,
            "max_rss": 18508,
            "exit_code": 0,
            "failed": false
        },
        {
            "index": 1,
            "input": 5000.0,
            "run_time": 945774.0,
            "start_time": 1680003191875991519,
            "stop_time": 1680003191876937293,
            "ram_samples": [],
            "cpu_samples": [
                0.0,
                0.0,
                0.0,
                0.0,
                0.0,
                0.0,
                0.0,
                0.0,
                0.0,
                0.0,
                0.0,
                0.0,
                0.0,
                0.0,
                0.0,
                0.0
            ],
            "average_cpu_busy": 0.0,
            "user_cpu_time": 1.132313,
            "sys_cpu_time": 0.004043,
            "total_cpu_time": 1.136356,
            "max_rss": 18508,
            "exit_code": 0,
            "failed": false
        },
        {
            "index": 2,
            "input": 5000.0,
            "run_time": 933020.0,
            "start_time": 1680003191988558056,
            "stop_time": 1680003191989491076,
            "ram_samples": [],
            "cpu_samples": [
                0.0,
                0.0,
                0.0,
                0.0,
                0.0,
                0.0,
                0.0,
                0.0,
                0.0,
                0.0,
                0.0,
                0.0,
                0.0,
                0.0,
                0.0,
                0.0
            ],
            "average_cpu_busy": 0.0,
            "user_cpu_time": 1.169975,
            "sys_cpu_time": 0.020382,
            "total_cpu_time": 1.1903569999999999,
            "max_rss": 18508,
            "exit_code": 0,
            "failed": false
        },
        {
            "index": 3,
            "input": 5000.0,
            "run_time": 918673.0,
            "start_time": 1680003192100483280,
            "stop_time": 1680003192101401953,
            "ram_samples": [],
            "cpu_samples": [
                0.0,
                0.0,
                0.0,
                0.0,
                0.0,
                0.0,
                0.0,
                0.0,
                0.0,
                0.0,
                0.0,
                0.0,
                0.0,
                0.0,
                0.0,
                0.0
            ],
            "average_cpu_busy": 0.0,
            "user_cpu_time": 1.143667,
            "sys_cpu_time": 0.008053,
            "total_cpu_time": 1.15172,
            "max_rss": 18508,
            "exit_code": 0,
            "failed": false
        },
        {
            "index": 4,
            "input": 5000.0,
            "run_time": 1190462.0,
            "start_time": 1680003192213475024,
            "stop_time": 1680003192214665486,
            "ram_samples": [],
            "cpu_samples": [
                0.0,
                0.0,
                0.0,
                0.0,
                0.0,
                0.0,
                0.0,
                0.0,
                0.0,
                0.0,
                0.0,
                0.0,
                0.0,
                0.0,
                0.0,
                0.0
            ],
            "average_cpu_busy": 0.0,
            "user_cpu_time": 1.149242,
            "sys_cpu_time": 0.007844,
            "total_cpu_time": 1.157086,
            "max_rss": 18508,
            "exit_code": 0,
            "failed": false
        },
        {
            "index": 5,
            "input": 5000.0,
            "run_time": 951725.0,
            "start_time": 1680003192322690645,
            "stop_time": 1680003192323642370,
            "ram_samples": [],
            "cpu_samples": [
                0.0,
                0.0,
                0.0,
                0.0,
                0.0,
                0.0,
                0.0,
                0.0,
                0.0,
                0.0,
                0.0,
                0.0,
                0.0,
                0.0,
                0.0,
                0.0
            ],
            "average_cpu_busy": 0.0,
            "user_cpu_time": 1.160651,
            "sys_cpu_time": 0.011684,
            "total_cpu_time": 1.1723350000000001,
            "max_rss": 18508,
            "exit_code": 0,
            "failed": false
        }
    ]
}