{
    "bench": "mandelbrot-2.ada",
    "language": "ada",
    "input": 1000.0,
    "average_run_time": 1042715.5,
    "maximum_run_time": 1489694.0,
    "minimum_run_time": 871154.0,
    "average_cpu_time": 0.0626705,
    "minimum_cpu_time": 0.06223399999999999,
    "maximum_cpu_time": 0.06350499999999999,
    "average_cpu_busy": 0,
    "average_ram_load": 0,
    "run_results": [
        {
            "index": 0,
            "input": 1000.0,
            "run_time": 871154.0,
            "start_time": 1680003148270255286,
            "stop_time": 1680003148271126440,
            "ram_samples": [],
            "cpu_samples": [
                0.0,
                0.0,
                0.0,
                0.0,
                0.0,
                0.0,
                0.0,
                0.0,
                0.0,
                100.0,
                0.0,
                0.0,
                0.0,
                0.0,
                0.0,
                0.0
            ],
            "average_cpu_busy": 8.711539999999999e-07,
            "user_cpu_time": 0.062536,
            "sys_cpu_time": 0.0,
            "total_cpu_time": 0.062536,
            "max_rss": 18052,
            "exit_code": 0,
            "failed": false
        },
        {
            "index": 1,
            "input": 1000.0,
            "run_time": 907492.0,
            "start_time": 1680003148336866200,
            "stop_time": 1680003148337773692,
            "ram_samples": [],
            "cpu_samples": [
                0.0,
                0.0,
                0.0,
                0.0,
                0.0,
                0.0,
                0.0,
                0.0,
                0.0,
                0.0,
                0.0,
                0.0,
                0.0,
                0.0,
                0.0,
                0.0
            ],
            "average_cpu_busy": 0.0,
            "user_cpu_time": 0.062556,
            "sys_cpu_time": 0.0,
            "total_cpu_time": 0.062556,
            "max_rss": 18052,
            "exit_code": 0,
            "failed": false
        },
        {
            "index": 2,
            "input": 1000.0,
            "run_time": 887003.0,
            "start_time": 1680003148403486882,
            "stop_time": 1680003148404373885,
            "ram_samples": [],
            "cpu_samples": [
                0.0,
                0.0,
                0.0,
                0.0,
                0.0,
                0.0,
                0.0,
                0.0,
                0.0,
                0.0,
                0.0,
                0.0,
                0.0,
                0.0,
                0.0,
                0.0
            ],
            "average_cpu_busy": 0.0,
            "user_cpu_time": 0.062707,
            "sys_cpu_time": 0.0,
            "total_cpu_time": 0.062707,
            "max_rss": 18056,
            "exit_code": 0,
            "failed": false
        },
        {
            "index": 3,
            "input": 1000.0,
            "run_time": 1489694.0,
            "start_time": 1680003148470948401,
            "stop_time": 1680003148472438095,
            "ram_samples": [],
            "cpu_samples": [
                0.0,
                0.0,
                0.0,
                0.0,
                0.0,
                0.0,
                0.0,
                0.0,
                0.0,
                0.0,
                0.0,
                0.0,
                0.0,
                0.0,
                0.0,
                0.0
            ],
            "average_cpu_busy": 0.0,
            "user_cpu_time": 0.06350499999999999,
            "sys_cpu_time": 0.0,
            "total_cpu_time": 0.06350499999999999,
            "max_rss": 18056,
            "exit_code": 0,
            "failed": false
        },
        {
            "index": 4,
            "input": 1000.0,
            "run_time": 1217824.0,
            "start_time": 1680003148539609049,
            "stop_time": 1680003148540826873,
            "ram_samples": [],
            "cpu_samples": [
                0.0,
                0.0,
                0.0,
                0.0,
                0.0,
                0.0,
                0.0,
                0.0,
                0.0,
                0.0,
                0.0,
                0.0,
                0.0,
                0.0,
                0.0,
                0.0
            ],
            "average_cpu_busy": 0.0,
            "user_cpu_time": 0.058344999999999994,
            "sys_cpu_time": 0.0038889999999999997,
            "total_cpu_time": 0.06223399999999999,
            "max_rss": 18056,
            "exit_code": 0,
            "failed": false
        },
        {
            "index": 5,
            "input": 1000.0,
            "run_time": 883126.0,
            "start_time": 1680003148606949591,
            "stop_time": 1680003148607832717,
            "ram_samples": [],
            "cpu_samples": [
                0.0,
                0.0,
                0.0,
                0.0,
                0.0,
                0.0,
                0.0,
                0.0,
                0.0,
                0.0,
                0.0,
                0.0,
                0.0,
                0.0,
                0.0,
                0.0
            ],
            "average_cpu_busy": 0.0,
            "user_cpu_time": 0.062485,
            "sys_cpu_time": 0.0,
            "total_cpu_time": 0.062485,
            "max_rss": 18060,
            "exit_code": 0,
            "failed": false
        }
    ]
}