{
    "bench": "mandelbrot-2.cpp",
    "language": "cpp",
    "input": 1000.0,
    "average_runtime": 1048628.5,
    "average_cpu_busy": 1.99379e-07,
    "average_ram_load": 0,
    "run_results": [
        {
            "index": 0,
            "input": 1000.0,
            "run_time": 1596895.0,
            "start_time": 1679756174512318787,
            "stop_time": 1679756174513915682,
            "ram_samples": [],
            "cpu_samples": [
                0.0,
                0.0,
                0.0,
                0.0,
                0.0,
                0.0,
                0.0,
                0.0,
                0.0,
                0.0,
                0.0,
                0.0,
                0.0,
                0.0,
                0.0,
                0.0
            ],
            "average_cpu_busy": 0.0,
            "user_cpu_time": 0.026373999999999998,
            "sys_cpu_time": 0.0,
            "total_cpu_time": 0.026373999999999998,
            "max_rss": 17484,
            "exit_code": 0,
            "failed": false
        },
        {
            "index": 1,
            "input": 1000.0,
            "run_time": 852880.0,
            "start_time": 1679756174543562507,
            "stop_time": 1679756174544415387,
            "ram_samples": [],
            "cpu_samples": [
                0.0,
                0.0,
                0.0,
                0.0,
                0.0,
                0.0,
                0.0,
                0.0,
                0.0,
                0.0,
                0.0,
                0.0,
                0.0,
                0.0,
                0.0,
                0.0
            ],
            "average_cpu_busy": 0.0,
            "user_cpu_time": 0.026071999999999998,
            "sys_cpu_time": 0.0,
            "total_cpu_time": 0.026071999999999998,
            "max_rss": 17488,
            "exit_code": 0,
            "failed": false
        },
        {
            "index": 2,
            "input": 1000.0,
            "run_time": 1196274.0,
            "start_time": 1679756174573636022,
            "stop_time": 1679756174574832296,
            "ram_samples": [],
            "cpu_samples": [
                0.0,
                0.0,
                100.0,
                0.0,
                0.0,
                0.0,
                0.0,
                0.0,
                0.0,
                0.0,
                0.0,
                0.0,
                0.0,
                0.0,
                0.0,
                0.0
            ],
            "average_cpu_busy": 1.196274e-06,
            "user_cpu_time": 0.022402,
            "sys_cpu_time": 0.0037329999999999998,
            "total_cpu_time": 0.026135,
            "max_rss": 17492,
            "exit_code": 0,
            "failed": false
        },
        {
            "index": 3,
            "input": 1000.0,
            "run_time": 867286.0,
            "start_time": 1679756174603437437,
            "stop_time": 1679756174604304723,
            "ram_samples": [],
            "cpu_samples": [
                0.0,
                0.0,
                0.0,
                0.0,
                0.0,
                0.0,
                0.0,
                0.0,
                0.0,
                0.0,
                0.0,
                0.0,
                0.0,
                0.0,
                0.0,
                0.0
            ],
            "average_cpu_busy": 0.0,
            "user_cpu_time": 0.025719,
            "sys_cpu_time": 0.0,
            "total_cpu_time": 0.025719,
            "max_rss": 17492,
            "exit_code": 0,
            "failed": false
        },
        {
            "index": 4,
            "input": 1000.0,
            "run_time": 880511.0,
            "start_time": 1679756174632713947,
            "stop_time": 1679756174633594458,
            "ram_samples": [],
            "cpu_samples": [
                0.0,
                0.0,
                0.0,
                0.0,
                0.0,
                0.0,
                0.0,
                0.0,
                0.0,
                0.0,
                0.0,
                0.0,
                0.0,
                0.0,
                0.0,
                0.0
            ],
            "average_cpu_busy": 0.0,
            "user_cpu_time": 0.026056,
            "sys_cpu_time": 0.0,
            "total_cpu_time": 0.026056,
            "max_rss": 17492,
            "exit_code": 0,
            "failed": false
        },
        {
            "index": 5,
            "input": 1000.0,
            "run_time": 897925.0,
            "start_time": 1679756174662662367,
            "stop_time": 1679756174663560292,
            "ram_samples": [],
            "cpu_samples": [
                0.0,
                0.0,
                0.0,
                0.0,
                0.0,
                0.0,
                0.0,
                0.0,
                0.0,
                0.0,
                0.0,
                0.0,
                0.0,
                0.0,
                0.0,
                0.0
            ],
            "average_cpu_busy": 0.0,
            "user_cpu_time": 0.026226,
            "sys_cpu_time": 0.0,
            "total_cpu_time": 0.026226,
            "max_rss": 17492,
            "exit_code": 0,
            "failed": false
        }
    ]
}