{
    "bench": "mandelbrot-3.c",
    "language": "c",
    "input": 1000.0,
    "average_run_time": 859927.8333333334,
    "maximum_run_time": 881323.0,
    "minimum_run_time": 794891.0,
    "average_cpu_time": 0.03250016666666666,
    "minimum_cpu_time": 0.031918999999999996,
    "maximum_cpu_time": 0.034866999999999995,
    "average_cpu_busy": 0,
    "average_ram_load": 0,
    "run_results": [
        {
            "index": 0,
            "input": 1000.0,
            "run_time": 879008.0,
            "start_time": 1679838004323903810,
            "stop_time": 1679838004324782818,
            "ram_samples": [],
            "cpu_samples": [
                0.0,
                0.0,
                0.0,
                0.0,
                0.0,
                0.0,
                0.0,
                0.0,
                0.0,
                0.0,
                0.0,
                0.0,
                0.0,
                0.0,
                0.0,
                0.0
            ],
            "average_cpu_busy": 0.0,
            "user_cpu_time": 0.031934,
            "sys_cpu_time": 0.0,
            "total_cpu_time": 0.031934,
            "max_rss": 17988,
            "exit_code": 0,
            "failed": false
        },
        {
            "index": 1,
            "input": 1000.0,
            "run_time": 881323.0,
            "start_time": 1679838004335851579,
            "stop_time": 1679838004336732902,
            "ram_samples": [],
            "cpu_samples": [
                0.0,
                0.0,
                0.0,
                0.0,
                0.0,
                0.0,
                0.0,
                0.0,
                0.0,
                0.0,
                0.0,
                0.0,
                0.0,
                0.0,
                0.0,
                0.0
            ],
            "average_cpu_busy": 0.0,
            "user_cpu_time": 0.032244999999999996,
            "sys_cpu_time": 0.0,
            "total_cpu_time": 0.032244999999999996,
            "max_rss": 17988,
            "exit_code": 0,
            "failed": false
        },
        {
            "index": 2,
            "input": 1000.0,
            "run_time": 870493.0,
            "start_time": 1679838004347505727,
            "stop_time": 1679838004348376220,
            "ram_samples": [],
            "cpu_samples": [
                0.0,
                0.0,
                0.0,
                0.0,
                0.0,
                0.0,
                0.0,
                0.0,
                0.0,
                0.0,
                0.0,
                0.0,
                0.0,
                0.0,
                0.0,
                0.0
            ],
            "average_cpu_busy": 0.0,
            "user_cpu_time": 0.034866999999999995,
            "sys_cpu_time": 0.0,
            "total_cpu_time": 0.034866999999999995,
            "max_rss": 17988,
            "exit_code": 0,
            "failed": false
        },
        {
            "index": 3,
            "input": 1000.0,
            "run_time": 794891.0,
            "start_time": 1679838004359885877,
            "stop_time": 1679838004360680768,
            "ram_samples": [],
            "cpu_samples": [
                0.0,
                0.0,
                0.0,
                0.0,
                0.0,
                0.0,
                0.0,
                0.0,
                0.0,
                0.0,
                0.0,
                0.0,
                0.0,
                0.0,
                0.0,
                0.0
            ],
            "average_cpu_busy": 0.0,
            "user_cpu_time": 0.031918999999999996,
            "sys_cpu_time": 0.0,
            "total_cpu_time": 0.031918999999999996,
            "max_rss": 17988,
            "exit_code": 0,
            "failed": false
        },
        {
            "index": 4,
            "input": 1000.0,
            "run_time": 870643.0,
            "start_time": 1679838004371411975,
            "stop_time": 1679838004372282618,
            "ram_samples": [],
            "cpu_samples": [
                0.0,
                0.0,
                0.0,
                0.0,
                0.0,
                0.0,
                0.0,
                0.0,
                0.0,
                0.0,
                0.0,
                0.0,
                0.0,
                0.0,
                0.0,
                0.0
            ],
            "average_cpu_busy": 0.0,
            "user_cpu_time": 0.032028,
            "sys_cpu_time": 0.0,
            "total_cpu_time": 0.032028,
            "max_rss": 17988,
            "exit_code": 0,
            "failed": false
        },
        {
            "index": 5,
            "input": 1000.0,
            "run_time": 863209.0,
            "start_time": 1679838004383047598,
            "stop_time": 1679838004383910807,
            "ram_samples": [],
            "cpu_samples": [
                0.0,
                0.0,
                0.0,
                0.0,
                0.0,
                0.0,
                0.0,
                0.0,
                0.0,
                0.0,
                0.0,
                0.0,
                0.0,
                0.0,
                0.0,
                0.0
            ],
            "average_cpu_busy": 0.0,
            "user_cpu_time": 0.032008,
            "sys_cpu_time": 0.0,
            "total_cpu_time": 0.032008,
            "max_rss": 17988,
            "exit_code": 0,
            "failed": false
        }
    ]
}