{
    "bench": "mandelbrot-4.c",
    "language": "c",
    "input": 1000.0,
    "average_run_time": 914937.8333333334,
    "maximum_run_time": 969418.0,
    "minimum_run_time": 877506.0,
    "average_cpu_time": 0.05052199999999999,
    "minimum_cpu_time": 0.040014,
    "maximum_cpu_time": 0.09010699999999999,
    "average_cpu_busy": 0,
    "average_ram_load": 0,
    "run_results": [
        {
            "index": 0,
            "input": 1000.0,
            "run_time": 969418.0,
            "start_time": 1680003229005090204,
            "stop_time": 1680003229006059622,
            "ram_samples": [],
            "cpu_samples": [
                0.0,
                0.0,
                0.0,
                0.0,
                0.0,
                0.0,
                0.0,
                0.0,
                0.0,
                0.0,
                0.0,
                0.0,
                0.0,
                0.0,
                0.0,
                0.0
            ],
            "average_cpu_busy": 0.0,
            "user_cpu_time": 0.037753999999999996,
            "sys_cpu_time": 0.006292,
            "total_cpu_time": 0.044045999999999995,
            "max_rss": 19168,
            "exit_code": 0,
            "failed": false
        },
        {
            "index": 1,
            "input": 1000.0,
            "run_time": 877506.0,
            "start_time": 1680003229012424159,
            "stop_time": 1680003229013301665,
            "ram_samples": [],
            "cpu_samples": [
                0.0,
                0.0,
                0.0,
                0.0,
                0.0,
                0.0,
                0.0,
                0.0,
                0.0,
                0.0,
                0.0,
                0.0,
                0.0,
                0.0,
                0.0,
                0.0
            ],
            "average_cpu_busy": 0.0,
            "user_cpu_time": 0.043884,
            "sys_cpu_time": 0.0,
            "total_cpu_time": 0.043884,
            "max_rss": 19168,
            "exit_code": 0,
            "failed": false
        },
        {
            "index": 2,
            "input": 1000.0,
            "run_time": 886914.0,
            "start_time": 1680003229019128594,
            "stop_time": 1680003229020015508,
            "ram_samples": [],
            "cpu_samples": [
                0.0,
                0.0,
                0.0,
                0.0,
                0.0,
                0.0,
                0.0,
                0.0,
                0.0,
                0.0,
                0.0,
                0.0,
                0.0,
                0.0,
                0.0,
                0.0
            ],
            "average_cpu_busy": 0.0,
            "user_cpu_time": 0.040014,
            "sys_cpu_time": 0.0,
            "total_cpu_time": 0.040014,
            "max_rss": 19168,
            "exit_code": 0,
            "failed": false
        },
        {
            "index": 3,
            "input": 1000.0,
            "run_time": 945173.0,
            "start_time": 1680003229025678569,
            "stop_time": 1680003229026623742,
            "ram_samples": [],
            "cpu_samples": [
                0.0,
                0.0,
                0.0,
                0.0,
                0.0,
                0.0,
                0.0,
                0.0,
                0.0,
                0.0,
                0.0,
                0.0,
                0.0,
                0.0,
                0.0,
                0.0
            ],
            "average_cpu_busy": 0.0,
            "user_cpu_time": 0.09010699999999999,
            "sys_cpu_time": 0.0,
            "total_cpu_time": 0.09010699999999999,
            "max_rss": 19168,
            "exit_code": 0,
            "failed": false
        },
        {
            "index": 4,
            "input": 1000.0,
            "run_time": 910688.0,
            "start_time": 1680003229035822114,
            "stop_time": 1680003229036732802,
            "ram_samples": [],
            "cpu_samples": [
                0.0,
                0.0,
                0.0,
                0.0,
                0.0,
                0.0,
                0.0,
                0.0,
                0.0,
                0.0,
                0.0,
                0.0,
                0.0,
                0.0,
                0.0,
                0.0
            ],
            "average_cpu_busy": 0.0,
            "user_cpu_time": 0.043857,
            "sys_cpu_time": 0.0,
            "total_cpu_time": 0.043857,
            "max_rss": 19176,
            "exit_code": 0,
            "failed": false
        },
        {
            "index": 5,
            "input": 1000.0,
            "run_time": 899928.0,
            "start_time": 1680003229042682461,
            "stop_time": 1680003229043582389,
            "ram_samples": [],
            "cpu_samples": [
                0.0,
                0.0,
                0.0,
                0.0,
                0.0,
                0.0,
                0.0,
                0.0,
                0.0,
                0.0,
                0.0,
                0.0,
                0.0,
                0.0,
                0.0,
                0.0
            ],
            "average_cpu_busy": 0.0,
            "user_cpu_time": 0.041224,
            "sys_cpu_time": 0.0,
            "total_cpu_time": 0.041224,
            "max_rss": 19176,
            "exit_code": 0,
            "failed": false
        }
    ]
}