{
    "bench": "mandelbrot-3.c",
    "language": "c",
    "input": 2000.0,
    "average_runtime": 896965.6666666666,
    "average_cpu_busy": 0.0,
    "average_ram_load": 0,
    "run_results": [
        {
            "index": 0,
            "input": 2000.0,
            "run_time": 816247.0,
            "start_time": 1679663707349315765,
            "stop_time": 1679663707350132012,
            "ram_samples": [],
            "cpu_samples": [
                0.0,
                0.0,
                0.0,
                0.0,
                0.0,
                0.0,
                0.0,
                0.0,
                0.0,
                0.0,
                0.0,
                0.0,
                0.0,
                0.0,
                0.0,
                0.0
            ],
            "average_cpu_busy": 0.0,
            "user_cpu_time": 0.122789,
            "sys_cpu_time": 0.0,
            "total_cpu_time": 0.122789,
            "max_rss": 17748,
            "exit_code": 0,
            "failed": false
        },
        {
            "index": 1,
            "input": 2000.0,
            "run_time": 878976.0,
            "start_time": 1679663707383646814,
            "stop_time": 1679663707384525790,
            "ram_samples": [],
            "cpu_samples": [
                0.0,
                0.0,
                0.0,
                0.0,
                0.0,
                0.0,
                0.0,
                0.0,
                0.0,
                0.0,
                0.0,
                0.0,
                0.0,
                0.0,
                0.0,
                0.0
            ],
            "average_cpu_busy": 0.0,
            "user_cpu_time": 0.12399299999999999,
            "sys_cpu_time": 0.0,
            "total_cpu_time": 0.12399299999999999,
            "max_rss": 17752,
            "exit_code": 0,
            "failed": false
        },
        {
            "index": 2,
            "input": 2000.0,
            "run_time": 950533.0,
            "start_time": 1679663707419684787,
            "stop_time": 1679663707420635320,
            "ram_samples": [],
            "cpu_samples": [
                0.0,
                0.0,
                0.0,
                0.0,
                0.0,
                0.0,
                0.0,
                0.0,
                0.0,
                0.0,
                0.0,
                0.0,
                0.0,
                0.0,
                0.0,
                0.0
            ],
            "average_cpu_busy": 0.0,
            "user_cpu_time": 0.131251,
            "sys_cpu_time": 0.0,
            "total_cpu_time": 0.131251,
            "max_rss": 17756,
            "exit_code": 0,
            "failed": false
        },
        {
            "index": 3,
            "input": 2000.0,
            "run_time": 929603.0,
            "start_time": 1679663707456518618,
            "stop_time": 1679663707457448221,
            "ram_samples": [],
            "cpu_samples": [
                0.0,
                0.0,
                0.0,
                0.0,
                0.0,
                0.0,
                0.0,
                0.0,
                0.0,
                0.0,
                0.0,
                0.0,
                0.0,
                0.0,
                0.0,
                0.0
            ],
            "average_cpu_busy": 0.0,
            "user_cpu_time": 0.128419,
            "sys_cpu_time": 0.0,
            "total_cpu_time": 0.128419,
            "max_rss": 17752,
            "exit_code": 0,
            "failed": false
        },
        {
            "index": 4,
            "input": 2000.0,
            "run_time": 901770.0,
            "start_time": 1679663707492601457,
            "stop_time": 1679663707493503227,
            "ram_samples": [],
            "cpu_samples": [
                0.0,
                0.0,
                0.0,
                0.0,
                0.0,
                0.0,
                0.0,
                0.0,
                0.0,
                0.0,
                0.0,
                0.0,
                0.0,
                0.0,
                0.0,
                0.0
            ],
            "average_cpu_busy": 0.0,
            "user_cpu_time": 0.123765,
            "sys_cpu_time": 0.0,
            "total_cpu_time": 0.123765,
            "max_rss": 17752,
            "exit_code": 0,
            "failed": false
        },
        {
            "index": 5,
            "input": 2000.0,
            "run_time": 904665.0,
            "start_time": 1679663707527427489,
            "stop_time": 1679663707528332154,
            "ram_samples": [],
            "cpu_samples": [
                0.0,
                0.0,
                0.0,
                0.0,
                0.0,
                0.0,
                0.0,
                0.0,
                0.0,
                0.0,
                0.0,
                0.0,
                0.0,
                0.0,
                0.0,
                0.0
            ],
            "average_cpu_busy": 0.0,
            "user_cpu_time": 0.12387799999999999,
            "sys_cpu_time": 0.0,
            "total_cpu_time": 0.12387799999999999,
            "max_rss": 17756,
            "exit_code": 0,
            "failed": false
        }
    ]
}