{
    "bench": "mandelbrot-3.java",
    "language": "java",
    "input": 5000.0,
    "average_run_time": 1162824.1666666667,
    "maximum_run_time": 1252950.0,
    "minimum_run_time": 1101045.0,
    "average_cpu_time": 0.5835688333333332,
    "minimum_cpu_time": 0.517601,
    "maximum_cpu_time": 0.6626569999999999,
    "average_cpu_busy": 0,
    "average_ram_load": 0,
    "run_results": [
        {
            "index": 0,
            "input": 5000.0,
            "run_time": 1252950.0,
            "start_time": 1680003194674422056,
            "stop_time": 1680003194675675006,
            "ram_samples": [],
            "cpu_samples": [
                0.0,
                0.0,
                0.0,
                0.0,
                0.0,
                0.0,
                0.0,
                0.0,
                0.0,
                0.0,
                0.0,
                0.0,
                0.0,
                0.0,
                0.0,
                0.0
            ],
            "average_cpu_busy": 0.0,
            "user_cpu_time": 0.6455569999999999,
            "sys_cpu_time": 0.0171,
            "total_cpu_time": 0.6626569999999999,
            "max_rss": 44796,
            "exit_code": 0,
            "failed": false
        },
        {
            "index": 1,
            "input": 5000.0,
            "run_time": 1149386.0,
            "start_time": 1680003194765615075,
            "stop_time": 1680003194766764461,
            "ram_samples": [],
            "cpu_samples": [
                0.0,
                0.0,
                0.0,
                0.0,
                0.0,
                0.0,
                0.0,
                0.0,
                0.0,
                0.0,
                0.0,
                0.0,
                0.0,
                0.0,
                0.0,
                0.0
            ],
            "average_cpu_busy": 0.0,
            "user_cpu_time": 0.514896,
            "sys_cpu_time": 0.020113,
            "total_cpu_time": 0.5350090000000001,
            "max_rss": 44928,
            "exit_code": 0,
            "failed": false
        },
        {
            "index": 2,
            "input": 5000.0,
            "run_time": 1101045.0,
            "start_time": 1680003194837233621,
            "stop_time": 1680003194838334666,
            "ram_samples": [],
            "cpu_samples": [
                0.0,
                0.0,
                0.0,
                0.0,
                0.0,
                0.0,
                0.0,
                0.0,
                0.0,
                0.0,
                0.0,
                0.0,
                0.0,
                0.0,
                0.0,
                0.0
            ],
            "average_cpu_busy": 0.0,
            "user_cpu_time": 0.49738299999999996,
            "sys_cpu_time": 0.020218,
            "total_cpu_time": 0.517601,
            "max_rss": 44416,
            "exit_code": 0,
            "failed": false
        },
        {
            "index": 3,
            "input": 5000.0,
            "run_time": 1143525.0,
            "start_time": 1680003194908468076,
            "stop_time": 1680003194909611601,
            "ram_samples": [],
            "cpu_samples": [
                0.0,
                0.0,
                0.0,
                0.0,
                0.0,
                0.0,
                0.0,
                0.0,
                0.0,
                0.0,
                0.0,
                0.0,
                0.0,
                0.0,
                0.0,
                0.0
            ],
            "average_cpu_busy": 0.0,
            "user_cpu_time": 0.5768639999999999,
            "sys_cpu_time": 0.011935,
            "total_cpu_time": 0.588799,
            "max_rss": 44824,
            "exit_code": 0,
            "failed": false
        },
        {
            "index": 4,
            "input": 5000.0,
            "run_time": 1188559.0,
            "start_time": 1680003194992899293,
            "stop_time": 1680003194994087852,
            "ram_samples": [],
            "cpu_samples": [
                0.0,
                0.0,
                0.0,
                0.0,
                0.0,
                0.0,
                0.0,
                0.0,
                0.0,
                0.0,
                0.0,
                0.0,
                0.0,
                0.0,
                0.0,
                0.0
            ],
            "average_cpu_busy": 0.0,
            "user_cpu_time": 0.523679,
            "sys_cpu_time": 0.059424,
            "total_cpu_time": 0.583103,
            "max_rss": 45184,
            "exit_code": 0,
            "failed": false
        },
        {
            "index": 5,
            "input": 5000.0,
            "run_time": 1141480.0,
            "start_time": 1680003195067745553,
            "stop_time": 1680003195068887033,
            "ram_samples": [],
            "cpu_samples": [
                0.0,
                0.0,
                0.0,
                0.0,
                0.0,
                0.0,
                0.0,
                0.0,
                0.0,
                0.0,
                0.0,
                0.0,
                0.0,
                0.0,
                0.0,
                0.0
            ],
            "average_cpu_busy": 0.0,
            "user_cpu_time": 0.609949,
            "sys_cpu_time": 0.004295,
            "total_cpu_time": 0.614244,
            "max_rss": 44928,
            "exit_code": 0,
            "failed": false
        }
    ]
}