{
    "bench": "mandelbrot-2.ada",
    "language": "ada",
    "input": 2000.0,
    "average_runtime": 1090663.1666666667,
    "average_cpu_busy": 0.0,
    "average_ram_load": 0,
    "run_results": [
        {
            "index": 0,
            "input": 2000.0,
            "run_time": 1257588.0,
            "start_time": 1679663702530934139,
            "stop_time": 1679663702532191727,
            "ram_samples": [],
            "cpu_samples": [
                0.0,
                0.0,
                0.0,
                0.0,
                0.0,
                0.0,
                0.0,
                0.0,
                0.0,
                0.0,
                0.0,
                0.0,
                0.0,
                0.0,
                0.0,
                0.0
            ],
            "average_cpu_busy": 0.0,
            "user_cpu_time": 0.247491,
            "sys_cpu_time": 0.0,
            "total_cpu_time": 0.247491,
            "max_rss": 17528,
            "exit_code": 0,
            "failed": false
        },
        {
            "index": 1,
            "input": 2000.0,
            "run_time": 1266244.0,
            "start_time": 1679663702783635384,
            "stop_time": 1679663702784901628,
            "ram_samples": [],
            "cpu_samples": [
                0.0,
                0.0,
                0.0,
                0.0,
                0.0,
                0.0,
                0.0,
                0.0,
                0.0,
                0.0,
                0.0,
                0.0,
                0.0,
                0.0,
                0.0,
                0.0
            ],
            "average_cpu_busy": 0.0,
            "user_cpu_time": 0.24831099999999998,
            "sys_cpu_time": 0.0,
            "total_cpu_time": 0.24831099999999998,
            "max_rss": 17532,
            "exit_code": 0,
            "failed": false
        },
        {
            "index": 2,
            "input": 2000.0,
            "run_time": 887142.0,
            "start_time": 1679663703036773040,
            "stop_time": 1679663703037660182,
            "ram_samples": [],
            "cpu_samples": [
                0.0,
                0.0,
                0.0,
                0.0,
                0.0,
                0.0,
                0.0,
                0.0,
                0.0,
                0.0,
                0.0,
                0.0,
                0.0,
                0.0,
                0.0,
                0.0
            ],
            "average_cpu_busy": 0.0,
            "user_cpu_time": 0.241586,
            "sys_cpu_time": 0.00396,
            "total_cpu_time": 0.245546,
            "max_rss": 17532,
            "exit_code": 0,
            "failed": false
        },
        {
            "index": 3,
            "input": 2000.0,
            "run_time": 949431.0,
            "start_time": 1679663703286371087,
            "stop_time": 1679663703287320518,
            "ram_samples": [],
            "cpu_samples": [
                0.0,
                0.0,
                0.0,
                0.0,
                0.0,
                0.0,
                0.0,
                0.0,
                0.0,
                0.0,
                0.0,
                0.0,
                0.0,
                0.0,
                0.0,
                0.0
            ],
            "average_cpu_busy": 0.0,
            "user_cpu_time": 0.24856499999999998,
            "sys_cpu_time": 0.0,
            "total_cpu_time": 0.24856499999999998,
            "max_rss": 17532,
            "exit_code": 0,
            "failed": false
        },
        {
            "index": 4,
            "input": 2000.0,
            "run_time": 958728.0,
            "start_time": 1679663703539639834,
            "stop_time": 1679663703540598562,
            "ram_samples": [],
            "cpu_samples": [
                0.0,
                0.0,
                0.0,
                0.0,
                0.0,
                0.0,
                0.0,
                0.0,
                0.0,
                0.0,
                0.0,
                0.0,
                0.0,
                0.0,
                0.0,
                0.0
            ],
            "average_cpu_busy": 0.0,
            "user_cpu_time": 0.247629,
            "sys_cpu_time": 0.0,
            "total_cpu_time": 0.247629,
            "max_rss": 17532,
            "exit_code": 0,
            "failed": false
        },
        {
            "index": 5,
            "input": 2000.0,
            "run_time": 1224846.0,
            "start_time": 1679663703791488132,
            "stop_time": 1679663703792712978,
            "ram_samples": [],
            "cpu_samples": [
                0.0,
                0.0,
                0.0,
                0.0,
                0.0,
                0.0,
                0.0,
                0.0,
                0.0,
                0.0,
                0.0,
                0.0,
                0.0,
                0.0,
                0.0,
                0.0
            ],
            "average_cpu_busy": 0.0,
            "user_cpu_time": 0.24503999999999998,
            "sys_cpu_time": 0.0,
            "total_cpu_time": 0.24503999999999998,
            "max_rss": 17532,
            "exit_code": 0,
            "failed": false
        }
    ]
}