{
    "bench": "mandelbrot-3.java",
    "language": "java",
    "input": 1000.0,
    "average_run_time": 1143090.6666666667,
    "maximum_run_time": 1198838.0,
    "minimum_run_time": 1102328.0,
    "average_cpu_time": 0.5903648333333332,
    "minimum_cpu_time": 0.512428,
    "maximum_cpu_time": 0.713164,
    "average_cpu_busy": 0,
    "average_ram_load": 0,
    "run_results": [
        {
            "index": 0,
            "input": 1000.0,
            "run_time": 1129689.0,
            "start_time": 1680003192782843545,
            "stop_time": 1680003192783973234,
            "ram_samples": [],
            "cpu_samples": [
                0.0,
                0.0,
                0.0,
                0.0,
                0.0,
                0.0,
                0.0,
                0.0,
                0.0,
                0.0,
                0.0,
                0.0,
                0.0,
                0.0,
                0.0,
                0.0
            ],
            "average_cpu_busy": 0.0,
            "user_cpu_time": 0.552141,
            "sys_cpu_time": 0.020151,
            "total_cpu_time": 0.572292,
            "max_rss": 44648,
            "exit_code": 0,
            "failed": false
        },
        {
            "index": 1,
            "input": 1000.0,
            "run_time": 1198838.0,
            "start_time": 1680003192856844199,
            "stop_time": 1680003192858043037,
            "ram_samples": [],
            "cpu_samples": [
                0.0,
                0.0,
                0.0,
                0.0,
                0.0,
                0.0,
                0.0,
                0.0,
                0.0,
                0.0,
                0.0,
                0.0,
                0.0,
                0.0,
                0.0,
                0.0
            ],
            "average_cpu_busy": 0.0,
            "user_cpu_time": 0.705151,
            "sys_cpu_time": 0.008013,
            "total_cpu_time": 0.713164,
            "max_rss": 44656,
            "exit_code": 0,
            "failed": false
        },
        {
            "index": 2,
            "input": 1000.0,
            "run_time": 1124779.0,
            "start_time": 1680003192938939164,
            "stop_time": 1680003192940063943,
            "ram_samples": [],
            "cpu_samples": [
                0.0,
                0.0,
                0.0,
                0.0,
                0.0,
                0.0,
                0.0,
                0.0,
                0.0,
                0.0,
                0.0,
                0.0,
                0.0,
                0.0,
                0.0,
                0.0
            ],
            "average_cpu_busy": 0.0,
            "user_cpu_time": 0.5781,
            "sys_cpu_time": 0.028298,
            "total_cpu_time": 0.606398,
            "max_rss": 44672,
            "exit_code": 0,
            "failed": false
        },
        {
            "index": 3,
            "input": 1000.0,
            "run_time": 1181106.0,
            "start_time": 1680003193014547983,
            "stop_time": 1680003193015729089,
            "ram_samples": [],
            "cpu_samples": [
                0.0,
                0.0,
                0.0,
                0.0,
                0.0,
                0.0,
                0.0,
                0.0,
                0.0,
                0.0,
                0.0,
                0.0,
                0.0,
                0.0,
                0.0,
                0.0
            ],
            "average_cpu_busy": 0.0,
            "user_cpu_time": 0.5086229999999999,
            "sys_cpu_time": 0.015771,
            "total_cpu_time": 0.5243939999999999,
            "max_rss": 44832,
            "exit_code": 0,
            "failed": false
        },
        {
            "index": 4,
            "input": 1000.0,
            "run_time": 1102328.0,
            "start_time": 1680003193095148345,
            "stop_time": 1680003193096250673,
            "ram_samples": [],
            "cpu_samples": [
                0.0,
                0.0,
                0.0,
                0.0,
                0.0,
                0.0,
                0.0,
                0.0,
                0.0,
                0.0,
                0.0,
                0.0,
                0.0,
                0.0,
                0.0,
                0.0
            ],
            "average_cpu_busy": 0.0,
            "user_cpu_time": 0.605698,
            "sys_cpu_time": 0.007814999999999999,
            "total_cpu_time": 0.613513,
            "max_rss": 44780,
            "exit_code": 0,
            "failed": false
        },
        {
            "index": 5,
            "input": 1000.0,
            "run_time": 1121804.0,
            "start_time": 1680003193169528350,
            "stop_time": 1680003193170650154,
            "ram_samples": [],
            "cpu_samples": [
                0.0,
                0.0,
                0.0,
                0.0,
                0.0,
                0.0,
                0.0,
                0.0,
                0.0,
                0.0,
                0.0,
                0.0,
                0.0,
                0.0,
                0.0,
                0.0
            ],
            "average_cpu_busy": 0.0,
            "user_cpu_time": 0.491077,
            "sys_cpu_time": 0.021351,
            "total_cpu_time": 0.512428,
            "max_rss": 44668,
            "exit_code": 0,
            "failed": false
        }
    ]
}