{
    "bench": "mandelbrot-2.c",
    "language": "c",
    "input": 2000.0,
    "average_run_time": 1088677.0,
    "maximum_run_time": 1254042.0,
    "minimum_run_time": 900439.0,
    "average_cpu_time": 0.23499533333333333,
    "minimum_cpu_time": 0.232974,
    "maximum_cpu_time": 0.237424,
    "average_cpu_busy": 0,
    "average_ram_load": 0,
    "run_results": [
        {
            "index": 0,
            "input": 2000.0,
            "run_time": 900439.0,
            "start_time": 1679838001020748145,
            "stop_time": 1679838001021648584,
            "ram_samples": [],
            "cpu_samples": [
                0.0,
                0.0,
                0.0,
                0.0,
                0.0,
                0.0,
                0.0,
                0.0,
                0.0,
                0.0,
                0.0,
                0.0,
                0.0,
                0.0,
                0.0,
                0.0
            ],
            "average_cpu_busy": 0.0,
            "user_cpu_time": 0.237424,
            "sys_cpu_time": 0.0,
            "total_cpu_time": 0.237424,
            "max_rss": 17880,
            "exit_code": 0,
            "failed": false
        },
        {
            "index": 1,
            "input": 2000.0,
            "run_time": 1104392.0,
            "start_time": 1679838001263373696,
            "stop_time": 1679838001264478088,
            "ram_samples": [],
            "cpu_samples": [
                0.0,
                0.0,
                0.0,
                0.0,
                0.0,
                0.0,
                0.0,
                0.0,
                0.0,
                0.0,
                0.0,
                0.0,
                0.0,
                0.0,
                0.0,
                0.0
            ],
            "average_cpu_busy": 0.0,
            "user_cpu_time": 0.23352699999999998,
            "sys_cpu_time": 0.0,
            "total_cpu_time": 0.23352699999999998,
            "max_rss": 17880,
            "exit_code": 0,
            "failed": false
        },
        {
            "index": 2,
            "input": 2000.0,
            "run_time": 1254042.0,
            "start_time": 1679838001502207847,
            "stop_time": 1679838001503461889,
            "ram_samples": [],
            "cpu_samples": [
                0.0,
                0.0,
                0.0,
                0.0,
                0.0,
                0.0,
                0.0,
                0.0,
                0.0,
                0.0,
                0.0,
                0.0,
                0.0,
                0.0,
                0.0,
                0.0
            ],
            "average_cpu_busy": 0.0,
            "user_cpu_time": 0.235336,
            "sys_cpu_time": 0.0,
            "total_cpu_time": 0.235336,
            "max_rss": 17888,
            "exit_code": 0,
            "failed": false
        },
        {
            "index": 3,
            "input": 2000.0,
            "run_time": 933671.0,
            "start_time": 1679838001742794194,
            "stop_time": 1679838001743727865,
            "ram_samples": [],
            "cpu_samples": [
                0.0,
                0.0,
                0.0,
                0.0,
                0.0,
                0.0,
                0.0,
                0.0,
                0.0,
                0.0,
                0.0,
                0.0,
                0.0,
                0.0,
                0.0,
                0.0
            ],
            "average_cpu_busy": 0.0,
            "user_cpu_time": 0.23376899999999998,
            "sys_cpu_time": 0.0,
            "total_cpu_time": 0.23376899999999998,
            "max_rss": 17888,
            "exit_code": 0,
            "failed": false
        },
        {
            "index": 4,
            "input": 2000.0,
            "run_time": 1215039.0,
            "start_time": 1679838001981166638,
            "stop_time": 1679838001982381677,
            "ram_samples": [],
            "cpu_samples": [
                0.0,
                0.0,
                0.0,
                0.0,
                0.0,
                0.0,
                0.0,
                0.0,
                0.0,
                0.0,
                0.0,
                0.0,
                0.0,
                0.0,
                0.0,
                0.0
            ],
            "average_cpu_busy": 0.0,
            "user_cpu_time": 0.232974,
            "sys_cpu_time": 0.0,
            "total_cpu_time": 0.232974,
            "max_rss": 17888,
            "exit_code": 0,
            "failed": false
        },
        {
            "index": 5,
            "input": 2000.0,
            "run_time": 1124479.0,
            "start_time": 1679838002219186963,
            "stop_time": 1679838002220311442,
            "ram_samples": [],
            "cpu_samples": [
                0.0,
                0.0,
                0.0,
                0.0,
                0.0,
                0.0,
                0.0,
                0.0,
                0.0,
                0.0,
                0.0,
                0.0,
                0.0,
                0.0,
                0.0,
                0.0
            ],
            "average_cpu_busy": 0.0,
            "user_cpu_time": 0.23694199999999999,
            "sys_cpu_time": 0.0,
            "total_cpu_time": 0.23694199999999999,
            "max_rss": 17892,
            "exit_code": 0,
            "failed": false
        }
    ]
}