{
    "bench": "mandelbrot-2.cpp",
    "language": "cpp",
    "input": 5000.0,
    "average_run_time": 1072959.1666666667,
    "maximum_run_time": 1251437.0,
    "minimum_run_time": 875732.0,
    "average_cpu_time": 0.5863436666666667,
    "minimum_cpu_time": 0.579221,
    "maximum_cpu_time": 0.595603,
    "average_cpu_busy": 0,
    "average_ram_load": 0,
    "run_results": [
        {
            "index": 0,
            "input": 5000.0,
            "run_time": 938310.0,
            "start_time": 1680003144611330962,
            "stop_time": 1680003144612269272,
            "ram_samples": [],
            "cpu_samples": [
                0.0,
                0.0,
                0.0,
                0.0,
                0.0,
                0.0,
                0.0,
                0.0,
                0.0,
                0.0,
                0.0,
                0.0,
                0.0,
                0.0,
                0.0,
                0.0
            ],
            "average_cpu_busy": 0.0,
            "user_cpu_time": 0.5850679999999999,
            "sys_cpu_time": 0.0,
            "total_cpu_time": 0.5850679999999999,
            "max_rss": 18024,
            "exit_code": 0,
            "failed": false
        },
        {
            "index": 1,
            "input": 5000.0,
            "run_time": 875732.0,
            "start_time": 1680003145201530263,
            "stop_time": 1680003145202405995,
            "ram_samples": [],
            "cpu_samples": [
                0.0,
                0.0,
                0.0,
                0.0,
                0.0,
                0.0,
                0.0,
                0.0,
                0.0,
                0.0,
                0.0,
                0.0,
                0.0,
                0.0,
                0.0,
                0.0
            ],
            "average_cpu_busy": 0.0,
            "user_cpu_time": 0.584193,
            "sys_cpu_time": 0.0,
            "total_cpu_time": 0.584193,
            "max_rss": 18028,
            "exit_code": 0,
            "failed": false
        },
        {
            "index": 2,
            "input": 5000.0,
            "run_time": 892725.0,
            "start_time": 1680003145790348353,
            "stop_time": 1680003145791241078,
            "ram_samples": [],
            "cpu_samples": [
                0.0,
                0.0,
                0.0,
                0.0,
                0.0,
                0.0,
                0.0,
                0.0,
                0.0,
                0.0,
                0.0,
                0.0,
                0.0,
                0.0,
                0.0,
                0.0
            ],
            "average_cpu_busy": 0.0,
            "user_cpu_time": 0.5802229999999999,
            "sys_cpu_time": 0.004001,
            "total_cpu_time": 0.584224,
            "max_rss": 18028,
            "exit_code": 0,
            "failed": false
        },
        {
            "index": 3,
            "input": 5000.0,
            "run_time": 1230558.0,
            "start_time": 1680003146379341111,
            "stop_time": 1680003146380571669,
            "ram_samples": [],
            "cpu_samples": [
                0.0,
                0.0,
                0.0,
                0.0,
                0.0,
                0.0,
                0.0,
                0.0,
                0.0,
                0.0,
                0.0,
                0.0,
                0.0,
                0.0,
                0.0,
                0.0
            ],
            "average_cpu_busy": 0.0,
            "user_cpu_time": 0.589753,
            "sys_cpu_time": 0.0,
            "total_cpu_time": 0.589753,
            "max_rss": 18032,
            "exit_code": 0,
            "failed": false
        },
        {
            "index": 4,
            "input": 5000.0,
            "run_time": 1248993.0,
            "start_time": 1680003146974217144,
            "stop_time": 1680003146975466137,
            "ram_samples": [],
            "cpu_samples": [
                0.0,
                0.0,
                0.0,
                0.0,
                0.0,
                0.0,
                0.0,
                0.0,
                0.0,
                0.0,
                0.0,
                0.0,
                0.0,
                0.0,
                0.0,
                0.0
            ],
            "average_cpu_busy": 0.0,
            "user_cpu_time": 0.579221,
            "sys_cpu_time": 0.0,
            "total_cpu_time": 0.579221,
            "max_rss": 18036,
            "exit_code": 0,
            "failed": false
        },
        {
            "index": 5,
            "input": 5000.0,
            "run_time": 1251437.0,
            "start_time": 1680003147558834195,
            "stop_time": 1680003147560085632,
            "ram_samples": [],
            "cpu_samples": [
                0.0,
                0.0,
                0.0,
                0.0,
                0.0,
                0.0,
                0.0,
                0.0,
                0.0,
                0.0,
                0.0,
                0.0,
                0.0,
                0.0,
                0.0,
                0.0
            ],
            "average_cpu_busy": 0.0,
            "user_cpu_time": 0.595603,
            "sys_cpu_time": 0.0,
            "total_cpu_time": 0.595603,
            "max_rss": 18044,
            "exit_code": 0,
            "failed": false
        }
    ]
}