{
    "bench": "mandelbrot-2.java",
    "language": "java",
    "input": 4000.0,
    "average_run_time": 1138249.6666666667,
    "maximum_run_time": 1180114.0,
    "minimum_run_time": 1101375.0,
    "average_cpu_time": 2.011946833333333,
    "minimum_cpu_time": 2.000114,
    "maximum_cpu_time": 2.0236669999999997,
    "average_cpu_busy": 0,
    "average_ram_load": 0,
    "run_results": [
        {
            "index": 0,
            "input": 4000.0,
            "run_time": 1138144.0,
            "start_time": 1680003226916869467,
            "stop_time": 1680003226918007611,
            "ram_samples": [],
            "cpu_samples": [
                0.0,
                0.0,
                0.0,
                0.0,
                0.0,
                0.0,
                0.0,
                0.0,
                0.0,
                0.0,
                0.0,
                0.0,
                0.0,
                0.0,
                0.0,
                0.0
            ],
            "average_cpu_busy": 0.0,
            "user_cpu_time": 1.976065,
            "sys_cpu_time": 0.024048999999999997,
            "total_cpu_time": 2.000114,
            "max_rss": 47696,
            "exit_code": 0,
            "failed": false
        },
        {
            "index": 1,
            "input": 4000.0,
            "run_time": 1112827.0,
            "start_time": 1680003227089265217,
            "stop_time": 1680003227090378044,
            "ram_samples": [],
            "cpu_samples": [
                0.0,
                0.0,
                0.0,
                0.0,
                0.0,
                0.0,
                0.0,
                0.0,
                0.0,
                0.0,
                0.0,
                0.0,
                0.0,
                0.0,
                0.0,
                0.0
            ],
            "average_cpu_busy": 0.0,
            "user_cpu_time": 1.9996109999999998,
            "sys_cpu_time": 0.016257,
            "total_cpu_time": 2.0158679999999998,
            "max_rss": 47988,
            "exit_code": 0,
            "failed": false
        },
        {
            "index": 2,
            "input": 4000.0,
            "run_time": 1140559.0,
            "start_time": 1680003227255526292,
            "stop_time": 1680003227256666851,
            "ram_samples": [],
            "cpu_samples": [
                0.0,
                0.0,
                0.0,
                0.0,
                0.0,
                0.0,
                0.0,
                0.0,
                0.0,
                0.0,
                0.0,
                0.0,
                0.0,
                0.0,
                0.0,
                0.0
            ],
            "average_cpu_busy": 0.0,
            "user_cpu_time": 1.996436,
            "sys_cpu_time": 0.01193,
            "total_cpu_time": 2.008366,
            "max_rss": 47328,
            "exit_code": 0,
            "failed": false
        },
        {
            "index": 3,
            "input": 4000.0,
            "run_time": 1156479.0,
            "start_time": 1680003227419113531,
            "stop_time": 1680003227420270010,
            "ram_samples": [],
            "cpu_samples": [
                0.0,
                0.0,
                0.0,
                0.0,
                0.0,
                0.0,
                0.0,
                0.0,
                0.0,
                0.0,
                0.0,
                0.0,
                0.0,
                0.0,
                0.0,
                0.0
            ],
            "average_cpu_busy": 0.0,
            "user_cpu_time": 1.9901749999999998,
            "sys_cpu_time": 0.016246,
            "total_cpu_time": 2.006421,
            "max_rss": 48192,
            "exit_code": 0,
            "failed": false
        },
        {
            "index": 4,
            "input": 4000.0,
            "run_time": 1101375.0,
            "start_time": 1680003227591795519,
            "stop_time": 1680003227592896894,
            "ram_samples": [],
            "cpu_samples": [
                0.0,
                0.0,
                0.0,
                0.0,
                0.0,
                0.0,
                0.0,
                0.0,
                0.0,
                0.0,
                0.0,
                0.0,
                0.0,
                0.0,
                0.0,
                0.0
            ],
            "average_cpu_busy": 0.0,
            "user_cpu_time": 2.007764,
            "sys_cpu_time": 0.015903,
            "total_cpu_time": 2.0236669999999997,
            "max_rss": 47712,
            "exit_code": 0,
            "failed": false
        },
        {
            "index": 5,
            "input": 4000.0,
            "run_time": 1180114.0,
            "start_time": 1680003227756954636,
            "stop_time": 1680003227758134750,
            "ram_samples": [],
            "cpu_samples": [
                0.0,
                0.0,
                0.0,
                0.0,
                0.0,
                0.0,
                0.0,
                0.0,
                0.0,
                0.0,
                0.0,
                0.0,
                0.0,
                0.0,
                0.0,
                0.0
            ],
            "average_cpu_busy": 0.0,
            "user_cpu_time": 2.005093,
            "sys_cpu_time": 0.012152,
            "total_cpu_time": 2.017245,
            "max_rss": 48064,
            "exit_code": 0,
            "failed": false
        }
    ]
}