{
    "bench": "mandelbrot-2.ada",
    "language": "ada",
    "input": 2000.0,
    "average_runtime": 1214143.8333333333,
    "average_cpu_busy": 0.0,
    "average_ram_load": 0,
    "run_results": [
        {
            "index": 0,
            "input": 2000.0,
            "run_time": 1067392.0,
            "start_time": 1679835053562775005,
            "stop_time": 1679835053563842397,
            "ram_samples": [],
            "cpu_samples": [
                0.0,
                0.0,
                0.0,
                0.0,
                0.0,
                0.0,
                0.0,
                0.0,
                0.0,
                0.0,
                0.0,
                0.0,
                0.0,
                0.0,
                0.0,
                0.0
            ],
            "average_cpu_busy": 0.0,
            "user_cpu_time": 0.247003,
            "sys_cpu_time": 0.0,
            "total_cpu_time": 0.247003,
            "max_rss": 17632,
            "exit_code": 0,
            "failed": false
        },
        {
            "index": 1,
            "input": 2000.0,
            "run_time": 1029040.0,
            "start_time": 1679835053814275101,
            "stop_time": 1679835053815304141,
            "ram_samples": [],
            "cpu_samples": [
                0.0,
                0.0,
                0.0,
                0.0,
                0.0,
                0.0,
                0.0,
                0.0,
                0.0,
                0.0,
                0.0,
                0.0,
                0.0,
                0.0,
                0.0,
                0.0
            ],
            "average_cpu_busy": 0.0,
            "user_cpu_time": 0.250675,
            "sys_cpu_time": 0.0,
            "total_cpu_time": 0.250675,
            "max_rss": 17636,
            "exit_code": 0,
            "failed": false
        },
        {
            "index": 2,
            "input": 2000.0,
            "run_time": 1262688.0,
            "start_time": 1679835054070248859,
            "stop_time": 1679835054071511547,
            "ram_samples": [],
            "cpu_samples": [
                0.0,
                0.0,
                0.0,
                0.0,
                0.0,
                0.0,
                0.0,
                0.0,
                0.0,
                0.0,
                0.0,
                0.0,
                0.0,
                0.0,
                0.0,
                0.0
            ],
            "average_cpu_busy": 0.0,
            "user_cpu_time": 0.24884699999999998,
            "sys_cpu_time": 0.0,
            "total_cpu_time": 0.24884699999999998,
            "max_rss": 17636,
            "exit_code": 0,
            "failed": false
        },
        {
            "index": 3,
            "input": 2000.0,
            "run_time": 1488222.0,
            "start_time": 1679835054324202787,
            "stop_time": 1679835054325691009,
            "ram_samples": [],
            "cpu_samples": [
                0.0,
                0.0,
                0.0,
                0.0,
                0.0,
                0.0,
                0.0,
                0.0,
                0.0,
                0.0,
                0.0,
                0.0,
                0.0,
                0.0,
                0.0,
                0.0
            ],
            "average_cpu_busy": 0.0,
            "user_cpu_time": 0.24817199999999998,
            "sys_cpu_time": 0.0,
            "total_cpu_time": 0.24817199999999998,
            "max_rss": 17508,
            "exit_code": 0,
            "failed": false
        },
        {
            "index": 4,
            "input": 2000.0,
            "run_time": 1376341.0,
            "start_time": 1679835054578182034,
            "stop_time": 1679835054579558375,
            "ram_samples": [],
            "cpu_samples": [
                0.0,
                0.0,
                0.0,
                0.0,
                0.0,
                0.0,
                0.0,
                0.0,
                0.0,
                0.0,
                0.0,
                0.0,
                0.0,
                0.0,
                0.0,
                0.0
            ],
            "average_cpu_busy": 0.0,
            "user_cpu_time": 0.253116,
            "sys_cpu_time": 0.0,
            "total_cpu_time": 0.253116,
            "max_rss": 17636,
            "exit_code": 0,
            "failed": false
        },
        {
            "index": 5,
            "input": 2000.0,
            "run_time": 1061180.0,
            "start_time": 1679835054837407480,
            "stop_time": 1679835054838468660,
            "ram_samples": [],
            "cpu_samples": [
                0.0,
                0.0,
                0.0,
                0.0,
                0.0,
                0.0,
                0.0,
                0.0,
                0.0,
                0.0,
                0.0,
                0.0,
                0.0,
                0.0,
                0.0,
                0.0
            ],
            "average_cpu_busy": 0.0,
            "user_cpu_time": 0.248226,
            "sys_cpu_time": 0.0,
            "total_cpu_time": 0.248226,
            "max_rss": 17636,
            "exit_code": 0,
            "failed": false
        }
    ],
    "maximum_runtime": 1488222.0,
    "minimum_runtime": 1029040.0
}