{
    "bench": "mandelbrot-2.cpp",
    "language": "cpp",
    "input": 2000.0,
    "average_runtime": 962532.3333333334,
    "average_cpu_busy": 0.0,
    "average_ram_load": 0,
    "run_results": [
        {
            "index": 0,
            "input": 2000.0,
            "run_time": 882193.0,
            "start_time": 1679663701404866608,
            "stop_time": 1679663701405748801,
            "ram_samples": [],
            "cpu_samples": [
                0.0,
                0.0,
                0.0,
                0.0,
                0.0,
                0.0,
                0.0,
                0.0,
                0.0,
                0.0,
                0.0,
                0.0,
                0.0,
                0.0,
                0.0,
                0.0
            ],
            "average_cpu_busy": 0.0,
            "user_cpu_time": 0.098255,
            "sys_cpu_time": 0.0,
            "total_cpu_time": 0.098255,
            "max_rss": 17732,
            "exit_code": 0,
            "failed": false
        },
        {
            "index": 1,
            "input": 2000.0,
            "run_time": 905857.0,
            "start_time": 1679663701507167944,
            "stop_time": 1679663701508073801,
            "ram_samples": [],
            "cpu_samples": [
                0.0,
                0.0,
                0.0,
                0.0,
                0.0,
                0.0,
                0.0,
                0.0,
                0.0,
                0.0,
                0.0,
                0.0,
                0.0,
                0.0,
                0.0,
                0.0
            ],
            "average_cpu_busy": 0.0,
            "user_cpu_time": 0.100147,
            "sys_cpu_time": 0.0,
            "total_cpu_time": 0.100147,
            "max_rss": 17732,
            "exit_code": 0,
            "failed": false
        },
        {
            "index": 2,
            "input": 2000.0,
            "run_time": 1159090.0,
            "start_time": 1679663701612211028,
            "stop_time": 1679663701613370118,
            "ram_samples": [],
            "cpu_samples": [
                0.0,
                0.0,
                0.0,
                0.0,
                0.0,
                0.0,
                0.0,
                0.0,
                0.0,
                0.0,
                0.0,
                0.0,
                0.0,
                0.0,
                0.0,
                0.0
            ],
            "average_cpu_busy": 0.0,
            "user_cpu_time": 0.100215,
            "sys_cpu_time": 0.0,
            "total_cpu_time": 0.100215,
            "max_rss": 17732,
            "exit_code": 0,
            "failed": false
        },
        {
            "index": 3,
            "input": 2000.0,
            "run_time": 997222.0,
            "start_time": 1679663701717507396,
            "stop_time": 1679663701718504618,
            "ram_samples": [],
            "cpu_samples": [
                0.0,
                0.0,
                0.0,
                0.0,
                0.0,
                0.0,
                0.0,
                0.0,
                0.0,
                0.0,
                0.0,
                0.0,
                0.0,
                0.0,
                0.0,
                0.0
            ],
            "average_cpu_busy": 0.0,
            "user_cpu_time": 0.093328,
            "sys_cpu_time": 0.003888,
            "total_cpu_time": 0.097216,
            "max_rss": 17668,
            "exit_code": 0,
            "failed": false
        },
        {
            "index": 4,
            "input": 2000.0,
            "run_time": 912400.0,
            "start_time": 1679663701818964491,
            "stop_time": 1679663701819876891,
            "ram_samples": [],
            "cpu_samples": [
                0.0,
                0.0,
                0.0,
                0.0,
                0.0,
                0.0,
                0.0,
                0.0,
                0.0,
                0.0,
                0.0,
                0.0,
                0.0,
                0.0,
                0.0,
                0.0
            ],
            "average_cpu_busy": 0.0,
            "user_cpu_time": 0.098037,
            "sys_cpu_time": 0.0,
            "total_cpu_time": 0.098037,
            "max_rss": 17604,
            "exit_code": 0,
            "failed": false
        },
        {
            "index": 5,
            "input": 2000.0,
            "run_time": 918432.0,
            "start_time": 1679663701921943479,
            "stop_time": 1679663701922861911,
            "ram_samples": [],
            "cpu_samples": [
                0.0,
                0.0,
                0.0,
                0.0,
                0.0,
                0.0,
                0.0,
                0.0,
                0.0,
                0.0,
                0.0,
                0.0,
                0.0,
                0.0,
                0.0,
                0.0
            ],
            "average_cpu_busy": 0.0,
            "user_cpu_time": 0.096801,
            "sys_cpu_time": 0.0,
            "total_cpu_time": 0.096801,
            "max_rss": 17672,
            "exit_code": 0,
            "failed": false
        }
    ]
}