{
    "bench": "mandelbrot-1.c",
    "language": "c",
    "input": 1000.0,
    "average_runtime": 957656.1666666666,
    "average_cpu_busy": 0.0,
    "average_ram_load": 0,
    "run_results": [
        {
            "index": 0,
            "input": 1000.0,
            "run_time": 1101716.0,
            "start_time": 1679756178026948247,
            "stop_time": 1679756178028049963,
            "ram_samples": [],
            "cpu_samples": [
                0.0,
                0.0,
                0.0,
                0.0,
                0.0,
                0.0,
                0.0,
                0.0,
                0.0,
                0.0,
                0.0,
                0.0,
                0.0,
                0.0,
                0.0,
                0.0
            ],
            "average_cpu_busy": 0.0,
            "user_cpu_time": 0.033953,
            "sys_cpu_time": 0.0,
            "total_cpu_time": 0.033953,
            "max_rss": 17628,
            "exit_code": 0,
            "failed": false
        },
        {
            "index": 1,
            "input": 1000.0,
            "run_time": 919395.0,
            "start_time": 1679756178035661158,
            "stop_time": 1679756178036580553,
            "ram_samples": [],
            "cpu_samples": [
                0.0,
                0.0,
                0.0,
                0.0,
                0.0,
                0.0,
                0.0,
                0.0,
                0.0,
                0.0,
                0.0,
                0.0,
                0.0,
                0.0,
                0.0,
                0.0
            ],
            "average_cpu_busy": 0.0,
            "user_cpu_time": 0.032986999999999995,
            "sys_cpu_time": 0.0,
            "total_cpu_time": 0.032986999999999995,
            "max_rss": 17628,
            "exit_code": 0,
            "failed": false
        },
        {
            "index": 2,
            "input": 1000.0,
            "run_time": 920376.0,
            "start_time": 1679756178043898278,
            "stop_time": 1679756178044818654,
            "ram_samples": [],
            "cpu_samples": [
                0.0,
                0.0,
                0.0,
                0.0,
                0.0,
                0.0,
                0.0,
                0.0,
                0.0,
                0.0,
                0.0,
                0.0,
                0.0,
                0.0,
                0.0,
                0.0
            ],
            "average_cpu_busy": 0.0,
            "user_cpu_time": 0.033024,
            "sys_cpu_time": 0.0,
            "total_cpu_time": 0.033024,
            "max_rss": 17628,
            "exit_code": 0,
            "failed": false
        },
        {
            "index": 3,
            "input": 1000.0,
            "run_time": 906109.0,
            "start_time": 1679756178052215678,
            "stop_time": 1679756178053121787,
            "ram_samples": [],
            "cpu_samples": [
                0.0,
                0.0,
                0.0,
                0.0,
                0.0,
                0.0,
                0.0,
                0.0,
                0.0,
                0.0,
                0.0,
                0.0,
                0.0,
                0.0,
                0.0,
                0.0
            ],
            "average_cpu_busy": 0.0,
            "user_cpu_time": 0.033243,
            "sys_cpu_time": 0.0,
            "total_cpu_time": 0.033243,
            "max_rss": 17628,
            "exit_code": 0,
            "failed": false
        },
        {
            "index": 4,
            "input": 1000.0,
            "run_time": 957586.0,
            "start_time": 1679756178060532276,
            "stop_time": 1679756178061489862,
            "ram_samples": [],
            "cpu_samples": [
                0.0,
                0.0,
                0.0,
                0.0,
                0.0,
                0.0,
                0.0,
                0.0,
                0.0,
                0.0,
                0.0,
                0.0,
                0.0,
                0.0,
                0.0,
                0.0
            ],
            "average_cpu_busy": 0.0,
            "user_cpu_time": 0.034124999999999996,
            "sys_cpu_time": 0.0,
            "total_cpu_time": 0.034124999999999996,
            "max_rss": 17636,
            "exit_code": 0,
            "failed": false
        },
        {
            "index": 5,
            "input": 1000.0,
            "run_time": 940755.0,
            "start_time": 1679756178068967146,
            "stop_time": 1679756178069907901,
            "ram_samples": [],
            "cpu_samples": [
                0.0,
                0.0,
                0.0,
                0.0,
                0.0,
                0.0,
                0.0,
                0.0,
                0.0,
                0.0,
                0.0,
                0.0,
                0.0,
                0.0,
                0.0,
                0.0
            ],
            "average_cpu_busy": 0.0,
            "user_cpu_time": 0.034792,
            "sys_cpu_time": 0.0,
            "total_cpu_time": 0.034792,
            "max_rss": 17640,
            "exit_code": 0,
            "failed": false
        }
    ]
}