{
    "bench": "mandelbrot-3.ada",
    "language": "ada",
    "input": 2000.0,
    "average_run_time": 907934.6666666666,
    "maximum_run_time": 924063.0,
    "minimum_run_time": 886343.0,
    "average_cpu_time": 0.187133,
    "minimum_cpu_time": 0.184525,
    "maximum_cpu_time": 0.191218,
    "average_cpu_busy": 0,
    "average_ram_load": 0,
    "run_results": [
        {
            "index": 0,
            "input": 2000.0,
            "run_time": 919835.0,
            "start_time": 1680003190791951234,
            "stop_time": 1680003190792871069,
            "ram_samples": [],
            "cpu_samples": [
                0.0,
                0.0,
                0.0,
                0.0,
                0.0,
                0.0,
                0.0,
                0.0,
                0.0,
                0.0,
                0.0,
                0.0,
                0.0,
                0.0,
                0.0,
                0.0
            ],
            "average_cpu_busy": 0.0,
            "user_cpu_time": 0.184525,
            "sys_cpu_time": 0.0,
            "total_cpu_time": 0.184525,
            "max_rss": 18456,
            "exit_code": 0,
            "failed": false
        },
        {
            "index": 1,
            "input": 2000.0,
            "run_time": 909546.0,
            "start_time": 1680003190825312435,
            "stop_time": 1680003190826221981,
            "ram_samples": [],
            "cpu_samples": [
                0.0,
                0.0,
                0.0,
                0.0,
                0.0,
                0.0,
                0.0,
                0.0,
                0.0,
                0.0,
                0.0,
                0.0,
                0.0,
                0.0,
                0.0,
                0.0
            ],
            "average_cpu_busy": 0.0,
            "user_cpu_time": 0.183603,
            "sys_cpu_time": 0.0041719999999999995,
            "total_cpu_time": 0.187775,
            "max_rss": 18464,
            "exit_code": 0,
            "failed": false
        },
        {
            "index": 2,
            "input": 2000.0,
            "run_time": 908554.0,
            "start_time": 1680003190857760574,
            "stop_time": 1680003190858669128,
            "ram_samples": [],
            "cpu_samples": [
                0.0,
                0.0,
                0.0,
                0.0,
                0.0,
                0.0,
                0.0,
                0.0,
                0.0,
                0.0,
                0.0,
                0.0,
                0.0,
                0.0,
                0.0,
                0.0
            ],
            "average_cpu_busy": 0.0,
            "user_cpu_time": 0.18754099999999999,
            "sys_cpu_time": 0.0036769999999999997,
            "total_cpu_time": 0.191218,
            "max_rss": 18464,
            "exit_code": 0,
            "failed": false
        },
        {
            "index": 3,
            "input": 2000.0,
            "run_time": 924063.0,
            "start_time": 1680003190890098917,
            "stop_time": 1680003190891022980,
            "ram_samples": [],
            "cpu_samples": [
                0.0,
                0.0,
                0.0,
                0.0,
                0.0,
                0.0,
                0.0,
                0.0,
                0.0,
                0.0,
                0.0,
                0.0,
                0.0,
                0.0,
                0.0,
                0.0
            ],
            "average_cpu_busy": 0.0,
            "user_cpu_time": 0.18242699999999998,
            "sys_cpu_time": 0.0037229999999999997,
            "total_cpu_time": 0.18614999999999998,
            "max_rss": 18464,
            "exit_code": 0,
            "failed": false
        },
        {
            "index": 4,
            "input": 2000.0,
            "run_time": 899267.0,
            "start_time": 1680003190924156384,
            "stop_time": 1680003190925055651,
            "ram_samples": [],
            "cpu_samples": [
                0.0,
                0.0,
                0.0,
                0.0,
                0.0,
                0.0,
                0.0,
                0.0,
                0.0,
                0.0,
                0.0,
                0.0,
                0.0,
                0.0,
                0.0,
                0.0
            ],
            "average_cpu_busy": 0.0,
            "user_cpu_time": 0.183061,
            "sys_cpu_time": 0.004576,
            "total_cpu_time": 0.187637,
            "max_rss": 18464,
            "exit_code": 0,
            "failed": false
        },
        {
            "index": 5,
            "input": 2000.0,
            "run_time": 886343.0,
            "start_time": 1680003190957131381,
            "stop_time": 1680003190958017724,
            "ram_samples": [],
            "cpu_samples": [
                0.0,
                0.0,
                0.0,
                0.0,
                0.0,
                0.0,
                0.0,
                0.0,
                0.0,
                0.0,
                0.0,
                0.0,
                0.0,
                0.0,
                0.0,
                0.0
            ],
            "average_cpu_busy": 0.0,
            "user_cpu_time": 0.181371,
            "sys_cpu_time": 0.004122,
            "total_cpu_time": 0.185493,
            "max_rss": 18464,
            "exit_code": 0,
            "failed": false
        }
    ]
}