{
    "bench": "mandelbrot-4.c",
    "language": "c",
    "input": 3000.0,
    "average_run_time": 915567.1666666666,
    "maximum_run_time": 920657.0,
    "minimum_run_time": 910628.0,
    "average_cpu_time": 0.34842733333333326,
    "minimum_cpu_time": 0.324193,
    "maximum_cpu_time": 0.38074099999999994,
    "average_cpu_busy": 0,
    "average_ram_load": 0,
    "run_results": [
        {
            "index": 0,
            "input": 3000.0,
            "run_time": 914635.0,
            "start_time": 1680003229142700272,
            "stop_time": 1680003229143614907,
            "ram_samples": [],
            "cpu_samples": [
                0.0,
                0.0,
                0.0,
                0.0,
                0.0,
                0.0,
                0.0,
                0.0,
                0.0,
                0.0,
                0.0,
                0.0,
                0.0,
                0.0,
                0.0,
                0.0
            ],
            "average_cpu_busy": 0.0,
            "user_cpu_time": 0.371498,
            "sys_cpu_time": 0.003952,
            "total_cpu_time": 0.37545,
            "max_rss": 19208,
            "exit_code": 0,
            "failed": false
        },
        {
            "index": 1,
            "input": 3000.0,
            "run_time": 915447.0,
            "start_time": 1680003229171607349,
            "stop_time": 1680003229172522796,
            "ram_samples": [],
            "cpu_samples": [
                0.0,
                0.0,
                0.0,
                0.0,
                0.0,
                0.0,
                0.0,
                0.0,
                0.0,
                0.0,
                0.0,
                0.0,
                0.0,
                0.0,
                0.0,
                0.0
            ],
            "average_cpu_busy": 0.0,
            "user_cpu_time": 0.34116199999999997,
            "sys_cpu_time": 0.0,
            "total_cpu_time": 0.34116199999999997,
            "max_rss": 19208,
            "exit_code": 0,
            "failed": false
        },
        {
            "index": 2,
            "input": 3000.0,
            "run_time": 915417.0,
            "start_time": 1680003229197743639,
            "stop_time": 1680003229198659056,
            "ram_samples": [],
            "cpu_samples": [
                0.0,
                0.0,
                0.0,
                0.0,
                0.0,
                0.0,
                0.0,
                0.0,
                0.0,
                0.0,
                0.0,
                0.0,
                0.0,
                0.0,
                0.0,
                0.0
            ],
            "average_cpu_busy": 0.0,
            "user_cpu_time": 0.37660299999999997,
            "sys_cpu_time": 0.004138,
            "total_cpu_time": 0.38074099999999994,
            "max_rss": 19208,
            "exit_code": 0,
            "failed": false
        },
        {
            "index": 3,
            "input": 3000.0,
            "run_time": 916619.0,
            "start_time": 1680003229227548611,
            "stop_time": 1680003229228465230,
            "ram_samples": [],
            "cpu_samples": [
                0.0,
                0.0,
                0.0,
                0.0,
                0.0,
                0.0,
                0.0,
                0.0,
                0.0,
                0.0,
                0.0,
                0.0,
                0.0,
                0.0,
                0.0,
                0.0
            ],
            "average_cpu_busy": 0.0,
            "user_cpu_time": 0.333512,
            "sys_cpu_time": 0.004331,
            "total_cpu_time": 0.33784299999999995,
            "max_rss": 19208,
            "exit_code": 0,
            "failed": false
        },
        {
            "index": 4,
            "input": 3000.0,
            "run_time": 910628.0,
            "start_time": 1680003229253632733,
            "stop_time": 1680003229254543361,
            "ram_samples": [],
            "cpu_samples": [
                0.0,
                0.0,
                0.0,
                0.0,
                0.0,
                0.0,
                0.0,
                0.0,
                0.0,
                0.0,
                0.0,
                0.0,
                0.0,
                0.0,
                0.0,
                0.0
            ],
            "average_cpu_busy": 0.0,
            "user_cpu_time": 0.320191,
            "sys_cpu_time": 0.0040019999999999995,
            "total_cpu_time": 0.324193,
            "max_rss": 19212,
            "exit_code": 0,
            "failed": false
        },
        {
            "index": 5,
            "input": 3000.0,
            "run_time": 920657.0,
            "start_time": 1680003229278308044,
            "stop_time": 1680003229279228701,
            "ram_samples": [],
            "cpu_samples": [
                0.0,
                0.0,
                0.0,
                0.0,
                0.0,
                0.0,
                0.0,
                0.0,
                0.0,
                0.0,
                0.0,
                0.0,
                0.0,
                0.0,
                0.0,
                0.0
            ],
            "average_cpu_busy": 0.0,
            "user_cpu_time": 0.331175,
            "sys_cpu_time": 0.0,
            "total_cpu_time": 0.331175,
            "max_rss": 19212,
            "exit_code": 0,
            "failed": false
        }
    ]
}