{
    "bench": "mandelbrot-3.java",
    "language": "java",
    "input": 4000.0,
    "average_run_time": 1193694.3333333333,
    "maximum_run_time": 1370010.0,
    "minimum_run_time": 1117817.0,
    "average_cpu_time": 0.5700648333333334,
    "minimum_cpu_time": 0.502552,
    "maximum_cpu_time": 0.695565,
    "average_cpu_busy": 0,
    "average_ram_load": 0,
    "run_results": [
        {
            "index": 0,
            "input": 4000.0,
            "run_time": 1169384.0,
            "start_time": 1680003194193824130,
            "stop_time": 1680003194194993514,
            "ram_samples": [],
            "cpu_samples": [
                0.0,
                0.0,
                0.0,
                0.0,
                0.0,
                0.0,
                0.0,
                0.0,
                0.0,
                100.0,
                0.0,
                0.0,
                0.0,
                0.0,
                0.0,
                0.0
            ],
            "average_cpu_busy": 1.169384e-06,
            "user_cpu_time": 0.539396,
            "sys_cpu_time": 0.019402,
            "total_cpu_time": 0.558798,
            "max_rss": 44768,
            "exit_code": 0,
            "failed": false
        },
        {
            "index": 1,
            "input": 4000.0,
            "run_time": 1172008.0,
            "start_time": 1680003194276255897,
            "stop_time": 1680003194277427905,
            "ram_samples": [],
            "cpu_samples": [
                0.0,
                0.0,
                0.0,
                0.0,
                0.0,
                0.0,
                0.0,
                0.0,
                0.0,
                0.0,
                0.0,
                0.0,
                0.0,
                0.0,
                0.0,
                0.0
            ],
            "average_cpu_busy": 0.0,
            "user_cpu_time": 0.68775,
            "sys_cpu_time": 0.007814999999999999,
            "total_cpu_time": 0.695565,
            "max_rss": 45276,
            "exit_code": 0,
            "failed": false
        },
        {
            "index": 2,
            "input": 4000.0,
            "run_time": 1123117.0,
            "start_time": 1680003194368133630,
            "stop_time": 1680003194369256747,
            "ram_samples": [],
            "cpu_samples": [
                0.0,
                0.0,
                0.0,
                0.0,
                0.0,
                0.0,
                0.0,
                0.0,
                0.0,
                0.0,
                0.0,
                0.0,
                0.0,
                0.0,
                0.0,
                0.0
            ],
            "average_cpu_busy": 0.0,
            "user_cpu_time": 0.531806,
            "sys_cpu_time": 0.019992,
            "total_cpu_time": 0.551798,
            "max_rss": 44488,
            "exit_code": 0,
            "failed": false
        },
        {
            "index": 3,
            "input": 4000.0,
            "run_time": 1117817.0,
            "start_time": 1680003194439457022,
            "stop_time": 1680003194440574839,
            "ram_samples": [],
            "cpu_samples": [
                0.0,
                0.0,
                0.0,
                0.0,
                0.0,
                0.0,
                0.0,
                0.0,
                0.0,
                0.0,
                0.0,
                0.0,
                0.0,
                0.0,
                0.0,
                0.0
            ],
            "average_cpu_busy": 0.0,
            "user_cpu_time": 0.47803799999999996,
            "sys_cpu_time": 0.024513999999999998,
            "total_cpu_time": 0.502552,
            "max_rss": 44868,
            "exit_code": 0,
            "failed": false
        },
        {
            "index": 4,
            "input": 4000.0,
            "run_time": 1370010.0,
            "start_time": 1680003194517875682,
            "stop_time": 1680003194519245692,
            "ram_samples": [],
            "cpu_samples": [
                0.0,
                0.0,
                0.0,
                0.0,
                0.0,
                0.0,
                0.0,
                0.0,
                0.0,
                0.0,
                100.0,
                0.0,
                0.0,
                0.0,
                0.0,
                0.0
            ],
            "average_cpu_busy": 1.3700099999999999e-06,
            "user_cpu_time": 0.52669,
            "sys_cpu_time": 0.011703999999999999,
            "total_cpu_time": 0.538394,
            "max_rss": 44924,
            "exit_code": 0,
            "failed": false
        },
        {
            "index": 5,
            "input": 4000.0,
            "run_time": 1209830.0,
            "start_time": 1680003194588376952,
            "stop_time": 1680003194589586782,
            "ram_samples": [],
            "cpu_samples": [
                0.0,
                0.0,
                0.0,
                0.0,
                0.0,
                0.0,
                0.0,
                0.0,
                0.0,
                0.0,
                0.0,
                0.0,
                0.0,
                0.0,
                0.0,
                0.0
            ],
            "average_cpu_busy": 0.0,
            "user_cpu_time": 0.549883,
            "sys_cpu_time": 0.023399,
            "total_cpu_time": 0.573282,
            "max_rss": 44744,
            "exit_code": 0,
            "failed": false
        }
    ]
}