{
    "bench": "mandelbrot-3.cpp",
    "language": "cpp",
    "input": 2000.0,
    "average_runtime": 1084361.1666666667,
    "average_cpu_busy": 0.0,
    "average_ram_load": 0,
    "run_results": [
        {
            "index": 0,
            "input": 2000.0,
            "run_time": 931907.0,
            "start_time": 1679663709617270775,
            "stop_time": 1679663709618202682,
            "ram_samples": [],
            "cpu_samples": [
                0.0,
                0.0,
                0.0,
                0.0,
                0.0,
                0.0,
                0.0,
                0.0,
                0.0,
                0.0,
                0.0,
                0.0,
                0.0,
                0.0,
                0.0,
                0.0
            ],
            "average_cpu_busy": 0.0,
            "user_cpu_time": 0.261654,
            "sys_cpu_time": 0.0,
            "total_cpu_time": 0.261654,
            "max_rss": 17860,
            "exit_code": 0,
            "failed": false
        },
        {
            "index": 1,
            "input": 2000.0,
            "run_time": 1285552.0,
            "start_time": 1679663709883625025,
            "stop_time": 1679663709884910577,
            "ram_samples": [],
            "cpu_samples": [
                0.0,
                0.0,
                0.0,
                0.0,
                0.0,
                0.0,
                0.0,
                0.0,
                0.0,
                0.0,
                0.0,
                0.0,
                0.0,
                0.0,
                0.0,
                0.0
            ],
            "average_cpu_busy": 0.0,
            "user_cpu_time": 0.26403299999999996,
            "sys_cpu_time": 0.0,
            "total_cpu_time": 0.26403299999999996,
            "max_rss": 17868,
            "exit_code": 0,
            "failed": false
        },
        {
            "index": 2,
            "input": 2000.0,
            "run_time": 1060142.0,
            "start_time": 1679663710152169373,
            "stop_time": 1679663710153229515,
            "ram_samples": [],
            "cpu_samples": [
                0.0,
                0.0,
                0.0,
                0.0,
                0.0,
                0.0,
                0.0,
                0.0,
                0.0,
                0.0,
                0.0,
                0.0,
                0.0,
                0.0,
                0.0,
                0.0
            ],
            "average_cpu_busy": 0.0,
            "user_cpu_time": 0.262529,
            "sys_cpu_time": 0.0,
            "total_cpu_time": 0.262529,
            "max_rss": 17868,
            "exit_code": 0,
            "failed": false
        },
        {
            "index": 3,
            "input": 2000.0,
            "run_time": 938319.0,
            "start_time": 1679663710418867229,
            "stop_time": 1679663710419805548,
            "ram_samples": [],
            "cpu_samples": [
                0.0,
                0.0,
                0.0,
                0.0,
                0.0,
                0.0,
                0.0,
                0.0,
                0.0,
                0.0,
                0.0,
                0.0,
                0.0,
                0.0,
                0.0,
                0.0
            ],
            "average_cpu_busy": 0.0,
            "user_cpu_time": 0.266025,
            "sys_cpu_time": 0.0,
            "total_cpu_time": 0.266025,
            "max_rss": 17868,
            "exit_code": 0,
            "failed": false
        },
        {
            "index": 4,
            "input": 2000.0,
            "run_time": 1219425.0,
            "start_time": 1679663710691197345,
            "stop_time": 1679663710692416770,
            "ram_samples": [],
            "cpu_samples": [
                0.0,
                0.0,
                0.0,
                0.0,
                0.0,
                0.0,
                0.0,
                0.0,
                0.0,
                0.0,
                0.0,
                0.0,
                0.0,
                0.0,
                0.0,
                0.0
            ],
            "average_cpu_busy": 0.0,
            "user_cpu_time": 0.265659,
            "sys_cpu_time": 0.0,
            "total_cpu_time": 0.265659,
            "max_rss": 17868,
            "exit_code": 0,
            "failed": false
        },
        {
            "index": 5,
            "input": 2000.0,
            "run_time": 1070822.0,
            "start_time": 1679663710961822269,
            "stop_time": 1679663710962893091,
            "ram_samples": [],
            "cpu_samples": [
                0.0,
                0.0,
                0.0,
                0.0,
                0.0,
                0.0,
                0.0,
                0.0,
                0.0,
                0.0,
                0.0,
                0.0,
                0.0,
                0.0,
                0.0,
                0.0
            ],
            "average_cpu_busy": 0.0,
            "user_cpu_time": 0.265221,
            "sys_cpu_time": 0.0,
            "total_cpu_time": 0.265221,
            "max_rss": 17872,
            "exit_code": 0,
            "failed": false
        }
    ]
}