{
    "bench": "mandelbrot-1.c",
    "language": "c",
    "input": 1000.0,
    "average_run_time": 868303.6666666666,
    "maximum_run_time": 885130.0,
    "minimum_run_time": 854804.0,
    "average_cpu_time": 0.033678,
    "minimum_cpu_time": 0.032687,
    "maximum_cpu_time": 0.034491,
    "average_cpu_busy": 0,
    "average_ram_load": 0,
    "run_results": [
        {
            "index": 0,
            "input": 1000.0,
            "run_time": 866886.0,
            "start_time": 1680003169560613038,
            "stop_time": 1680003169561479924,
            "ram_samples": [],
            "cpu_samples": [
                0.0,
                0.0,
                0.0,
                0.0,
                0.0,
                0.0,
                0.0,
                0.0,
                0.0,
                0.0,
                0.0,
                0.0,
                0.0,
                0.0,
                0.0,
                0.0
            ],
            "average_cpu_busy": 0.0,
            "user_cpu_time": 0.034491,
            "sys_cpu_time": 0.0,
            "total_cpu_time": 0.034491,
            "max_rss": 18248,
            "exit_code": 0,
            "failed": false
        },
        {
            "index": 1,
            "input": 1000.0,
            "run_time": 870853.0,
            "start_time": 1680003169568795044,
            "stop_time": 1680003169569665897,
            "ram_samples": [],
            "cpu_samples": [
                0.0,
                0.0,
                0.0,
                0.0,
                0.0,
                0.0,
                0.0,
                0.0,
                0.0,
                0.0,
                0.0,
                0.0,
                0.0,
                0.0,
                0.0,
                0.0
            ],
            "average_cpu_busy": 0.0,
            "user_cpu_time": 0.034359,
            "sys_cpu_time": 0.0,
            "total_cpu_time": 0.034359,
            "max_rss": 18252,
            "exit_code": 0,
            "failed": false
        },
        {
            "index": 2,
            "input": 1000.0,
            "run_time": 877085.0,
            "start_time": 1680003169577000163,
            "stop_time": 1680003169577877248,
            "ram_samples": [],
            "cpu_samples": [
                0.0,
                0.0,
                0.0,
                0.0,
                0.0,
                0.0,
                0.0,
                0.0,
                0.0,
                0.0,
                0.0,
                0.0,
                0.0,
                0.0,
                0.0,
                0.0
            ],
            "average_cpu_busy": 0.0,
            "user_cpu_time": 0.032687,
            "sys_cpu_time": 0.0,
            "total_cpu_time": 0.032687,
            "max_rss": 18256,
            "exit_code": 0,
            "failed": false
        },
        {
            "index": 3,
            "input": 1000.0,
            "run_time": 855064.0,
            "start_time": 1680003169584815040,
            "stop_time": 1680003169585670104,
            "ram_samples": [],
            "cpu_samples": [
                0.0,
                0.0,
                0.0,
                0.0,
                0.0,
                0.0,
                0.0,
                0.0,
                0.0,
                0.0,
                0.0,
                0.0,
                0.0,
                0.0,
                0.0,
                0.0
            ],
            "average_cpu_busy": 0.0,
            "user_cpu_time": 0.033867999999999995,
            "sys_cpu_time": 0.0,
            "total_cpu_time": 0.033867999999999995,
            "max_rss": 18256,
            "exit_code": 0,
            "failed": false
        },
        {
            "index": 4,
            "input": 1000.0,
            "run_time": 885130.0,
            "start_time": 1680003169592953545,
            "stop_time": 1680003169593838675,
            "ram_samples": [],
            "cpu_samples": [
                0.0,
                0.0,
                0.0,
                0.0,
                0.0,
                0.0,
                0.0,
                0.0,
                0.0,
                0.0,
                0.0,
                0.0,
                0.0,
                0.0,
                0.0,
                0.0
            ],
            "average_cpu_busy": 0.0,
            "user_cpu_time": 0.033774,
            "sys_cpu_time": 0.0,
            "total_cpu_time": 0.033774,
            "max_rss": 18256,
            "exit_code": 0,
            "failed": false
        },
        {
            "index": 5,
            "input": 1000.0,
            "run_time": 854804.0,
            "start_time": 1680003169600944983,
            "stop_time": 1680003169601799787,
            "ram_samples": [],
            "cpu_samples": [
                0.0,
                0.0,
                0.0,
                0.0,
                0.0,
                0.0,
                0.0,
                0.0,
                0.0,
                0.0,
                0.0,
                0.0,
                0.0,
                0.0,
                0.0,
                0.0
            ],
            "average_cpu_busy": 0.0,
            "user_cpu_time": 0.032889,
            "sys_cpu_time": 0.0,
            "total_cpu_time": 0.032889,
            "max_rss": 18260,
            "exit_code": 0,
            "failed": false
        }
    ]
}