{
    "bench": "mandelbrot-4.c",
    "language": "c",
    "input": 2000.0,
    "average_run_time": 921313.1666666666,
    "maximum_run_time": 966282.0,
    "minimum_run_time": 856727.0,
    "average_cpu_time": 0.16199416666666666,
    "minimum_cpu_time": 0.147979,
    "maximum_cpu_time": 0.175392,
    "average_cpu_busy": 0,
    "average_ram_load": 0,
    "run_results": [
        {
            "index": 0,
            "input": 2000.0,
            "run_time": 936888.0,
            "start_time": 1679838011406224309,
            "stop_time": 1679838011407161197,
            "ram_samples": [],
            "cpu_samples": [
                0.0,
                100.0,
                0.0,
                0.0,
                0.0,
                0.0,
                0.0,
                0.0,
                0.0,
                0.0,
                0.0,
                0.0,
                0.0,
                0.0,
                0.0,
                0.0
            ],
            "average_cpu_busy": 9.368880000000001e-07,
            "user_cpu_time": 0.149579,
            "sys_cpu_time": 0.0,
            "total_cpu_time": 0.149579,
            "max_rss": 18236,
            "exit_code": 0,
            "failed": false
        },
        {
            "index": 1,
            "input": 2000.0,
            "run_time": 856727.0,
            "start_time": 1679838011419697810,
            "stop_time": 1679838011420554537,
            "ram_samples": [],
            "cpu_samples": [
                0.0,
                0.0,
                0.0,
                0.0,
                0.0,
                0.0,
                0.0,
                0.0,
                0.0,
                0.0,
                0.0,
                0.0,
                0.0,
                0.0,
                0.0,
                0.0
            ],
            "average_cpu_busy": 0.0,
            "user_cpu_time": 0.165357,
            "sys_cpu_time": 0.0,
            "total_cpu_time": 0.165357,
            "max_rss": 18236,
            "exit_code": 0,
            "failed": false
        },
        {
            "index": 2,
            "input": 2000.0,
            "run_time": 966282.0,
            "start_time": 1679838011434462352,
            "stop_time": 1679838011435428634,
            "ram_samples": [],
            "cpu_samples": [
                0.0,
                0.0,
                0.0,
                0.0,
                0.0,
                0.0,
                0.0,
                0.0,
                0.0,
                0.0,
                0.0,
                0.0,
                0.0,
                0.0,
                0.0,
                0.0
            ],
            "average_cpu_busy": 0.0,
            "user_cpu_time": 0.16356199999999999,
            "sys_cpu_time": 0.0,
            "total_cpu_time": 0.16356199999999999,
            "max_rss": 18236,
            "exit_code": 0,
            "failed": false
        },
        {
            "index": 3,
            "input": 2000.0,
            "run_time": 883497.0,
            "start_time": 1679838011449200755,
            "stop_time": 1679838011450084252,
            "ram_samples": [],
            "cpu_samples": [
                0.0,
                0.0,
                0.0,
                0.0,
                0.0,
                0.0,
                0.0,
                0.0,
                0.0,
                0.0,
                0.0,
                0.0,
                0.0,
                0.0,
                0.0,
                0.0
            ],
            "average_cpu_busy": 0.0,
            "user_cpu_time": 0.170096,
            "sys_cpu_time": 0.0,
            "total_cpu_time": 0.170096,
            "max_rss": 18240,
            "exit_code": 0,
            "failed": false
        },
        {
            "index": 4,
            "input": 2000.0,
            "run_time": 919174.0,
            "start_time": 1679838011464541167,
            "stop_time": 1679838011465460341,
            "ram_samples": [],
            "cpu_samples": [
                0.0,
                0.0,
                0.0,
                0.0,
                0.0,
                0.0,
                0.0,
                0.0,
                0.0,
                0.0,
                0.0,
                0.0,
                0.0,
                0.0,
                0.0,
                0.0
            ],
            "average_cpu_busy": 0.0,
            "user_cpu_time": 0.147979,
            "sys_cpu_time": 0.0,
            "total_cpu_time": 0.147979,
            "max_rss": 18244,
            "exit_code": 0,
            "failed": false
        },
        {
            "index": 5,
            "input": 2000.0,
            "run_time": 965311.0,
            "start_time": 1679838011478239719,
            "stop_time": 1679838011479205030,
            "ram_samples": [],
            "cpu_samples": [
                0.0,
                0.0,
                0.0,
                100.0,
                0.0,
                0.0,
                0.0,
                0.0,
                0.0,
                0.0,
                0.0,
                0.0,
                0.0,
                0.0,
                0.0,
                0.0
            ],
            "average_cpu_busy": 9.65311e-07,
            "user_cpu_time": 0.175392,
            "sys_cpu_time": 0.0,
            "total_cpu_time": 0.175392,
            "max_rss": 18244,
            "exit_code": 0,
            "failed": false
        }
    ]
}