{
    "bench": "mandelbrot-3.c",
    "language": "c",
    "input": 5000.0,
    "average_run_time": 1053235.3333333333,
    "maximum_run_time": 1290460.0,
    "minimum_run_time": 898556.0,
    "average_cpu_time": 0.7586775,
    "minimum_cpu_time": 0.754478,
    "maximum_cpu_time": 0.763328,
    "average_cpu_busy": 0,
    "average_ram_load": 0,
    "run_results": [
        {
            "index": 0,
            "input": 5000.0,
            "run_time": 915246.0,
            "start_time": 1680003196690112799,
            "stop_time": 1680003196691028045,
            "ram_samples": [],
            "cpu_samples": [
                0.0,
                0.0,
                0.0,
                0.0,
                0.0,
                0.0,
                100.0,
                0.0,
                0.0,
                0.0,
                0.0,
                0.0,
                0.0,
                0.0,
                0.0,
                0.0
            ],
            "average_cpu_busy": 9.15246e-07,
            "user_cpu_time": 0.754478,
            "sys_cpu_time": 0.0,
            "total_cpu_time": 0.754478,
            "max_rss": 18688,
            "exit_code": 0,
            "failed": false
        },
        {
            "index": 1,
            "input": 5000.0,
            "run_time": 907392.0,
            "start_time": 1680003196883603434,
            "stop_time": 1680003196884510826,
            "ram_samples": [],
            "cpu_samples": [
                0.0,
                0.0,
                0.0,
                0.0,
                0.0,
                0.0,
                0.0,
                0.0,
                0.0,
                0.0,
                0.0,
                0.0,
                0.0,
                0.0,
                0.0,
                0.0
            ],
            "average_cpu_busy": 0.0,
            "user_cpu_time": 0.7579969999999999,
            "sys_cpu_time": 0.0,
            "total_cpu_time": 0.7579969999999999,
            "max_rss": 18692,
            "exit_code": 0,
            "failed": false
        },
        {
            "index": 2,
            "input": 5000.0,
            "run_time": 1282345.0,
            "start_time": 1680003197078666449,
            "stop_time": 1680003197079948794,
            "ram_samples": [],
            "cpu_samples": [
                0.0,
                0.0,
                0.0,
                0.0,
                0.0,
                0.0,
                0.0,
                0.0,
                0.0,
                0.0,
                0.0,
                0.0,
                0.0,
                0.0,
                0.0,
                0.0
            ],
            "average_cpu_busy": 0.0,
            "user_cpu_time": 0.755377,
            "sys_cpu_time": 0.007951,
            "total_cpu_time": 0.763328,
            "max_rss": 18692,
            "exit_code": 0,
            "failed": false
        },
        {
            "index": 3,
            "input": 5000.0,
            "run_time": 1025413.0,
            "start_time": 1680003197275229928,
            "stop_time": 1680003197276255341,
            "ram_samples": [],
            "cpu_samples": [
                0.0,
                0.0,
                0.0,
                0.0,
                0.0,
                0.0,
                0.0,
                0.0,
                0.0,
                0.0,
                0.0,
                0.0,
                0.0,
                0.0,
                0.0,
                0.0
            ],
            "average_cpu_busy": 0.0,
            "user_cpu_time": 0.756239,
            "sys_cpu_time": 0.0,
            "total_cpu_time": 0.756239,
            "max_rss": 18692,
            "exit_code": 0,
            "failed": false
        },
        {
            "index": 4,
            "input": 5000.0,
            "run_time": 898556.0,
            "start_time": 1680003197469137545,
            "stop_time": 1680003197470036101,
            "ram_samples": [],
            "cpu_samples": [
                0.0,
                0.0,
                0.0,
                0.0,
                0.0,
                0.0,
                0.0,
                0.0,
                0.0,
                0.0,
                0.0,
                0.0,
                0.0,
                0.0,
                0.0,
                0.0
            ],
            "average_cpu_busy": 0.0,
            "user_cpu_time": 0.761477,
            "sys_cpu_time": 0.0,
            "total_cpu_time": 0.761477,
            "max_rss": 18696,
            "exit_code": 0,
            "failed": false
        },
        {
            "index": 5,
            "input": 5000.0,
            "run_time": 1290460.0,
            "start_time": 1680003197665269004,
            "stop_time": 1680003197666559464,
            "ram_samples": [],
            "cpu_samples": [
                0.0,
                0.0,
                0.0,
                0.0,
                0.0,
                0.0,
                0.0,
                0.0,
                0.0,
                0.0,
                0.0,
                0.0,
                0.0,
                0.0,
                0.0,
                0.0
            ],
            "average_cpu_busy": 0.0,
            "user_cpu_time": 0.754533,
            "sys_cpu_time": 0.004013,
            "total_cpu_time": 0.758546,
            "max_rss": 18696,
            "exit_code": 0,
            "failed": false
        }
    ]
}