{
    "bench": "mandelbrot-2.ada",
    "language": "ada",
    "input": 2000.0,
    "average_runtime": 1169660.6666666667,
    "average_cpu_busy": 0.0,
    "average_ram_load": 0,
    "run_results": [
        {
            "index": 0,
            "input": 2000.0,
            "run_time": 1058125.0,
            "start_time": 1679756175839535477,
            "stop_time": 1679756175840593602,
            "ram_samples": [],
            "cpu_samples": [
                0.0,
                0.0,
                0.0,
                0.0,
                0.0,
                0.0,
                0.0,
                0.0,
                0.0,
                0.0,
                0.0,
                0.0,
                0.0,
                0.0,
                0.0,
                0.0
            ],
            "average_cpu_busy": 0.0,
            "user_cpu_time": 0.24969999999999998,
            "sys_cpu_time": 0.0,
            "total_cpu_time": 0.24969999999999998,
            "max_rss": 17560,
            "exit_code": 0,
            "failed": false
        },
        {
            "index": 1,
            "input": 2000.0,
            "run_time": 1082040.0,
            "start_time": 1679756176094017336,
            "stop_time": 1679756176095099376,
            "ram_samples": [],
            "cpu_samples": [
                0.0,
                0.0,
                0.0,
                0.0,
                0.0,
                0.0,
                0.0,
                0.0,
                0.0,
                0.0,
                0.0,
                0.0,
                0.0,
                0.0,
                0.0,
                0.0
            ],
            "average_cpu_busy": 0.0,
            "user_cpu_time": 0.247111,
            "sys_cpu_time": 0.0,
            "total_cpu_time": 0.247111,
            "max_rss": 17560,
            "exit_code": 0,
            "failed": false
        },
        {
            "index": 2,
            "input": 2000.0,
            "run_time": 980078.0,
            "start_time": 1679756176345440088,
            "stop_time": 1679756176346420166,
            "ram_samples": [],
            "cpu_samples": [
                0.0,
                0.0,
                0.0,
                0.0,
                0.0,
                0.0,
                0.0,
                0.0,
                0.0,
                0.0,
                0.0,
                0.0,
                0.0,
                0.0,
                0.0,
                0.0
            ],
            "average_cpu_busy": 0.0,
            "user_cpu_time": 0.24587199999999998,
            "sys_cpu_time": 0.0,
            "total_cpu_time": 0.24587199999999998,
            "max_rss": 17564,
            "exit_code": 0,
            "failed": false
        },
        {
            "index": 3,
            "input": 2000.0,
            "run_time": 1330014.0,
            "start_time": 1679756176595563913,
            "stop_time": 1679756176596893927,
            "ram_samples": [],
            "cpu_samples": [
                0.0,
                0.0,
                0.0,
                0.0,
                0.0,
                0.0,
                0.0,
                0.0,
                0.0,
                0.0,
                0.0,
                0.0,
                0.0,
                0.0,
                0.0,
                0.0
            ],
            "average_cpu_busy": 0.0,
            "user_cpu_time": 0.247501,
            "sys_cpu_time": 0.0,
            "total_cpu_time": 0.247501,
            "max_rss": 17564,
            "exit_code": 0,
            "failed": false
        },
        {
            "index": 4,
            "input": 2000.0,
            "run_time": 1407781.0,
            "start_time": 1679756176847781765,
            "stop_time": 1679756176849189546,
            "ram_samples": [],
            "cpu_samples": [
                0.0,
                0.0,
                0.0,
                0.0,
                0.0,
                0.0,
                0.0,
                0.0,
                0.0,
                0.0,
                0.0,
                0.0,
                0.0,
                0.0,
                0.0,
                0.0
            ],
            "average_cpu_busy": 0.0,
            "user_cpu_time": 0.24931599999999998,
            "sys_cpu_time": 0.0,
            "total_cpu_time": 0.24931599999999998,
            "max_rss": 17564,
            "exit_code": 0,
            "failed": false
        },
        {
            "index": 5,
            "input": 2000.0,
            "run_time": 1159926.0,
            "start_time": 1679756177102769443,
            "stop_time": 1679756177103929369,
            "ram_samples": [],
            "cpu_samples": [
                0.0,
                0.0,
                0.0,
                0.0,
                0.0,
                0.0,
                0.0,
                0.0,
                0.0,
                0.0,
                0.0,
                0.0,
                0.0,
                0.0,
                0.0,
                0.0
            ],
            "average_cpu_busy": 0.0,
            "user_cpu_time": 0.24790199999999998,
            "sys_cpu_time": 0.0,
            "total_cpu_time": 0.24790199999999998,
            "max_rss": 17564,
            "exit_code": 0,
            "failed": false
        }
    ]
}