{
    "bench": "mandelbrot-1.c",
    "language": "c",
    "input": 1000.0,
    "average_run_time": 915246.5,
    "maximum_run_time": 982754.0,
    "minimum_run_time": 872456.0,
    "average_cpu_time": 0.033611166666666664,
    "minimum_cpu_time": 0.032882999999999996,
    "maximum_cpu_time": 0.034873999999999995,
    "average_cpu_busy": 0,
    "average_ram_load": 0,
    "run_results": [
        {
            "index": 0,
            "input": 1000.0,
            "run_time": 982754.0,
            "start_time": 1679838000416124259,
            "stop_time": 1679838000417107013,
            "ram_samples": [],
            "cpu_samples": [
                0.0,
                0.0,
                0.0,
                0.0,
                0.0,
                0.0,
                0.0,
                0.0,
                0.0,
                0.0,
                0.0,
                0.0,
                0.0,
                0.0,
                0.0,
                0.0
            ],
            "average_cpu_busy": 0.0,
            "user_cpu_time": 0.034873999999999995,
            "sys_cpu_time": 0.0,
            "total_cpu_time": 0.034873999999999995,
            "max_rss": 17820,
            "exit_code": 0,
            "failed": false
        },
        {
            "index": 1,
            "input": 1000.0,
            "run_time": 968877.0,
            "start_time": 1679838000424582934,
            "stop_time": 1679838000425551811,
            "ram_samples": [],
            "cpu_samples": [
                0.0,
                0.0,
                0.0,
                0.0,
                0.0,
                0.0,
                0.0,
                0.0,
                0.0,
                0.0,
                0.0,
                0.0,
                0.0,
                0.0,
                0.0,
                0.0
            ],
            "average_cpu_busy": 0.0,
            "user_cpu_time": 0.032921,
            "sys_cpu_time": 0.0,
            "total_cpu_time": 0.032921,
            "max_rss": 17820,
            "exit_code": 0,
            "failed": false
        },
        {
            "index": 2,
            "input": 1000.0,
            "run_time": 895690.0,
            "start_time": 1679838000432565286,
            "stop_time": 1679838000433460976,
            "ram_samples": [],
            "cpu_samples": [
                0.0,
                0.0,
                0.0,
                0.0,
                0.0,
                0.0,
                0.0,
                0.0,
                0.0,
                0.0,
                0.0,
                0.0,
                0.0,
                0.0,
                0.0,
                0.0
            ],
            "average_cpu_busy": 0.0,
            "user_cpu_time": 0.032971,
            "sys_cpu_time": 0.0,
            "total_cpu_time": 0.032971,
            "max_rss": 17820,
            "exit_code": 0,
            "failed": false
        },
        {
            "index": 3,
            "input": 1000.0,
            "run_time": 884318.0,
            "start_time": 1679838000440631635,
            "stop_time": 1679838000441515953,
            "ram_samples": [],
            "cpu_samples": [
                0.0,
                0.0,
                0.0,
                0.0,
                0.0,
                0.0,
                0.0,
                0.0,
                0.0,
                0.0,
                0.0,
                0.0,
                0.0,
                0.0,
                0.0,
                0.0
            ],
            "average_cpu_busy": 0.0,
            "user_cpu_time": 0.034466,
            "sys_cpu_time": 0.0,
            "total_cpu_time": 0.034466,
            "max_rss": 17824,
            "exit_code": 0,
            "failed": false
        },
        {
            "index": 4,
            "input": 1000.0,
            "run_time": 872456.0,
            "start_time": 1679838000448976917,
            "stop_time": 1679838000449849373,
            "ram_samples": [],
            "cpu_samples": [
                0.0,
                0.0,
                0.0,
                0.0,
                0.0,
                0.0,
                0.0,
                0.0,
                0.0,
                0.0,
                0.0,
                0.0,
                0.0,
                0.0,
                0.0,
                0.0
            ],
            "average_cpu_busy": 0.0,
            "user_cpu_time": 0.033552,
            "sys_cpu_time": 0.0,
            "total_cpu_time": 0.033552,
            "max_rss": 17824,
            "exit_code": 0,
            "failed": false
        },
        {
            "index": 5,
            "input": 1000.0,
            "run_time": 887384.0,
            "start_time": 1679838000456827251,
            "stop_time": 1679838000457714635,
            "ram_samples": [],
            "cpu_samples": [
                0.0,
                0.0,
                0.0,
                0.0,
                0.0,
                0.0,
                0.0,
                0.0,
                0.0,
                0.0,
                0.0,
                0.0,
                0.0,
                0.0,
                0.0,
                0.0
            ],
            "average_cpu_busy": 0.0,
            "user_cpu_time": 0.032882999999999996,
            "sys_cpu_time": 0.0,
            "total_cpu_time": 0.032882999999999996,
            "max_rss": 17824,
            "exit_code": 0,
            "failed": false
        }
    ]
}