{
    "bench": "mandelbrot-1.rust",
    "language": "rust",
    "input": 5000.0,
    "average_run_time": 926055.3333333334,
    "maximum_run_time": 949971.0,
    "minimum_run_time": 907763.0,
    "average_cpu_time": 0.6768101666666667,
    "minimum_cpu_time": 0.667119,
    "maximum_cpu_time": 0.6900459999999999,
    "average_cpu_busy": 0,
    "average_ram_load": 0,
    "run_results": [
        {
            "index": 0,
            "input": 5000.0,
            "run_time": 924314.0,
            "start_time": 1680003199867478806,
            "stop_time": 1680003199868403120,
            "ram_samples": [],
            "cpu_samples": [
                0.0,
                0.0,
                0.0,
                0.0,
                0.0,
                0.0,
                0.0,
                0.0,
                0.0,
                0.0,
                0.0,
                0.0,
                0.0,
                0.0,
                0.0,
                0.0
            ],
            "average_cpu_busy": 0.0,
            "user_cpu_time": 0.6704169999999999,
            "sys_cpu_time": 0.0,
            "total_cpu_time": 0.6704169999999999,
            "max_rss": 18872,
            "exit_code": 0,
            "failed": false
        },
        {
            "index": 1,
            "input": 5000.0,
            "run_time": 911640.0,
            "start_time": 1680003199935570497,
            "stop_time": 1680003199936482137,
            "ram_samples": [],
            "cpu_samples": [
                0.0,
                0.0,
                0.0,
                0.0,
                0.0,
                0.0,
                0.0,
                0.0,
                0.0,
                0.0,
                0.0,
                0.0,
                0.0,
                0.0,
                0.0,
                0.0
            ],
            "average_cpu_busy": 0.0,
            "user_cpu_time": 0.678674,
            "sys_cpu_time": 0.0,
            "total_cpu_time": 0.678674,
            "max_rss": 18872,
            "exit_code": 0,
            "failed": false
        },
        {
            "index": 2,
            "input": 5000.0,
            "run_time": 921378.0,
            "start_time": 1680003200008995060,
            "stop_time": 1680003200009916438,
            "ram_samples": [],
            "cpu_samples": [
                0.0,
                0.0,
                0.0,
                0.0,
                0.0,
                0.0,
                0.0,
                0.0,
                0.0,
                0.0,
                0.0,
                0.0,
                0.0,
                0.0,
                0.0,
                0.0
            ],
            "average_cpu_busy": 0.0,
            "user_cpu_time": 0.651141,
            "sys_cpu_time": 0.015978,
            "total_cpu_time": 0.667119,
            "max_rss": 18872,
            "exit_code": 0,
            "failed": false
        },
        {
            "index": 3,
            "input": 5000.0,
            "run_time": 941266.0,
            "start_time": 1680003200084574835,
            "stop_time": 1680003200085516101,
            "ram_samples": [],
            "cpu_samples": [
                0.0,
                0.0,
                0.0,
                0.0,
                0.0,
                0.0,
                0.0,
                0.0,
                0.0,
                0.0,
                0.0,
                0.0,
                0.0,
                0.0,
                0.0,
                0.0
            ],
            "average_cpu_busy": 0.0,
            "user_cpu_time": 0.660965,
            "sys_cpu_time": 0.012315999999999999,
            "total_cpu_time": 0.673281,
            "max_rss": 18876,
            "exit_code": 0,
            "failed": false
        },
        {
            "index": 4,
            "input": 5000.0,
            "run_time": 907763.0,
            "start_time": 1680003200153550995,
            "stop_time": 1680003200154458758,
            "ram_samples": [],
            "cpu_samples": [
                0.0,
                0.0,
                0.0,
                0.0,
                0.0,
                0.0,
                0.0,
                0.0,
                0.0,
                0.0,
                0.0,
                0.0,
                0.0,
                0.0,
                0.0,
                0.0
            ],
            "average_cpu_busy": 0.0,
            "user_cpu_time": 0.6818799999999999,
            "sys_cpu_time": 0.008166,
            "total_cpu_time": 0.6900459999999999,
            "max_rss": 18876,
            "exit_code": 0,
            "failed": false
        },
        {
            "index": 5,
            "input": 5000.0,
            "run_time": 949971.0,
            "start_time": 1680003200226658614,
            "stop_time": 1680003200227608585,
            "ram_samples": [],
            "cpu_samples": [
                0.0,
                0.0,
                0.0,
                0.0,
                0.0,
                0.0,
                0.0,
                0.0,
                0.0,
                0.0,
                0.0,
                0.0,
                0.0,
                0.0,
                0.0,
                0.0
            ],
            "average_cpu_busy": 0.0,
            "user_cpu_time": 0.6773399999999999,
            "sys_cpu_time": 0.003984,
            "total_cpu_time": 0.6813239999999999,
            "max_rss": 18876,
            "exit_code": 0,
            "failed": false
        }
    ]
}