{
    "bench": "mandelbrot-4.c",
    "language": "c",
    "input": 1000.0,
    "average_runtime": 956649.3333333334,
    "average_cpu_busy": 0.0,
    "average_ram_load": 0,
    "run_results": [
        {
            "index": 0,
            "input": 1000.0,
            "run_time": 1343410.0,
            "start_time": 1679835067266515312,
            "stop_time": 1679835067267858722,
            "ram_samples": [],
            "cpu_samples": [
                0.0,
                0.0,
                0.0,
                0.0,
                0.0,
                0.0,
                0.0,
                0.0,
                0.0,
                0.0,
                0.0,
                0.0,
                0.0,
                0.0,
                0.0,
                0.0
            ],
            "average_cpu_busy": 0.0,
            "user_cpu_time": 0.332729,
            "sys_cpu_time": 0.0,
            "total_cpu_time": 0.332729,
            "max_rss": 18084,
            "exit_code": 0,
            "failed": false
        },
        {
            "index": 1,
            "input": 1000.0,
            "run_time": 901230.0,
            "start_time": 1679835067296542480,
            "stop_time": 1679835067297443710,
            "ram_samples": [],
            "cpu_samples": [
                0.0,
                0.0,
                0.0,
                0.0,
                0.0,
                0.0,
                0.0,
                0.0,
                0.0,
                0.0,
                0.0,
                0.0,
                0.0,
                0.0,
                0.0,
                0.0
            ],
            "average_cpu_busy": 0.0,
            "user_cpu_time": 0.329785,
            "sys_cpu_time": 0.0,
            "total_cpu_time": 0.329785,
            "max_rss": 18088,
            "exit_code": 0,
            "failed": false
        },
        {
            "index": 2,
            "input": 1000.0,
            "run_time": 908224.0,
            "start_time": 1679835067324838140,
            "stop_time": 1679835067325746364,
            "ram_samples": [],
            "cpu_samples": [
                0.0,
                0.0,
                0.0,
                0.0,
                0.0,
                0.0,
                0.0,
                0.0,
                0.0,
                0.0,
                0.0,
                0.0,
                0.0,
                0.0,
                0.0,
                0.0
            ],
            "average_cpu_busy": 0.0,
            "user_cpu_time": 0.293447,
            "sys_cpu_time": 0.0,
            "total_cpu_time": 0.293447,
            "max_rss": 18088,
            "exit_code": 0,
            "failed": false
        },
        {
            "index": 3,
            "input": 1000.0,
            "run_time": 863499.0,
            "start_time": 1679835067350776981,
            "stop_time": 1679835067351640480,
            "ram_samples": [],
            "cpu_samples": [
                0.0,
                0.0,
                0.0,
                0.0,
                0.0,
                0.0,
                0.0,
                0.0,
                0.0,
                0.0,
                0.0,
                0.0,
                0.0,
                0.0,
                0.0,
                0.0
            ],
            "average_cpu_busy": 0.0,
            "user_cpu_time": 0.328328,
            "sys_cpu_time": 0.0,
            "total_cpu_time": 0.328328,
            "max_rss": 18092,
            "exit_code": 0,
            "failed": false
        },
        {
            "index": 4,
            "input": 1000.0,
            "run_time": 881624.0,
            "start_time": 1679835067379497167,
            "stop_time": 1679835067380378791,
            "ram_samples": [],
            "cpu_samples": [
                0.0,
                0.0,
                0.0,
                0.0,
                0.0,
                0.0,
                0.0,
                0.0,
                0.0,
                0.0,
                0.0,
                0.0,
                0.0,
                0.0,
                0.0,
                0.0
            ],
            "average_cpu_busy": 0.0,
            "user_cpu_time": 0.329472,
            "sys_cpu_time": 0.0,
            "total_cpu_time": 0.329472,
            "max_rss": 18092,
            "exit_code": 0,
            "failed": false
        },
        {
            "index": 5,
            "input": 1000.0,
            "run_time": 841909.0,
            "start_time": 1679835067407991150,
            "stop_time": 1679835067408833059,
            "ram_samples": [],
            "cpu_samples": [
                0.0,
                0.0,
                0.0,
                0.0,
                0.0,
                0.0,
                0.0,
                0.0,
                0.0,
                0.0,
                0.0,
                0.0,
                0.0,
                0.0,
                0.0,
                0.0
            ],
            "average_cpu_busy": 0.0,
            "user_cpu_time": 0.331223,
            "sys_cpu_time": 0.0,
            "total_cpu_time": 0.331223,
            "max_rss": 18092,
            "exit_code": 0,
            "failed": false
        }
    ],
    "maximum_runtime": 1343410.0,
    "minimum_runtime": 841909.0
}