{
    "bench": "mandelbrot-2.java",
    "language": "java",
    "input": 3000.0,
    "average_run_time": 1137136.1666666667,
    "maximum_run_time": 1174353.0,
    "minimum_run_time": 1106355.0,
    "average_cpu_time": 2.0565808333333333,
    "minimum_cpu_time": 1.995013,
    "maximum_cpu_time": 2.202681,
    "average_cpu_busy": 0,
    "average_ram_load": 0,
    "run_results": [
        {
            "index": 0,
            "input": 3000.0,
            "run_time": 1134688.0,
            "start_time": 1680003225891720486,
            "stop_time": 1680003225892855174,
            "ram_samples": [],
            "cpu_samples": [
                0.0,
                0.0,
                0.0,
                0.0,
                0.0,
                0.0,
                0.0,
                0.0,
                0.0,
                0.0,
                0.0,
                0.0,
                0.0,
                0.0,
                0.0,
                0.0
            ],
            "average_cpu_busy": 0.0,
            "user_cpu_time": 1.998807,
            "sys_cpu_time": 0.016054,
            "total_cpu_time": 2.014861,
            "max_rss": 47648,
            "exit_code": 0,
            "failed": false
        },
        {
            "index": 1,
            "input": 3000.0,
            "run_time": 1106355.0,
            "start_time": 1680003226064431278,
            "stop_time": 1680003226065537633,
            "ram_samples": [],
            "cpu_samples": [
                0.0,
                0.0,
                0.0,
                0.0,
                0.0,
                0.0,
                0.0,
                0.0,
                0.0,
                0.0,
                0.0,
                0.0,
                0.0,
                0.0,
                0.0,
                0.0
            ],
            "average_cpu_busy": 0.0,
            "user_cpu_time": 1.982923,
            "sys_cpu_time": 0.01209,
            "total_cpu_time": 1.995013,
            "max_rss": 47972,
            "exit_code": 0,
            "failed": false
        },
        {
            "index": 2,
            "input": 3000.0,
            "run_time": 1131793.0,
            "start_time": 1680003226226661712,
            "stop_time": 1680003226227793505,
            "ram_samples": [],
            "cpu_samples": [
                0.0,
                0.0,
                0.0,
                0.0,
                0.0,
                0.0,
                0.0,
                0.0,
                0.0,
                0.0,
                0.0,
                0.0,
                0.0,
                0.0,
                0.0,
                0.0
            ],
            "average_cpu_busy": 0.0,
            "user_cpu_time": 2.186604,
            "sys_cpu_time": 0.016076999999999998,
            "total_cpu_time": 2.202681,
            "max_rss": 48488,
            "exit_code": 0,
            "failed": false
        },
        {
            "index": 3,
            "input": 3000.0,
            "run_time": 1174353.0,
            "start_time": 1680003226410134789,
            "stop_time": 1680003226411309142,
            "ram_samples": [],
            "cpu_samples": [
                0.0,
                0.0,
                0.0,
                0.0,
                0.0,
                0.0,
                0.0,
                0.0,
                0.0,
                0.0,
                0.0,
                0.0,
                100.0,
                0.0,
                0.0,
                0.0
            ],
            "average_cpu_busy": 1.174353e-06,
            "user_cpu_time": 2.07061,
            "sys_cpu_time": 0.028253,
            "total_cpu_time": 2.0988629999999997,
            "max_rss": 48088,
            "exit_code": 0,
            "failed": false
        },
        {
            "index": 4,
            "input": 3000.0,
            "run_time": 1136041.0,
            "start_time": 1680003226578587805,
            "stop_time": 1680003226579723846,
            "ram_samples": [],
            "cpu_samples": [
                0.0,
                0.0,
                0.0,
                0.0,
                0.0,
                0.0,
                0.0,
                0.0,
                0.0,
                0.0,
                0.0,
                0.0,
                0.0,
                0.0,
                0.0,
                0.0
            ],
            "average_cpu_busy": 0.0,
            "user_cpu_time": 1.985356,
            "sys_cpu_time": 0.028019,
            "total_cpu_time": 2.013375,
            "max_rss": 47936,
            "exit_code": 0,
            "failed": false
        },
        {
            "index": 5,
            "input": 3000.0,
            "run_time": 1139587.0,
            "start_time": 1680003226742852365,
            "stop_time": 1680003226743991952,
            "ram_samples": [],
            "cpu_samples": [
                0.0,
                0.0,
                0.0,
                0.0,
                0.0,
                0.0,
                0.0,
                0.0,
                0.0,
                0.0,
                0.0,
                0.0,
                0.0,
                0.0,
                0.0,
                0.0
            ],
            "average_cpu_busy": 0.0,
            "user_cpu_time": 1.994546,
            "sys_cpu_time": 0.020146,
            "total_cpu_time": 2.014692,
            "max_rss": 47532,
            "exit_code": 0,
            "failed": false
        }
    ]
}