{
    "bench": "mandelbrot-1.cpp",
    "language": "cpp",
    "input": 1000.0,
    "average_run_time": 873416.5,
    "maximum_run_time": 900870.0,
    "minimum_run_time": 827592.0,
    "average_cpu_time": 0.04409066666666667,
    "minimum_cpu_time": 0.018231,
    "maximum_cpu_time": 0.135319,
    "average_cpu_busy": 0,
    "average_ram_load": 0,
    "run_results": [
        {
            "index": 0,
            "input": 1000.0,
            "run_time": 894477.0,
            "start_time": 1679838006386175779,
            "stop_time": 1679838006387070256,
            "ram_samples": [],
            "cpu_samples": [
                0.0,
                0.0,
                0.0,
                0.0,
                0.0,
                0.0,
                0.0,
                0.0,
                0.0,
                0.0,
                0.0,
                0.0,
                0.0,
                0.0,
                0.0,
                0.0
            ],
            "average_cpu_busy": 0.0,
            "user_cpu_time": 0.027708,
            "sys_cpu_time": 0.0,
            "total_cpu_time": 0.027708,
            "max_rss": 18100,
            "exit_code": 0,
            "failed": false
        },
        {
            "index": 1,
            "input": 1000.0,
            "run_time": 878508.0,
            "start_time": 1679838006392347123,
            "stop_time": 1679838006393225631,
            "ram_samples": [],
            "cpu_samples": [
                0.0,
                0.0,
                0.0,
                0.0,
                0.0,
                0.0,
                0.0,
                0.0,
                0.0,
                0.0,
                0.0,
                0.0,
                0.0,
                0.0,
                0.0,
                0.0
            ],
            "average_cpu_busy": 0.0,
            "user_cpu_time": 0.019837,
            "sys_cpu_time": 0.0,
            "total_cpu_time": 0.019837,
            "max_rss": 18100,
            "exit_code": 0,
            "failed": false
        },
        {
            "index": 2,
            "input": 1000.0,
            "run_time": 827592.0,
            "start_time": 1679838006398016457,
            "stop_time": 1679838006398844049,
            "ram_samples": [],
            "cpu_samples": [
                0.0,
                0.0,
                0.0,
                0.0,
                0.0,
                0.0,
                0.0,
                0.0,
                0.0,
                0.0,
                0.0,
                0.0,
                0.0,
                0.0,
                0.0,
                0.0
            ],
            "average_cpu_busy": 0.0,
            "user_cpu_time": 0.0,
            "sys_cpu_time": 0.02447,
            "total_cpu_time": 0.02447,
            "max_rss": 18100,
            "exit_code": 0,
            "failed": false
        },
        {
            "index": 3,
            "input": 1000.0,
            "run_time": 900870.0,
            "start_time": 1679838006404074549,
            "stop_time": 1679838006404975419,
            "ram_samples": [],
            "cpu_samples": [
                0.0,
                0.0,
                0.0,
                0.0,
                0.0,
                0.0,
                0.0,
                0.0,
                0.0,
                0.0,
                0.0,
                0.0,
                0.0,
                0.0,
                0.0,
                0.0
            ],
            "average_cpu_busy": 0.0,
            "user_cpu_time": 0.018231,
            "sys_cpu_time": 0.0,
            "total_cpu_time": 0.018231,
            "max_rss": 18100,
            "exit_code": 0,
            "failed": false
        },
        {
            "index": 4,
            "input": 1000.0,
            "run_time": 858390.0,
            "start_time": 1679838006409685613,
            "stop_time": 1679838006410544003,
            "ram_samples": [],
            "cpu_samples": [
                0.0,
                0.0,
                0.0,
                0.0,
                0.0,
                0.0,
                0.0,
                0.0,
                0.0,
                0.0,
                0.0,
                0.0,
                0.0,
                0.0,
                0.0,
                0.0
            ],
            "average_cpu_busy": 0.0,
            "user_cpu_time": 0.0,
            "sys_cpu_time": 0.038979,
            "total_cpu_time": 0.038979,
            "max_rss": 18100,
            "exit_code": 0,
            "failed": false
        },
        {
            "index": 5,
            "input": 1000.0,
            "run_time": 880662.0,
            "start_time": 1679838006416599821,
            "stop_time": 1679838006417480483,
            "ram_samples": [],
            "cpu_samples": [
                0.0,
                0.0,
                0.0,
                0.0,
                0.0,
                0.0,
                0.0,
                0.0,
                0.0,
                0.0,
                0.0,
                0.0,
                0.0,
                0.0,
                0.0,
                0.0
            ],
            "average_cpu_busy": 0.0,
            "user_cpu_time": 0.135319,
            "sys_cpu_time": 0.0,
            "total_cpu_time": 0.135319,
            "max_rss": 18100,
            "exit_code": 0,
            "failed": false
        }
    ]
}