{
    "bench": "mandelbrot-3.ada",
    "language": "ada",
    "input": 1000.0,
    "average_run_time": 923140.0,
    "maximum_run_time": 1032627.0,
    "minimum_run_time": 875242.0,
    "average_cpu_time": 0.05220133333333332,
    "minimum_cpu_time": 0.048672,
    "maximum_cpu_time": 0.05993299999999999,
    "average_cpu_busy": 0,
    "average_ram_load": 0,
    "run_results": [
        {
            "index": 0,
            "input": 1000.0,
            "run_time": 890190.0,
            "start_time": 1680003190664968158,
            "stop_time": 1680003190665858348,
            "ram_samples": [],
            "cpu_samples": [
                0.0,
                0.0,
                0.0,
                0.0,
                0.0,
                0.0,
                0.0,
                0.0,
                0.0,
                0.0,
                0.0,
                0.0,
                0.0,
                0.0,
                0.0,
                0.0
            ],
            "average_cpu_busy": 0.0,
            "user_cpu_time": 0.056187999999999995,
            "sys_cpu_time": 0.0037449999999999996,
            "total_cpu_time": 0.05993299999999999,
            "max_rss": 18444,
            "exit_code": 0,
            "failed": false
        },
        {
            "index": 1,
            "input": 1000.0,
            "run_time": 894448.0,
            "start_time": 1680003190688581326,
            "stop_time": 1680003190689475774,
            "ram_samples": [],
            "cpu_samples": [
                0.0,
                0.0,
                0.0,
                0.0,
                0.0,
                0.0,
                0.0,
                0.0,
                0.0,
                0.0,
                0.0,
                0.0,
                0.0,
                0.0,
                0.0,
                0.0
            ],
            "average_cpu_busy": 0.0,
            "user_cpu_time": 0.041719,
            "sys_cpu_time": 0.006953,
            "total_cpu_time": 0.048672,
            "max_rss": 18324,
            "exit_code": 0,
            "failed": false
        },
        {
            "index": 2,
            "input": 1000.0,
            "run_time": 875242.0,
            "start_time": 1680003190709339249,
            "stop_time": 1680003190710214491,
            "ram_samples": [],
            "cpu_samples": [
                0.0,
                0.0,
                0.0,
                0.0,
                0.0,
                0.0,
                0.0,
                0.0,
                0.0,
                0.0,
                0.0,
                0.0,
                0.0,
                0.0,
                0.0,
                0.0
            ],
            "average_cpu_busy": 0.0,
            "user_cpu_time": 0.0492,
            "sys_cpu_time": 0.002894,
            "total_cpu_time": 0.052094,
            "max_rss": 18452,
            "exit_code": 0,
            "failed": false
        },
        {
            "index": 3,
            "input": 1000.0,
            "run_time": 930806.0,
            "start_time": 1680003190729379907,
            "stop_time": 1680003190730310713,
            "ram_samples": [],
            "cpu_samples": [
                0.0,
                0.0,
                0.0,
                0.0,
                0.0,
                0.0,
                0.0,
                0.0,
                0.0,
                0.0,
                0.0,
                0.0,
                0.0,
                0.0,
                0.0,
                0.0
            ],
            "average_cpu_busy": 0.0,
            "user_cpu_time": 0.050304999999999996,
            "sys_cpu_time": 0.0,
            "total_cpu_time": 0.050304999999999996,
            "max_rss": 18452,
            "exit_code": 0,
            "failed": false
        },
        {
            "index": 4,
            "input": 1000.0,
            "run_time": 915527.0,
            "start_time": 1680003190750215175,
            "stop_time": 1680003190751130702,
            "ram_samples": [],
            "cpu_samples": [
                0.0,
                0.0,
                0.0,
                0.0,
                0.0,
                0.0,
                0.0,
                0.0,
                0.0,
                0.0,
                0.0,
                0.0,
                0.0,
                0.0,
                0.0,
                0.0
            ],
            "average_cpu_busy": 0.0,
            "user_cpu_time": 0.040466999999999996,
            "sys_cpu_time": 0.010116,
            "total_cpu_time": 0.050582999999999996,
            "max_rss": 18452,
            "exit_code": 0,
            "failed": false
        },
        {
            "index": 5,
            "input": 1000.0,
            "run_time": 1032627.0,
            "start_time": 1680003190770720935,
            "stop_time": 1680003190771753562,
            "ram_samples": [],
            "cpu_samples": [
                0.0,
                0.0,
                0.0,
                0.0,
                0.0,
                0.0,
                0.0,
                0.0,
                0.0,
                0.0,
                0.0,
                0.0,
                0.0,
                0.0,
                0.0,
                0.0
            ],
            "average_cpu_busy": 0.0,
            "user_cpu_time": 0.051621,
            "sys_cpu_time": 0.0,
            "total_cpu_time": 0.051621,
            "max_rss": 18456,
            "exit_code": 0,
            "failed": false
        }
    ]
}