{
    "bench": "mandelbrot-1.c",
    "language": "c",
    "input": 5000.0,
    "average_run_time": 962010.8333333334,
    "maximum_run_time": 1186725.0,
    "minimum_run_time": 883767.0,
    "average_cpu_time": 0.7846411666666667,
    "minimum_cpu_time": 0.768031,
    "maximum_cpu_time": 0.817851,
    "average_cpu_busy": 0,
    "average_ram_load": 0,
    "run_results": [
        {
            "index": 0,
            "input": 5000.0,
            "run_time": 904566.0,
            "start_time": 1680003170365315235,
            "stop_time": 1680003170366219801,
            "ram_samples": [],
            "cpu_samples": [
                0.0,
                0.0,
                0.0,
                0.0,
                0.0,
                0.0,
                0.0,
                0.0,
                0.0,
                0.0,
                0.0,
                0.0,
                0.0,
                0.0,
                0.0,
                0.0
            ],
            "average_cpu_busy": 0.0,
            "user_cpu_time": 0.791271,
            "sys_cpu_time": 0.0,
            "total_cpu_time": 0.791271,
            "max_rss": 18308,
            "exit_code": 0,
            "failed": false
        },
        {
            "index": 1,
            "input": 5000.0,
            "run_time": 1186725.0,
            "start_time": 1680003170469018648,
            "stop_time": 1680003170470205373,
            "ram_samples": [],
            "cpu_samples": [
                0.0,
                0.0,
                0.0,
                0.0,
                0.0,
                0.0,
                0.0,
                0.0,
                0.0,
                0.0,
                0.0,
                0.0,
                0.0,
                0.0,
                0.0,
                0.0
            ],
            "average_cpu_busy": 0.0,
            "user_cpu_time": 0.76513,
            "sys_cpu_time": 0.003985,
            "total_cpu_time": 0.769115,
            "max_rss": 18308,
            "exit_code": 0,
            "failed": false
        },
        {
            "index": 2,
            "input": 5000.0,
            "run_time": 883767.0,
            "start_time": 1680003170569665208,
            "stop_time": 1680003170570548975,
            "ram_samples": [],
            "cpu_samples": [
                0.0,
                0.0,
                0.0,
                0.0,
                0.0,
                0.0,
                0.0,
                0.0,
                0.0,
                0.0,
                0.0,
                0.0,
                0.0,
                0.0,
                0.0,
                0.0
            ],
            "average_cpu_busy": 0.0,
            "user_cpu_time": 0.7672859999999999,
            "sys_cpu_time": 0.0039959999999999996,
            "total_cpu_time": 0.7712819999999999,
            "max_rss": 18308,
            "exit_code": 0,
            "failed": false
        },
        {
            "index": 3,
            "input": 5000.0,
            "run_time": 979247.0,
            "start_time": 1680003170670575101,
            "stop_time": 1680003170671554348,
            "ram_samples": [],
            "cpu_samples": [
                0.0,
                0.0,
                0.0,
                0.0,
                0.0,
                0.0,
                0.0,
                0.0,
                0.0,
                0.0,
                0.0,
                0.0,
                0.0,
                0.0,
                0.0,
                0.0
            ],
            "average_cpu_busy": 0.0,
            "user_cpu_time": 0.813762,
            "sys_cpu_time": 0.004089,
            "total_cpu_time": 0.817851,
            "max_rss": 18308,
            "exit_code": 0,
            "failed": false
        },
        {
            "index": 4,
            "input": 5000.0,
            "run_time": 906130.0,
            "start_time": 1680003170777182531,
            "stop_time": 1680003170778088661,
            "ram_samples": [],
            "cpu_samples": [
                0.0,
                0.0,
                0.0,
                0.0,
                0.0,
                0.0,
                0.0,
                0.0,
                0.0,
                0.0,
                0.0,
                0.0,
                0.0,
                0.0,
                0.0,
                0.0
            ],
            "average_cpu_busy": 0.0,
            "user_cpu_time": 0.768031,
            "sys_cpu_time": 0.0,
            "total_cpu_time": 0.768031,
            "max_rss": 18308,
            "exit_code": 0,
            "failed": false
        },
        {
            "index": 5,
            "input": 5000.0,
            "run_time": 911630.0,
            "start_time": 1680003170877572269,
            "stop_time": 1680003170878483899,
            "ram_samples": [],
            "cpu_samples": [
                0.0,
                0.0,
                0.0,
                0.0,
                0.0,
                0.0,
                0.0,
                0.0,
                0.0,
                0.0,
                0.0,
                0.0,
                0.0,
                0.0,
                0.0,
                0.0
            ],
            "average_cpu_busy": 0.0,
            "user_cpu_time": 0.7862859999999999,
            "sys_cpu_time": 0.004011,
            "total_cpu_time": 0.7902969999999999,
            "max_rss": 18316,
            "exit_code": 0,
            "failed": false
        }
    ]
}