{
    "bench": "mandelbrot-1.cpp",
    "language": "cpp",
    "input": 1000.0,
    "average_runtime": 967902.1666666666,
    "average_cpu_busy": 0.0,
    "average_ram_load": 0,
    "run_results": [
        {
            "index": 0,
            "input": 1000.0,
            "run_time": 975330.0,
            "start_time": 1679835061960717828,
            "stop_time": 1679835061961693158,
            "ram_samples": [],
            "cpu_samples": [
                0.0,
                0.0,
                0.0,
                0.0,
                0.0,
                0.0,
                0.0,
                0.0,
                0.0,
                0.0,
                0.0,
                0.0,
                0.0,
                0.0,
                0.0,
                0.0
            ],
            "average_cpu_busy": 0.0,
            "user_cpu_time": 0.077332,
            "sys_cpu_time": 0.0,
            "total_cpu_time": 0.077332,
            "max_rss": 17968,
            "exit_code": 0,
            "failed": false
        },
        {
            "index": 1,
            "input": 1000.0,
            "run_time": 1025223.0,
            "start_time": 1679835061971951328,
            "stop_time": 1679835061972976551,
            "ram_samples": [],
            "cpu_samples": [
                0.0,
                0.0,
                0.0,
                0.0,
                0.0,
                0.0,
                0.0,
                0.0,
                0.0,
                0.0,
                0.0,
                0.0,
                0.0,
                0.0,
                0.0,
                0.0
            ],
            "average_cpu_busy": 0.0,
            "user_cpu_time": 0.038363999999999995,
            "sys_cpu_time": 0.035806,
            "total_cpu_time": 0.07416999999999999,
            "max_rss": 17972,
            "exit_code": 0,
            "failed": false
        },
        {
            "index": 2,
            "input": 1000.0,
            "run_time": 1160757.0,
            "start_time": 1679835061982725455,
            "stop_time": 1679835061983886212,
            "ram_samples": [],
            "cpu_samples": [
                0.0,
                0.0,
                0.0,
                0.0,
                0.0,
                0.0,
                0.0,
                0.0,
                0.0,
                0.0,
                0.0,
                0.0,
                0.0,
                0.0,
                0.0,
                0.0
            ],
            "average_cpu_busy": 0.0,
            "user_cpu_time": 0.145486,
            "sys_cpu_time": 0.0,
            "total_cpu_time": 0.145486,
            "max_rss": 17972,
            "exit_code": 0,
            "failed": false
        },
        {
            "index": 3,
            "input": 1000.0,
            "run_time": 905448.0,
            "start_time": 1679835061998995962,
            "stop_time": 1679835061999901410,
            "ram_samples": [],
            "cpu_samples": [
                0.0,
                0.0,
                0.0,
                0.0,
                0.0,
                0.0,
                0.0,
                0.0,
                0.0,
                0.0,
                0.0,
                0.0,
                0.0,
                0.0,
                0.0,
                0.0
            ],
            "average_cpu_busy": 0.0,
            "user_cpu_time": 0.14782299999999998,
            "sys_cpu_time": 0.0,
            "total_cpu_time": 0.14782299999999998,
            "max_rss": 17972,
            "exit_code": 0,
            "failed": false
        },
        {
            "index": 4,
            "input": 1000.0,
            "run_time": 873849.0,
            "start_time": 1679835062014460817,
            "stop_time": 1679835062015334666,
            "ram_samples": [],
            "cpu_samples": [
                0.0,
                0.0,
                0.0,
                0.0,
                0.0,
                0.0,
                0.0,
                0.0,
                0.0,
                0.0,
                0.0,
                0.0,
                0.0,
                0.0,
                0.0,
                0.0
            ],
            "average_cpu_busy": 0.0,
            "user_cpu_time": 0.129004,
            "sys_cpu_time": 0.004961,
            "total_cpu_time": 0.133965,
            "max_rss": 17972,
            "exit_code": 0,
            "failed": false
        },
        {
            "index": 5,
            "input": 1000.0,
            "run_time": 866806.0,
            "start_time": 1679835062028949171,
            "stop_time": 1679835062029815977,
            "ram_samples": [],
            "cpu_samples": [
                0.0,
                0.0,
                0.0,
                0.0,
                0.0,
                0.0,
                0.0,
                0.0,
                0.0,
                0.0,
                0.0,
                0.0,
                0.0,
                0.0,
                0.0,
                0.0
            ],
            "average_cpu_busy": 0.0,
            "user_cpu_time": 0.142261,
            "sys_cpu_time": 0.009484,
            "total_cpu_time": 0.151745,
            "max_rss": 17972,
            "exit_code": 0,
            "failed": false
        }
    ],
    "maximum_runtime": 1160757.0,
    "minimum_runtime": 866806.0
}