{
    "bench": "mandelbrot-2.c",
    "language": "c",
    "input": 1000.0,
    "average_run_time": 1104999.3333333333,
    "maximum_run_time": 1344843.0,
    "minimum_run_time": 869441.0,
    "average_cpu_time": 0.06085383333333333,
    "minimum_cpu_time": 0.059674,
    "maximum_cpu_time": 0.061928,
    "average_cpu_busy": 0,
    "average_ram_load": 0,
    "run_results": [
        {
            "index": 0,
            "input": 1000.0,
            "run_time": 869441.0,
            "start_time": 1679838000627191411,
            "stop_time": 1679838000628060852,
            "ram_samples": [],
            "cpu_samples": [
                0.0,
                0.0,
                0.0,
                0.0,
                0.0,
                0.0,
                0.0,
                0.0,
                0.0,
                0.0,
                0.0,
                0.0,
                0.0,
                0.0,
                0.0,
                0.0
            ],
            "average_cpu_busy": 0.0,
            "user_cpu_time": 0.060981999999999995,
            "sys_cpu_time": 0.0,
            "total_cpu_time": 0.060981999999999995,
            "max_rss": 17868,
            "exit_code": 0,
            "failed": false
        },
        {
            "index": 1,
            "input": 1000.0,
            "run_time": 1132564.0,
            "start_time": 1679838000693210815,
            "stop_time": 1679838000694343379,
            "ram_samples": [],
            "cpu_samples": [
                0.0,
                0.0,
                0.0,
                0.0,
                0.0,
                0.0,
                0.0,
                0.0,
                0.0,
                0.0,
                0.0,
                0.0,
                0.0,
                0.0,
                0.0,
                0.0
            ],
            "average_cpu_busy": 0.0,
            "user_cpu_time": 0.061928,
            "sys_cpu_time": 0.0,
            "total_cpu_time": 0.061928,
            "max_rss": 17868,
            "exit_code": 0,
            "failed": false
        },
        {
            "index": 2,
            "input": 1000.0,
            "run_time": 1049349.0,
            "start_time": 1679838000759886710,
            "stop_time": 1679838000760936059,
            "ram_samples": [],
            "cpu_samples": [
                0.0,
                0.0,
                0.0,
                0.0,
                0.0,
                0.0,
                0.0,
                0.0,
                0.0,
                0.0,
                0.0,
                0.0,
                0.0,
                0.0,
                0.0,
                0.0
            ],
            "average_cpu_busy": 0.0,
            "user_cpu_time": 0.059674,
            "sys_cpu_time": 0.0,
            "total_cpu_time": 0.059674,
            "max_rss": 17872,
            "exit_code": 0,
            "failed": false
        },
        {
            "index": 3,
            "input": 1000.0,
            "run_time": 1344843.0,
            "start_time": 1679838000824435005,
            "stop_time": 1679838000825779848,
            "ram_samples": [],
            "cpu_samples": [
                0.0,
                0.0,
                0.0,
                0.0,
                0.0,
                0.0,
                0.0,
                0.0,
                0.0,
                0.0,
                0.0,
                0.0,
                0.0,
                0.0,
                0.0,
                0.0
            ],
            "average_cpu_busy": 0.0,
            "user_cpu_time": 0.059912,
            "sys_cpu_time": 0.0,
            "total_cpu_time": 0.059912,
            "max_rss": 17872,
            "exit_code": 0,
            "failed": false
        },
        {
            "index": 4,
            "input": 1000.0,
            "run_time": 1043988.0,
            "start_time": 1679838000889721956,
            "stop_time": 1679838000890765944,
            "ram_samples": [],
            "cpu_samples": [
                0.0,
                0.0,
                0.0,
                0.0,
                0.0,
                0.0,
                0.0,
                0.0,
                0.0,
                0.0,
                0.0,
                0.0,
                0.0,
                0.0,
                0.0,
                0.0
            ],
            "average_cpu_busy": 0.0,
            "user_cpu_time": 0.061417,
            "sys_cpu_time": 0.0,
            "total_cpu_time": 0.061417,
            "max_rss": 17872,
            "exit_code": 0,
            "failed": false
        },
        {
            "index": 5,
            "input": 1000.0,
            "run_time": 1189811.0,
            "start_time": 1679838000955412834,
            "stop_time": 1679838000956602645,
            "ram_samples": [],
            "cpu_samples": [
                0.0,
                0.0,
                0.0,
                0.0,
                0.0,
                0.0,
                0.0,
                0.0,
                0.0,
                0.0,
                0.0,
                0.0,
                0.0,
                0.0,
                0.0,
                0.0
            ],
            "average_cpu_busy": 0.0,
            "user_cpu_time": 0.06121,
            "sys_cpu_time": 0.0,
            "total_cpu_time": 0.06121,
            "max_rss": 17876,
            "exit_code": 0,
            "failed": false
        }
    ]
}