{
    "bench": "mandelbrot-1.rust",
    "language": "rust",
    "input": 2000.0,
    "average_run_time": 894192.0,
    "maximum_run_time": 943910.0,
    "minimum_run_time": 855644.0,
    "average_cpu_time": 0.10607716666666667,
    "minimum_cpu_time": 0.104823,
    "maximum_cpu_time": 0.10761699999999999,
    "average_cpu_busy": 0,
    "average_ram_load": 0,
    "run_results": [
        {
            "index": 0,
            "input": 2000.0,
            "run_time": 891262.0,
            "start_time": 1679838005698531392,
            "stop_time": 1679838005699422654,
            "ram_samples": [],
            "cpu_samples": [
                0.0,
                0.0,
                0.0,
                0.0,
                0.0,
                0.0,
                0.0,
                0.0,
                0.0,
                0.0,
                0.0,
                0.0,
                0.0,
                0.0,
                0.0,
                0.0
            ],
            "average_cpu_busy": 0.0,
            "user_cpu_time": 0.105941,
            "sys_cpu_time": 0.0,
            "total_cpu_time": 0.105941,
            "max_rss": 18072,
            "exit_code": 0,
            "failed": false
        },
        {
            "index": 1,
            "input": 2000.0,
            "run_time": 855644.0,
            "start_time": 1679838005712662136,
            "stop_time": 1679838005713517780,
            "ram_samples": [],
            "cpu_samples": [
                0.0,
                0.0,
                0.0,
                0.0,
                0.0,
                0.0,
                0.0,
                0.0,
                0.0,
                0.0,
                0.0,
                0.0,
                0.0,
                0.0,
                0.0,
                0.0
            ],
            "average_cpu_busy": 0.0,
            "user_cpu_time": 0.104823,
            "sys_cpu_time": 0.0,
            "total_cpu_time": 0.104823,
            "max_rss": 18076,
            "exit_code": 0,
            "failed": false
        },
        {
            "index": 2,
            "input": 2000.0,
            "run_time": 943910.0,
            "start_time": 1679838005726974720,
            "stop_time": 1679838005727918630,
            "ram_samples": [],
            "cpu_samples": [
                0.0,
                0.0,
                0.0,
                0.0,
                0.0,
                0.0,
                0.0,
                0.0,
                0.0,
                0.0,
                0.0,
                0.0,
                0.0,
                0.0,
                0.0,
                0.0
            ],
            "average_cpu_busy": 0.0,
            "user_cpu_time": 0.106553,
            "sys_cpu_time": 0.0,
            "total_cpu_time": 0.106553,
            "max_rss": 18076,
            "exit_code": 0,
            "failed": false
        },
        {
            "index": 3,
            "input": 2000.0,
            "run_time": 889589.0,
            "start_time": 1679838005741021415,
            "stop_time": 1679838005741911004,
            "ram_samples": [],
            "cpu_samples": [
                0.0,
                0.0,
                0.0,
                0.0,
                0.0,
                0.0,
                0.0,
                0.0,
                0.0,
                0.0,
                0.0,
                0.0,
                0.0,
                0.0,
                0.0,
                0.0
            ],
            "average_cpu_busy": 0.0,
            "user_cpu_time": 0.10044299999999999,
            "sys_cpu_time": 0.007174,
            "total_cpu_time": 0.10761699999999999,
            "max_rss": 18076,
            "exit_code": 0,
            "failed": false
        },
        {
            "index": 4,
            "input": 2000.0,
            "run_time": 913854.0,
            "start_time": 1679838005755481116,
            "stop_time": 1679838005756394970,
            "ram_samples": [],
            "cpu_samples": [
                0.0,
                0.0,
                0.0,
                0.0,
                0.0,
                0.0,
                0.0,
                0.0,
                0.0,
                0.0,
                0.0,
                0.0,
                0.0,
                0.0,
                0.0,
                0.0
            ],
            "average_cpu_busy": 0.0,
            "user_cpu_time": 0.10486,
            "sys_cpu_time": 0.0,
            "total_cpu_time": 0.10486,
            "max_rss": 18076,
            "exit_code": 0,
            "failed": false
        },
        {
            "index": 5,
            "input": 2000.0,
            "run_time": 870893.0,
            "start_time": 1679838005769996841,
            "stop_time": 1679838005770867734,
            "ram_samples": [],
            "cpu_samples": [
                0.0,
                0.0,
                0.0,
                0.0,
                0.0,
                0.0,
                100.0,
                0.0,
                0.0,
                0.0,
                0.0,
                0.0,
                100.0,
                0.0,
                0.0,
                0.0
            ],
            "average_cpu_busy": 1.741786e-06,
            "user_cpu_time": 0.102225,
            "sys_cpu_time": 0.004444,
            "total_cpu_time": 0.106669,
            "max_rss": 18084,
            "exit_code": 0,
            "failed": false
        }
    ]
}