{
    "bench": "mandelbrot-2.c",
    "language": "c",
    "input": 2000.0,
    "average_runtime": 1033535.0,
    "average_cpu_busy": 0.0,
    "average_ram_load": 0,
    "run_results": [
        {
            "index": 0,
            "input": 2000.0,
            "run_time": 1287575.0,
            "start_time": 1679835056403322696,
            "stop_time": 1679835056404610271,
            "ram_samples": [],
            "cpu_samples": [
                0.0,
                0.0,
                0.0,
                0.0,
                0.0,
                0.0,
                0.0,
                0.0,
                0.0,
                0.0,
                0.0,
                0.0,
                0.0,
                0.0,
                0.0,
                0.0
            ],
            "average_cpu_busy": 0.0,
            "user_cpu_time": 0.241924,
            "sys_cpu_time": 0.0,
            "total_cpu_time": 0.241924,
            "max_rss": 17760,
            "exit_code": 0,
            "failed": false
        },
        {
            "index": 1,
            "input": 2000.0,
            "run_time": 942598.0,
            "start_time": 1679835056652290613,
            "stop_time": 1679835056653233211,
            "ram_samples": [],
            "cpu_samples": [
                0.0,
                0.0,
                0.0,
                0.0,
                0.0,
                0.0,
                0.0,
                0.0,
                0.0,
                0.0,
                0.0,
                0.0,
                0.0,
                0.0,
                0.0,
                0.0
            ],
            "average_cpu_busy": 0.0,
            "user_cpu_time": 0.239812,
            "sys_cpu_time": 0.0,
            "total_cpu_time": 0.239812,
            "max_rss": 17632,
            "exit_code": 0,
            "failed": false
        },
        {
            "index": 2,
            "input": 2000.0,
            "run_time": 978054.0,
            "start_time": 1679835056896339204,
            "stop_time": 1679835056897317258,
            "ram_samples": [],
            "cpu_samples": [
                0.0,
                0.0,
                0.0,
                0.0,
                0.0,
                0.0,
                0.0,
                0.0,
                0.0,
                0.0,
                0.0,
                0.0,
                0.0,
                0.0,
                0.0,
                0.0
            ],
            "average_cpu_busy": 0.0,
            "user_cpu_time": 0.237508,
            "sys_cpu_time": 0.0,
            "total_cpu_time": 0.237508,
            "max_rss": 17764,
            "exit_code": 0,
            "failed": false
        },
        {
            "index": 3,
            "input": 2000.0,
            "run_time": 874480.0,
            "start_time": 1679835057138681384,
            "stop_time": 1679835057139555864,
            "ram_samples": [],
            "cpu_samples": [
                0.0,
                0.0,
                0.0,
                0.0,
                0.0,
                0.0,
                0.0,
                0.0,
                0.0,
                0.0,
                0.0,
                0.0,
                0.0,
                0.0,
                0.0,
                0.0
            ],
            "average_cpu_busy": 0.0,
            "user_cpu_time": 0.24012699999999998,
            "sys_cpu_time": 0.0,
            "total_cpu_time": 0.24012699999999998,
            "max_rss": 17768,
            "exit_code": 0,
            "failed": false
        },
        {
            "index": 4,
            "input": 2000.0,
            "run_time": 1031304.0,
            "start_time": 1679835057383658185,
            "stop_time": 1679835057384689489,
            "ram_samples": [],
            "cpu_samples": [
                0.0,
                0.0,
                0.0,
                0.0,
                0.0,
                0.0,
                0.0,
                0.0,
                0.0,
                0.0,
                0.0,
                0.0,
                0.0,
                0.0,
                0.0,
                0.0
            ],
            "average_cpu_busy": 0.0,
            "user_cpu_time": 0.238813,
            "sys_cpu_time": 0.0,
            "total_cpu_time": 0.238813,
            "max_rss": 17768,
            "exit_code": 0,
            "failed": false
        },
        {
            "index": 5,
            "input": 2000.0,
            "run_time": 1087199.0,
            "start_time": 1679835057627629771,
            "stop_time": 1679835057628716970,
            "ram_samples": [],
            "cpu_samples": [
                0.0,
                0.0,
                0.0,
                0.0,
                0.0,
                0.0,
                0.0,
                0.0,
                0.0,
                0.0,
                0.0,
                0.0,
                0.0,
                0.0,
                0.0,
                0.0
            ],
            "average_cpu_busy": 0.0,
            "user_cpu_time": 0.253426,
            "sys_cpu_time": 0.0,
            "total_cpu_time": 0.253426,
            "max_rss": 17772,
            "exit_code": 0,
            "failed": false
        }
    ],
    "maximum_runtime": 1287575.0,
    "minimum_runtime": 874480.0
}