{
    "bench": "mandelbrot-1.c",
    "language": "c",
    "input": 1000.0,
    "average_runtime": 1011474.0,
    "average_cpu_busy": 0.0,
    "average_ram_load": 0,
    "run_results": [
        {
            "index": 0,
            "input": 1000.0,
            "run_time": 1071043.0,
            "start_time": 1679663704695345764,
            "stop_time": 1679663704696416807,
            "ram_samples": [],
            "cpu_samples": [
                0.0,
                0.0,
                0.0,
                0.0,
                0.0,
                0.0,
                0.0,
                0.0,
                0.0,
                0.0,
                0.0,
                0.0,
                0.0,
                0.0,
                0.0,
                0.0
            ],
            "average_cpu_busy": 0.0,
            "user_cpu_time": 0.033673999999999996,
            "sys_cpu_time": 0.0,
            "total_cpu_time": 0.033673999999999996,
            "max_rss": 17864,
            "exit_code": 0,
            "failed": false
        },
        {
            "index": 1,
            "input": 1000.0,
            "run_time": 997583.0,
            "start_time": 1679663704704068859,
            "stop_time": 1679663704705066442,
            "ram_samples": [],
            "cpu_samples": [
                0.0,
                0.0,
                0.0,
                0.0,
                0.0,
                0.0,
                0.0,
                0.0,
                0.0,
                0.0,
                0.0,
                0.0,
                0.0,
                0.0,
                0.0,
                0.0
            ],
            "average_cpu_busy": 0.0,
            "user_cpu_time": 0.033333,
            "sys_cpu_time": 0.0,
            "total_cpu_time": 0.033333,
            "max_rss": 17868,
            "exit_code": 0,
            "failed": false
        },
        {
            "index": 2,
            "input": 1000.0,
            "run_time": 1043891.0,
            "start_time": 1679663704712218210,
            "stop_time": 1679663704713262101,
            "ram_samples": [],
            "cpu_samples": [
                0.0,
                0.0,
                0.0,
                0.0,
                0.0,
                0.0,
                0.0,
                0.0,
                0.0,
                0.0,
                0.0,
                0.0,
                0.0,
                0.0,
                0.0,
                0.0
            ],
            "average_cpu_busy": 0.0,
            "user_cpu_time": 0.033374,
            "sys_cpu_time": 0.0,
            "total_cpu_time": 0.033374,
            "max_rss": 17872,
            "exit_code": 0,
            "failed": false
        },
        {
            "index": 3,
            "input": 1000.0,
            "run_time": 993544.0,
            "start_time": 1679663704720778484,
            "stop_time": 1679663704721772028,
            "ram_samples": [],
            "cpu_samples": [
                0.0,
                0.0,
                0.0,
                0.0,
                0.0,
                0.0,
                0.0,
                0.0,
                0.0,
                0.0,
                0.0,
                0.0,
                0.0,
                0.0,
                0.0,
                0.0
            ],
            "average_cpu_busy": 0.0,
            "user_cpu_time": 0.030824999999999998,
            "sys_cpu_time": 0.0038529999999999997,
            "total_cpu_time": 0.034678,
            "max_rss": 17872,
            "exit_code": 0,
            "failed": false
        },
        {
            "index": 4,
            "input": 1000.0,
            "run_time": 1016007.0,
            "start_time": 1679663704728903879,
            "stop_time": 1679663704729919886,
            "ram_samples": [],
            "cpu_samples": [
                0.0,
                0.0,
                0.0,
                0.0,
                0.0,
                0.0,
                0.0,
                0.0,
                0.0,
                0.0,
                0.0,
                0.0,
                0.0,
                0.0,
                0.0,
                0.0
            ],
            "average_cpu_busy": 0.0,
            "user_cpu_time": 0.02984,
            "sys_cpu_time": 0.00373,
            "total_cpu_time": 0.033569999999999996,
            "max_rss": 17812,
            "exit_code": 0,
            "failed": false
        },
        {
            "index": 5,
            "input": 1000.0,
            "run_time": 946776.0,
            "start_time": 1679663704736476800,
            "stop_time": 1679663704737423576,
            "ram_samples": [],
            "cpu_samples": [
                0.0,
                0.0,
                0.0,
                0.0,
                0.0,
                0.0,
                0.0,
                0.0,
                0.0,
                0.0,
                0.0,
                0.0,
                0.0,
                0.0,
                0.0,
                0.0
            ],
            "average_cpu_busy": 0.0,
            "user_cpu_time": 0.034506999999999996,
            "sys_cpu_time": 0.0,
            "total_cpu_time": 0.034506999999999996,
            "max_rss": 17808,
            "exit_code": 0,
            "failed": false
        }
    ]
}