{
    "bench": "mandelbrot-1.java",
    "language": "java",
    "input": 1000.0,
    "average_runtime": 1192889.3333333333,
    "average_cpu_busy": 0.0,
    "average_ram_load": 0,
    "run_results": [
        {
            "index": 0,
            "input": 1000.0,
            "run_time": 1138526.0,
            "start_time": 1679835060435718142,
            "stop_time": 1679835060436856668,
            "ram_samples": [],
            "cpu_samples": [
                0.0,
                0.0,
                0.0,
                0.0,
                0.0,
                0.0,
                0.0,
                0.0,
                0.0,
                0.0,
                0.0,
                0.0,
                0.0,
                0.0,
                0.0,
                0.0
            ],
            "average_cpu_busy": 0.0,
            "user_cpu_time": 0.016033,
            "sys_cpu_time": 0.006412999999999999,
            "total_cpu_time": 0.022445999999999997,
            "max_rss": 38016,
            "exit_code": 256,
            "failed": false
        },
        {
            "index": 1,
            "input": 1000.0,
            "run_time": 1123818.0,
            "start_time": 1679835060459819536,
            "stop_time": 1679835060460943354,
            "ram_samples": [],
            "cpu_samples": [
                0.0,
                0.0,
                0.0,
                0.0,
                0.0,
                0.0,
                0.0,
                0.0,
                0.0,
                0.0,
                0.0,
                0.0,
                0.0,
                0.0,
                0.0,
                0.0
            ],
            "average_cpu_busy": 0.0,
            "user_cpu_time": 0.013911,
            "sys_cpu_time": 0.009274,
            "total_cpu_time": 0.023184999999999997,
            "max_rss": 37888,
            "exit_code": 256,
            "failed": false
        },
        {
            "index": 2,
            "input": 1000.0,
            "run_time": 1276915.0,
            "start_time": 1679835060484169516,
            "stop_time": 1679835060485446431,
            "ram_samples": [],
            "cpu_samples": [
                0.0,
                0.0,
                0.0,
                0.0,
                0.0,
                0.0,
                0.0,
                0.0,
                0.0,
                0.0,
                0.0,
                0.0,
                0.0,
                0.0,
                0.0,
                0.0
            ],
            "average_cpu_busy": 0.0,
            "user_cpu_time": 0.014966,
            "sys_cpu_time": 0.007483,
            "total_cpu_time": 0.022449,
            "max_rss": 37888,
            "exit_code": 256,
            "failed": false
        },
        {
            "index": 3,
            "input": 1000.0,
            "run_time": 1132845.0,
            "start_time": 1679835060508195789,
            "stop_time": 1679835060509328634,
            "ram_samples": [],
            "cpu_samples": [
                0.0,
                0.0,
                0.0,
                0.0,
                0.0,
                0.0,
                0.0,
                0.0,
                0.0,
                0.0,
                0.0,
                0.0,
                0.0,
                0.0,
                0.0,
                0.0
            ],
            "average_cpu_busy": 0.0,
            "user_cpu_time": 0.013205999999999999,
            "sys_cpu_time": 0.008804,
            "total_cpu_time": 0.02201,
            "max_rss": 37888,
            "exit_code": 256,
            "failed": false
        },
        {
            "index": 4,
            "input": 1000.0,
            "run_time": 1216722.0,
            "start_time": 1679835060532167690,
            "stop_time": 1679835060533384412,
            "ram_samples": [],
            "cpu_samples": [
                0.0,
                0.0,
                0.0,
                0.0,
                0.0,
                0.0,
                0.0,
                0.0,
                0.0,
                0.0,
                0.0,
                0.0,
                0.0,
                0.0,
                0.0,
                0.0
            ],
            "average_cpu_busy": 0.0,
            "user_cpu_time": 0.013267999999999999,
            "sys_cpu_time": 0.008845,
            "total_cpu_time": 0.022113,
            "max_rss": 37760,
            "exit_code": 256,
            "failed": false
        },
        {
            "index": 5,
            "input": 1000.0,
            "run_time": 1268510.0,
            "start_time": 1679835060555433126,
            "stop_time": 1679835060556701636,
            "ram_samples": [],
            "cpu_samples": [
                0.0,
                0.0,
                0.0,
                0.0,
                0.0,
                0.0,
                0.0,
                0.0,
                0.0,
                0.0,
                0.0,
                0.0,
                0.0,
                0.0,
                0.0,
                0.0
            ],
            "average_cpu_busy": 0.0,
            "user_cpu_time": 0.007267999999999999,
            "sys_cpu_time": 0.014535999999999999,
            "total_cpu_time": 0.021803999999999997,
            "max_rss": 38272,
            "exit_code": 256,
            "failed": false
        }
    ],
    "maximum_runtime": 1276915.0,
    "minimum_runtime": 1123818.0
}