{
    "bench": "mandelbrot-4.c",
    "language": "c",
    "input": 2000.0,
    "average_runtime": 906619.0,
    "average_cpu_busy": 0.0,
    "average_ram_load": 0,
    "run_results": [
        {
            "index": 0,
            "input": 2000.0,
            "run_time": 839281.0,
            "start_time": 1679663711336597115,
            "stop_time": 1679663711337436396,
            "ram_samples": [],
            "cpu_samples": [
                0.0,
                0.0,
                0.0,
                0.0,
                0.0,
                0.0,
                0.0,
                0.0,
                0.0,
                0.0,
                0.0,
                0.0,
                0.0,
                0.0,
                0.0,
                0.0
            ],
            "average_cpu_busy": 0.0,
            "user_cpu_time": 0.142595,
            "sys_cpu_time": 0.0,
            "total_cpu_time": 0.142595,
            "max_rss": 17896,
            "exit_code": 0,
            "failed": false
        },
        {
            "index": 1,
            "input": 2000.0,
            "run_time": 865731.0,
            "start_time": 1679663711349161294,
            "stop_time": 1679663711350027025,
            "ram_samples": [],
            "cpu_samples": [
                0.0,
                0.0,
                0.0,
                0.0,
                0.0,
                0.0,
                0.0,
                0.0,
                0.0,
                0.0,
                0.0,
                0.0,
                0.0,
                0.0,
                0.0,
                0.0
            ],
            "average_cpu_busy": 0.0,
            "user_cpu_time": 0.15414899999999998,
            "sys_cpu_time": 0.0077069999999999994,
            "total_cpu_time": 0.16185599999999997,
            "max_rss": 17896,
            "exit_code": 0,
            "failed": false
        },
        {
            "index": 2,
            "input": 2000.0,
            "run_time": 913542.0,
            "start_time": 1679663711363322640,
            "stop_time": 1679663711364236182,
            "ram_samples": [],
            "cpu_samples": [
                0.0,
                0.0,
                0.0,
                0.0,
                0.0,
                0.0,
                0.0,
                0.0,
                0.0,
                0.0,
                0.0,
                0.0,
                0.0,
                0.0,
                0.0,
                0.0
            ],
            "average_cpu_busy": 0.0,
            "user_cpu_time": 0.14938099999999999,
            "sys_cpu_time": 0.0,
            "total_cpu_time": 0.14938099999999999,
            "max_rss": 17900,
            "exit_code": 0,
            "failed": false
        },
        {
            "index": 3,
            "input": 2000.0,
            "run_time": 888234.0,
            "start_time": 1679663711376750306,
            "stop_time": 1679663711377638540,
            "ram_samples": [],
            "cpu_samples": [
                0.0,
                0.0,
                0.0,
                0.0,
                0.0,
                0.0,
                0.0,
                0.0,
                0.0,
                0.0,
                0.0,
                0.0,
                0.0,
                0.0,
                0.0,
                0.0
            ],
            "average_cpu_busy": 0.0,
            "user_cpu_time": 0.16714299999999999,
            "sys_cpu_time": 0.0,
            "total_cpu_time": 0.16714299999999999,
            "max_rss": 17900,
            "exit_code": 0,
            "failed": false
        },
        {
            "index": 4,
            "input": 2000.0,
            "run_time": 992953.0,
            "start_time": 1679663711391737246,
            "stop_time": 1679663711392730199,
            "ram_samples": [],
            "cpu_samples": [
                0.0,
                0.0,
                0.0,
                0.0,
                0.0,
                0.0,
                0.0,
                0.0,
                0.0,
                0.0,
                0.0,
                0.0,
                0.0,
                0.0,
                0.0,
                0.0
            ],
            "average_cpu_busy": 0.0,
            "user_cpu_time": 0.10069399999999999,
            "sys_cpu_time": 0.0472,
            "total_cpu_time": 0.147894,
            "max_rss": 17900,
            "exit_code": 0,
            "failed": false
        },
        {
            "index": 5,
            "input": 2000.0,
            "run_time": 939973.0,
            "start_time": 1679663711405337441,
            "stop_time": 1679663711406277414,
            "ram_samples": [],
            "cpu_samples": [
                0.0,
                0.0,
                0.0,
                0.0,
                0.0,
                0.0,
                0.0,
                0.0,
                0.0,
                0.0,
                0.0,
                0.0,
                0.0,
                0.0,
                0.0,
                0.0
            ],
            "average_cpu_busy": 0.0,
            "user_cpu_time": 0.123682,
            "sys_cpu_time": 0.059845999999999996,
            "total_cpu_time": 0.183528,
            "max_rss": 17900,
            "exit_code": 0,
            "failed": false
        }
    ]
}