{
    "bench": "mandelbrot-3.c",
    "language": "c",
    "input": 2000.0,
    "average_run_time": 888619.6666666666,
    "maximum_run_time": 930996.0,
    "minimum_run_time": 861295.0,
    "average_cpu_time": 0.12339733333333332,
    "minimum_cpu_time": 0.122394,
    "maximum_cpu_time": 0.123898,
    "average_cpu_busy": 0,
    "average_ram_load": 0,
    "run_results": [
        {
            "index": 0,
            "input": 2000.0,
            "run_time": 861295.0,
            "start_time": 1679838004395251087,
            "stop_time": 1679838004396112382,
            "ram_samples": [],
            "cpu_samples": [
                0.0,
                0.0,
                0.0,
                0.0,
                0.0,
                0.0,
                0.0,
                0.0,
                0.0,
                0.0,
                0.0,
                0.0,
                0.0,
                0.0,
                0.0,
                0.0
            ],
            "average_cpu_busy": 0.0,
            "user_cpu_time": 0.123471,
            "sys_cpu_time": 0.0,
            "total_cpu_time": 0.123471,
            "max_rss": 18008,
            "exit_code": 0,
            "failed": false
        },
        {
            "index": 1,
            "input": 2000.0,
            "run_time": 866154.0,
            "start_time": 1679838004430036149,
            "stop_time": 1679838004430902303,
            "ram_samples": [],
            "cpu_samples": [
                0.0,
                0.0,
                0.0,
                0.0,
                0.0,
                0.0,
                0.0,
                0.0,
                0.0,
                0.0,
                0.0,
                0.0,
                0.0,
                0.0,
                0.0,
                0.0
            ],
            "average_cpu_busy": 0.0,
            "user_cpu_time": 0.118174,
            "sys_cpu_time": 0.00422,
            "total_cpu_time": 0.122394,
            "max_rss": 18008,
            "exit_code": 0,
            "failed": false
        },
        {
            "index": 2,
            "input": 2000.0,
            "run_time": 889879.0,
            "start_time": 1679838004464335159,
            "stop_time": 1679838004465225038,
            "ram_samples": [],
            "cpu_samples": [
                0.0,
                0.0,
                0.0,
                0.0,
                0.0,
                0.0,
                0.0,
                0.0,
                0.0,
                0.0,
                0.0,
                0.0,
                0.0,
                0.0,
                0.0,
                0.0
            ],
            "average_cpu_busy": 0.0,
            "user_cpu_time": 0.123766,
            "sys_cpu_time": 0.0,
            "total_cpu_time": 0.123766,
            "max_rss": 18012,
            "exit_code": 0,
            "failed": false
        },
        {
            "index": 3,
            "input": 2000.0,
            "run_time": 895599.0,
            "start_time": 1679838004499209719,
            "stop_time": 1679838004500105318,
            "ram_samples": [],
            "cpu_samples": [
                0.0,
                0.0,
                0.0,
                0.0,
                0.0,
                0.0,
                0.0,
                0.0,
                0.0,
                0.0,
                0.0,
                0.0,
                0.0,
                0.0,
                0.0,
                0.0
            ],
            "average_cpu_busy": 0.0,
            "user_cpu_time": 0.123898,
            "sys_cpu_time": 0.0,
            "total_cpu_time": 0.123898,
            "max_rss": 18012,
            "exit_code": 0,
            "failed": false
        },
        {
            "index": 4,
            "input": 2000.0,
            "run_time": 930996.0,
            "start_time": 1679838004534113062,
            "stop_time": 1679838004535044058,
            "ram_samples": [],
            "cpu_samples": [
                0.0,
                0.0,
                0.0,
                0.0,
                0.0,
                100.0,
                0.0,
                0.0,
                0.0,
                0.0,
                0.0,
                0.0,
                0.0,
                0.0,
                0.0,
                0.0
            ],
            "average_cpu_busy": 9.309960000000002e-07,
            "user_cpu_time": 0.12355999999999999,
            "sys_cpu_time": 0.0,
            "total_cpu_time": 0.12355999999999999,
            "max_rss": 18012,
            "exit_code": 0,
            "failed": false
        },
        {
            "index": 5,
            "input": 2000.0,
            "run_time": 887795.0,
            "start_time": 1679838004568676088,
            "stop_time": 1679838004569563883,
            "ram_samples": [],
            "cpu_samples": [
                0.0,
                0.0,
                0.0,
                0.0,
                0.0,
                0.0,
                0.0,
                0.0,
                0.0,
                0.0,
                0.0,
                0.0,
                0.0,
                0.0,
                0.0,
                0.0
            ],
            "average_cpu_busy": 0.0,
            "user_cpu_time": 0.12329499999999999,
            "sys_cpu_time": 0.0,
            "total_cpu_time": 0.12329499999999999,
            "max_rss": 18012,
            "exit_code": 0,
            "failed": false
        }
    ]
}