{
    "bench": "mandelbrot-2.java",
    "language": "java",
    "input": 1000.0,
    "average_runtime": 1291934.8333333333,
    "average_cpu_busy": 4.2014466666666664e-07,
    "average_ram_load": 0,
    "run_results": [
        {
            "index": 0,
            "input": 1000.0,
            "run_time": 1399695.0,
            "start_time": 1679835065040417436,
            "stop_time": 1679835065041817131,
            "ram_samples": [],
            "cpu_samples": [
                0.0,
                0.0,
                0.0,
                0.0,
                0.0,
                0.0,
                0.0,
                0.0,
                0.0,
                0.0,
                0.0,
                0.0,
                0.0,
                0.0,
                0.0,
                0.0
            ],
            "average_cpu_busy": 0.0,
            "user_cpu_time": 1.9430679999999998,
            "sys_cpu_time": 0.027757999999999998,
            "total_cpu_time": 1.9708259999999997,
            "max_rss": 47576,
            "exit_code": 0,
            "failed": false
        },
        {
            "index": 1,
            "input": 1000.0,
            "run_time": 1197015.0,
            "start_time": 1679835065223685448,
            "stop_time": 1679835065224882463,
            "ram_samples": [],
            "cpu_samples": [
                0.0,
                0.0,
                0.0,
                0.0,
                0.0,
                0.0,
                0.0,
                0.0,
                0.0,
                0.0,
                0.0,
                0.0,
                0.0,
                0.0,
                0.0,
                0.0
            ],
            "average_cpu_busy": 0.0,
            "user_cpu_time": 2.082647,
            "sys_cpu_time": 0.015989,
            "total_cpu_time": 2.098636,
            "max_rss": 47628,
            "exit_code": 0,
            "failed": false
        },
        {
            "index": 2,
            "input": 1000.0,
            "run_time": 1298004.0,
            "start_time": 1679835065401874655,
            "stop_time": 1679835065403172659,
            "ram_samples": [],
            "cpu_samples": [
                0.0,
                0.0,
                0.0,
                0.0,
                0.0,
                0.0,
                0.0,
                0.0,
                0.0,
                0.0,
                0.0,
                0.0,
                0.0,
                0.0,
                0.0,
                0.0
            ],
            "average_cpu_busy": 0.0,
            "user_cpu_time": 1.9350269999999998,
            "sys_cpu_time": 0.036357,
            "total_cpu_time": 1.9713839999999998,
            "max_rss": 47396,
            "exit_code": 0,
            "failed": false
        },
        {
            "index": 3,
            "input": 1000.0,
            "run_time": 1315959.0,
            "start_time": 1679835065582937170,
            "stop_time": 1679835065584253129,
            "ram_samples": [],
            "cpu_samples": [
                0.0,
                0.0,
                0.0,
                0.0,
                0.0,
                0.0,
                0.0,
                0.0,
                0.0,
                0.0,
                0.0,
                0.0,
                0.0,
                0.0,
                0.0,
                0.0
            ],
            "average_cpu_busy": 0.0,
            "user_cpu_time": 1.932716,
            "sys_cpu_time": 0.023762,
            "total_cpu_time": 1.9564780000000002,
            "max_rss": 47816,
            "exit_code": 0,
            "failed": false
        },
        {
            "index": 4,
            "input": 1000.0,
            "run_time": 1260434.0,
            "start_time": 1679835065765889420,
            "stop_time": 1679835065767149854,
            "ram_samples": [],
            "cpu_samples": [
                0.0,
                0.0,
                0.0,
                0.0,
                0.0,
                0.0,
                0.0,
                100.0,
                0.0,
                0.0,
                100.0,
                0.0,
                0.0,
                0.0,
                0.0,
                0.0
            ],
            "average_cpu_busy": 2.520868e-06,
            "user_cpu_time": 1.915458,
            "sys_cpu_time": 0.059486,
            "total_cpu_time": 1.974944,
            "max_rss": 47268,
            "exit_code": 0,
            "failed": false
        },
        {
            "index": 5,
            "input": 1000.0,
            "run_time": 1280502.0,
            "start_time": 1679835065947919511,
            "stop_time": 1679835065949200013,
            "ram_samples": [],
            "cpu_samples": [
                0.0,
                0.0,
                0.0,
                0.0,
                0.0,
                0.0,
                0.0,
                0.0,
                0.0,
                0.0,
                0.0,
                0.0,
                0.0,
                0.0,
                0.0,
                0.0
            ],
            "average_cpu_busy": 0.0,
            "user_cpu_time": 2.043697,
            "sys_cpu_time": 0.024281,
            "total_cpu_time": 2.067978,
            "max_rss": 47340,
            "exit_code": 0,
            "failed": false
        }
    ],
    "maximum_runtime": 1399695.0,
    "minimum_runtime": 1197015.0
}