{
    "bench": "mandelbrot-2.c",
    "language": "c",
    "input": 2000.0,
    "average_runtime": 1058046.0,
    "average_cpu_busy": 0.0,
    "average_ram_load": 0,
    "run_results": [
        {
            "index": 0,
            "input": 2000.0,
            "run_time": 1164371.0,
            "start_time": 1679663705290739795,
            "stop_time": 1679663705291904166,
            "ram_samples": [],
            "cpu_samples": [
                0.0,
                0.0,
                0.0,
                0.0,
                0.0,
                0.0,
                0.0,
                0.0,
                0.0,
                0.0,
                0.0,
                0.0,
                0.0,
                0.0,
                0.0,
                0.0
            ],
            "average_cpu_busy": 0.0,
            "user_cpu_time": 0.23969,
            "sys_cpu_time": 0.0,
            "total_cpu_time": 0.23969,
            "max_rss": 17664,
            "exit_code": 0,
            "failed": false
        },
        {
            "index": 1,
            "input": 2000.0,
            "run_time": 946295.0,
            "start_time": 1679663705535300506,
            "stop_time": 1679663705536246801,
            "ram_samples": [],
            "cpu_samples": [
                0.0,
                0.0,
                0.0,
                0.0,
                0.0,
                0.0,
                0.0,
                0.0,
                0.0,
                0.0,
                0.0,
                0.0,
                0.0,
                0.0,
                0.0,
                0.0
            ],
            "average_cpu_busy": 0.0,
            "user_cpu_time": 0.23882899999999999,
            "sys_cpu_time": 0.0,
            "total_cpu_time": 0.23882899999999999,
            "max_rss": 17672,
            "exit_code": 0,
            "failed": false
        },
        {
            "index": 2,
            "input": 2000.0,
            "run_time": 927308.0,
            "start_time": 1679663705779203503,
            "stop_time": 1679663705780130811,
            "ram_samples": [],
            "cpu_samples": [
                0.0,
                0.0,
                0.0,
                0.0,
                0.0,
                0.0,
                0.0,
                0.0,
                0.0,
                0.0,
                0.0,
                0.0,
                0.0,
                0.0,
                0.0,
                0.0
            ],
            "average_cpu_busy": 0.0,
            "user_cpu_time": 0.23532699999999998,
            "sys_cpu_time": 0.0,
            "total_cpu_time": 0.23532699999999998,
            "max_rss": 17672,
            "exit_code": 0,
            "failed": false
        },
        {
            "index": 3,
            "input": 2000.0,
            "run_time": 918371.0,
            "start_time": 1679663706019189039,
            "stop_time": 1679663706020107410,
            "ram_samples": [],
            "cpu_samples": [
                0.0,
                0.0,
                0.0,
                0.0,
                0.0,
                0.0,
                0.0,
                0.0,
                0.0,
                0.0,
                0.0,
                0.0,
                0.0,
                0.0,
                0.0,
                0.0
            ],
            "average_cpu_busy": 0.0,
            "user_cpu_time": 0.237317,
            "sys_cpu_time": 0.0,
            "total_cpu_time": 0.237317,
            "max_rss": 17672,
            "exit_code": 0,
            "failed": false
        },
        {
            "index": 4,
            "input": 2000.0,
            "run_time": 1381665.0,
            "start_time": 1679663706261739806,
            "stop_time": 1679663706263121471,
            "ram_samples": [],
            "cpu_samples": [
                0.0,
                0.0,
                0.0,
                0.0,
                0.0,
                0.0,
                0.0,
                0.0,
                0.0,
                0.0,
                0.0,
                0.0,
                0.0,
                0.0,
                0.0,
                0.0
            ],
            "average_cpu_busy": 0.0,
            "user_cpu_time": 0.23582299999999998,
            "sys_cpu_time": 0.0,
            "total_cpu_time": 0.23582299999999998,
            "max_rss": 17668,
            "exit_code": 0,
            "failed": false
        },
        {
            "index": 5,
            "input": 2000.0,
            "run_time": 1010266.0,
            "start_time": 1679663706502519497,
            "stop_time": 1679663706503529763,
            "ram_samples": [],
            "cpu_samples": [
                0.0,
                0.0,
                0.0,
                0.0,
                0.0,
                0.0,
                0.0,
                0.0,
                0.0,
                0.0,
                0.0,
                0.0,
                0.0,
                0.0,
                0.0,
                0.0
            ],
            "average_cpu_busy": 0.0,
            "user_cpu_time": 0.23588099999999998,
            "sys_cpu_time": 0.0,
            "total_cpu_time": 0.23588099999999998,
            "max_rss": 17672,
            "exit_code": 0,
            "failed": false
        }
    ]
}