{
    "bench": "mandelbrot-4.rust",
    "language": "rust",
    "input": 3000.0,
    "average_run_time": 915128.1666666666,
    "maximum_run_time": 965381.0,
    "minimum_run_time": 884549.0,
    "average_cpu_time": 0.12327533333333333,
    "minimum_cpu_time": 0.12071299999999999,
    "maximum_cpu_time": 0.12457399999999999,
    "average_cpu_busy": 0,
    "average_ram_load": 0,
    "run_results": [
        {
            "index": 0,
            "input": 3000.0,
            "run_time": 965381.0,
            "start_time": 1680003169151259536,
            "stop_time": 1680003169152224917,
            "ram_samples": [],
            "cpu_samples": [
                0.0,
                0.0,
                0.0,
                0.0,
                0.0,
                0.0,
                0.0,
                0.0,
                0.0,
                0.0,
                0.0,
                0.0,
                0.0,
                0.0,
                0.0,
                0.0
            ],
            "average_cpu_busy": 0.0,
            "user_cpu_time": 0.12457399999999999,
            "sys_cpu_time": 0.0,
            "total_cpu_time": 0.12457399999999999,
            "max_rss": 18196,
            "exit_code": 0,
            "failed": false
        },
        {
            "index": 1,
            "input": 3000.0,
            "run_time": 923502.0,
            "start_time": 1680003169164496663,
            "stop_time": 1680003169165420165,
            "ram_samples": [],
            "cpu_samples": [
                0.0,
                0.0,
                0.0,
                0.0,
                0.0,
                0.0,
                0.0,
                0.0,
                0.0,
                0.0,
                0.0,
                0.0,
                0.0,
                0.0,
                0.0,
                0.0
            ],
            "average_cpu_busy": 0.0,
            "user_cpu_time": 0.11640199999999999,
            "sys_cpu_time": 0.004311,
            "total_cpu_time": 0.12071299999999999,
            "max_rss": 18196,
            "exit_code": 0,
            "failed": false
        },
        {
            "index": 2,
            "input": 3000.0,
            "run_time": 893045.0,
            "start_time": 1680003169177549966,
            "stop_time": 1680003169178443011,
            "ram_samples": [],
            "cpu_samples": [
                0.0,
                0.0,
                0.0,
                0.0,
                0.0,
                0.0,
                0.0,
                0.0,
                0.0,
                0.0,
                0.0,
                0.0,
                0.0,
                0.0,
                0.0,
                0.0
            ],
            "average_cpu_busy": 0.0,
            "user_cpu_time": 0.11973299999999999,
            "sys_cpu_time": 0.003741,
            "total_cpu_time": 0.12347399999999999,
            "max_rss": 18200,
            "exit_code": 0,
            "failed": false
        },
        {
            "index": 3,
            "input": 3000.0,
            "run_time": 912772.0,
            "start_time": 1680003169190700721,
            "stop_time": 1680003169191613493,
            "ram_samples": [],
            "cpu_samples": [
                0.0,
                0.0,
                0.0,
                0.0,
                0.0,
                0.0,
                0.0,
                0.0,
                0.0,
                0.0,
                0.0,
                0.0,
                0.0,
                0.0,
                0.0,
                0.0
            ],
            "average_cpu_busy": 0.0,
            "user_cpu_time": 0.123703,
            "sys_cpu_time": 0.0,
            "total_cpu_time": 0.123703,
            "max_rss": 18204,
            "exit_code": 0,
            "failed": false
        },
        {
            "index": 4,
            "input": 3000.0,
            "run_time": 884549.0,
            "start_time": 1680003169203440716,
            "stop_time": 1680003169204325265,
            "ram_samples": [],
            "cpu_samples": [
                0.0,
                0.0,
                0.0,
                0.0,
                0.0,
                0.0,
                0.0,
                0.0,
                0.0,
                0.0,
                0.0,
                0.0,
                0.0,
                0.0,
                0.0,
                0.0
            ],
            "average_cpu_busy": 0.0,
            "user_cpu_time": 0.123611,
            "sys_cpu_time": 0.0,
            "total_cpu_time": 0.123611,
            "max_rss": 18204,
            "exit_code": 0,
            "failed": false
        },
        {
            "index": 5,
            "input": 3000.0,
            "run_time": 911520.0,
            "start_time": 1680003169216334599,
            "stop_time": 1680003169217246119,
            "ram_samples": [],
            "cpu_samples": [
                0.0,
                0.0,
                0.0,
                0.0,
                0.0,
                0.0,
                0.0,
                0.0,
                0.0,
                0.0,
                0.0,
                0.0,
                0.0,
                0.0,
                0.0,
                0.0
            ],
            "average_cpu_busy": 0.0,
            "user_cpu_time": 0.12357699999999999,
            "sys_cpu_time": 0.0,
            "total_cpu_time": 0.12357699999999999,
            "max_rss": 18204,
            "exit_code": 0,
            "failed": false
        }
    ]
}