{
    "bench": "mandelbrot-1.cpp",
    "language": "cpp",
    "input": 2000.0,
    "average_run_time": 912221.3333333334,
    "maximum_run_time": 941236.0,
    "minimum_run_time": 887545.0,
    "average_cpu_time": 0.05080016666666667,
    "minimum_cpu_time": 0.042352,
    "maximum_cpu_time": 0.068513,
    "average_cpu_busy": 0,
    "average_ram_load": 0,
    "run_results": [
        {
            "index": 0,
            "input": 2000.0,
            "run_time": 921398.0,
            "start_time": 1680003200930781066,
            "stop_time": 1680003200931702464,
            "ram_samples": [],
            "cpu_samples": [
                0.0,
                0.0,
                0.0,
                0.0,
                0.0,
                0.0,
                0.0,
                0.0,
                0.0,
                0.0,
                0.0,
                0.0,
                0.0,
                0.0,
                0.0,
                0.0
            ],
            "average_cpu_busy": 0.0,
            "user_cpu_time": 0.042423999999999996,
            "sys_cpu_time": 0.0,
            "total_cpu_time": 0.042423999999999996,
            "max_rss": 18912,
            "exit_code": 0,
            "failed": false
        },
        {
            "index": 1,
            "input": 2000.0,
            "run_time": 925086.0,
            "start_time": 1680003200937998462,
            "stop_time": 1680003200938923548,
            "ram_samples": [],
            "cpu_samples": [
                0.0,
                0.0,
                0.0,
                0.0,
                0.0,
                0.0,
                0.0,
                0.0,
                0.0,
                0.0,
                0.0,
                0.0,
                0.0,
                0.0,
                0.0,
                0.0
            ],
            "average_cpu_busy": 0.0,
            "user_cpu_time": 0.060911999999999994,
            "sys_cpu_time": 0.0038069999999999996,
            "total_cpu_time": 0.064719,
            "max_rss": 18912,
            "exit_code": 0,
            "failed": false
        },
        {
            "index": 2,
            "input": 2000.0,
            "run_time": 893466.0,
            "start_time": 1680003200946940003,
            "stop_time": 1680003200947833469,
            "ram_samples": [],
            "cpu_samples": [
                0.0,
                0.0,
                0.0,
                0.0,
                0.0,
                0.0,
                0.0,
                0.0,
                0.0,
                0.0,
                0.0,
                0.0,
                0.0,
                0.0,
                0.0,
                0.0
            ],
            "average_cpu_busy": 0.0,
            "user_cpu_time": 0.043211,
            "sys_cpu_time": 0.0,
            "total_cpu_time": 0.043211,
            "max_rss": 18912,
            "exit_code": 0,
            "failed": false
        },
        {
            "index": 3,
            "input": 2000.0,
            "run_time": 941236.0,
            "start_time": 1680003200954122023,
            "stop_time": 1680003200955063259,
            "ram_samples": [],
            "cpu_samples": [
                0.0,
                0.0,
                0.0,
                0.0,
                0.0,
                0.0,
                0.0,
                0.0,
                100.0,
                0.0,
                0.0,
                0.0,
                0.0,
                0.0,
                0.0,
                0.0
            ],
            "average_cpu_busy": 9.412359999999999e-07,
            "user_cpu_time": 0.042352,
            "sys_cpu_time": 0.0,
            "total_cpu_time": 0.042352,
            "max_rss": 18912,
            "exit_code": 0,
            "failed": false
        },
        {
            "index": 4,
            "input": 2000.0,
            "run_time": 887545.0,
            "start_time": 1680003200961338538,
            "stop_time": 1680003200962226083,
            "ram_samples": [],
            "cpu_samples": [
                0.0,
                0.0,
                0.0,
                0.0,
                0.0,
                0.0,
                0.0,
                0.0,
                0.0,
                0.0,
                0.0,
                0.0,
                0.0,
                0.0,
                0.0,
                0.0
            ],
            "average_cpu_busy": 0.0,
            "user_cpu_time": 0.0,
            "sys_cpu_time": 0.043581999999999996,
            "total_cpu_time": 0.043581999999999996,
            "max_rss": 18912,
            "exit_code": 0,
            "failed": false
        },
        {
            "index": 5,
            "input": 2000.0,
            "run_time": 904597.0,
            "start_time": 1680003200968710024,
            "stop_time": 1680003200969614621,
            "ram_samples": [],
            "cpu_samples": [
                0.0,
                0.0,
                0.0,
                0.0,
                0.0,
                0.0,
                0.0,
                0.0,
                0.0,
                0.0,
                0.0,
                0.0,
                0.0,
                0.0,
                0.0,
                0.0
            ],
            "average_cpu_busy": 0.0,
            "user_cpu_time": 0.064483,
            "sys_cpu_time": 0.00403,
            "total_cpu_time": 0.068513,
            "max_rss": 18912,
            "exit_code": 0,
            "failed": false
        }
    ]
}