{
    "bench": "mandelbrot-3.c",
    "language": "c",
    "input": 2000.0,
    "average_run_time": 918684.8333333334,
    "maximum_run_time": 964589.0,
    "minimum_run_time": 866716.0,
    "average_cpu_time": 0.12376116666666666,
    "minimum_cpu_time": 0.12234099999999999,
    "maximum_cpu_time": 0.124763,
    "average_cpu_busy": 0,
    "average_ram_load": 0,
    "run_results": [
        {
            "index": 0,
            "input": 2000.0,
            "run_time": 866716.0,
            "start_time": 1680003195275350961,
            "stop_time": 1680003195276217677,
            "ram_samples": [],
            "cpu_samples": [
                0.0,
                0.0,
                0.0,
                0.0,
                0.0,
                0.0,
                0.0,
                0.0,
                0.0,
                0.0,
                0.0,
                0.0,
                0.0,
                0.0,
                0.0,
                0.0
            ],
            "average_cpu_busy": 0.0,
            "user_cpu_time": 0.12234099999999999,
            "sys_cpu_time": 0.0,
            "total_cpu_time": 0.12234099999999999,
            "max_rss": 18644,
            "exit_code": 0,
            "failed": false
        },
        {
            "index": 1,
            "input": 2000.0,
            "run_time": 964589.0,
            "start_time": 1680003195309749999,
            "stop_time": 1680003195310714588,
            "ram_samples": [],
            "cpu_samples": [
                0.0,
                0.0,
                0.0,
                0.0,
                0.0,
                0.0,
                0.0,
                0.0,
                0.0,
                0.0,
                0.0,
                0.0,
                0.0,
                0.0,
                0.0,
                0.0
            ],
            "average_cpu_busy": 0.0,
            "user_cpu_time": 0.123664,
            "sys_cpu_time": 0.0,
            "total_cpu_time": 0.123664,
            "max_rss": 18648,
            "exit_code": 0,
            "failed": false
        },
        {
            "index": 2,
            "input": 2000.0,
            "run_time": 878919.0,
            "start_time": 1680003195344932306,
            "stop_time": 1680003195345811225,
            "ram_samples": [],
            "cpu_samples": [
                0.0,
                0.0,
                0.0,
                0.0,
                0.0,
                0.0,
                0.0,
                0.0,
                0.0,
                0.0,
                0.0,
                0.0,
                0.0,
                0.0,
                0.0,
                0.0
            ],
            "average_cpu_busy": 0.0,
            "user_cpu_time": 0.12385299999999999,
            "sys_cpu_time": 0.0,
            "total_cpu_time": 0.12385299999999999,
            "max_rss": 18648,
            "exit_code": 0,
            "failed": false
        },
        {
            "index": 3,
            "input": 2000.0,
            "run_time": 926688.0,
            "start_time": 1680003195379913035,
            "stop_time": 1680003195380839723,
            "ram_samples": [],
            "cpu_samples": [
                0.0,
                0.0,
                0.0,
                0.0,
                0.0,
                0.0,
                0.0,
                0.0,
                0.0,
                0.0,
                0.0,
                0.0,
                0.0,
                0.0,
                0.0,
                0.0
            ],
            "average_cpu_busy": 0.0,
            "user_cpu_time": 0.120865,
            "sys_cpu_time": 0.003898,
            "total_cpu_time": 0.124763,
            "max_rss": 18648,
            "exit_code": 0,
            "failed": false
        },
        {
            "index": 4,
            "input": 2000.0,
            "run_time": 919955.0,
            "start_time": 1680003195415311187,
            "stop_time": 1680003195416231142,
            "ram_samples": [],
            "cpu_samples": [
                0.0,
                0.0,
                0.0,
                0.0,
                0.0,
                0.0,
                0.0,
                0.0,
                0.0,
                0.0,
                0.0,
                0.0,
                0.0,
                0.0,
                0.0,
                0.0
            ],
            "average_cpu_busy": 0.0,
            "user_cpu_time": 0.124224,
            "sys_cpu_time": 0.0,
            "total_cpu_time": 0.124224,
            "max_rss": 18648,
            "exit_code": 0,
            "failed": false
        },
        {
            "index": 5,
            "input": 2000.0,
            "run_time": 955242.0,
            "start_time": 1680003195450412311,
            "stop_time": 1680003195451367553,
            "ram_samples": [],
            "cpu_samples": [
                0.0,
                0.0,
                0.0,
                0.0,
                0.0,
                0.0,
                0.0,
                0.0,
                0.0,
                0.0,
                0.0,
                0.0,
                0.0,
                0.0,
                0.0,
                0.0
            ],
            "average_cpu_busy": 0.0,
            "user_cpu_time": 0.123722,
            "sys_cpu_time": 0.0,
            "total_cpu_time": 0.123722,
            "max_rss": 18648,
            "exit_code": 0,
            "failed": false
        }
    ]
}