{
    "bench": "mandelbrot-1.java",
    "language": "java",
    "input": 1000.0,
    "average_run_time": 1143950.8333333333,
    "maximum_run_time": 1201795.0,
    "minimum_run_time": 1118428.0,
    "average_cpu_time": 0.020924666666666664,
    "minimum_cpu_time": 0.020286,
    "maximum_cpu_time": 0.022855999999999998,
    "average_cpu_busy": 0,
    "average_ram_load": 0,
    "run_results": [
        {
            "index": 0,
            "input": 1000.0,
            "run_time": 1131703.0,
            "start_time": 1680003198211222729,
            "stop_time": 1680003198212354432,
            "ram_samples": [],
            "cpu_samples": [
                0.0,
                0.0,
                0.0,
                0.0,
                0.0,
                0.0,
                0.0,
                0.0,
                0.0,
                0.0,
                0.0,
                0.0,
                0.0,
                0.0,
                0.0,
                0.0
            ],
            "average_cpu_busy": 0.0,
            "user_cpu_time": 0.015215,
            "sys_cpu_time": 0.005071,
            "total_cpu_time": 0.020286,
            "max_rss": 37992,
            "exit_code": 256,
            "failed": false
        },
        {
            "index": 1,
            "input": 1000.0,
            "run_time": 1144797.0,
            "start_time": 1680003198232873757,
            "stop_time": 1680003198234018554,
            "ram_samples": [],
            "cpu_samples": [
                0.0,
                0.0,
                0.0,
                0.0,
                0.0,
                0.0,
                0.0,
                0.0,
                0.0,
                0.0,
                0.0,
                0.0,
                0.0,
                0.0,
                0.0,
                0.0
            ],
            "average_cpu_busy": 0.0,
            "user_cpu_time": 0.014870999999999999,
            "sys_cpu_time": 0.005948,
            "total_cpu_time": 0.020818999999999997,
            "max_rss": 38016,
            "exit_code": 256,
            "failed": false
        },
        {
            "index": 2,
            "input": 1000.0,
            "run_time": 1143505.0,
            "start_time": 1680003198255199651,
            "stop_time": 1680003198256343156,
            "ram_samples": [],
            "cpu_samples": [
                0.0,
                0.0,
                0.0,
                0.0,
                0.0,
                0.0,
                0.0,
                0.0,
                0.0,
                0.0,
                0.0,
                0.0,
                0.0,
                0.0,
                0.0,
                0.0
            ],
            "average_cpu_busy": 0.0,
            "user_cpu_time": 0.010232,
            "sys_cpu_time": 0.010232,
            "total_cpu_time": 0.020464,
            "max_rss": 38016,
            "exit_code": 256,
            "failed": false
        },
        {
            "index": 3,
            "input": 1000.0,
            "run_time": 1201795.0,
            "start_time": 1680003198277014546,
            "stop_time": 1680003198278216341,
            "ram_samples": [],
            "cpu_samples": [
                0.0,
                0.0,
                0.0,
                0.0,
                0.0,
                0.0,
                0.0,
                0.0,
                0.0,
                0.0,
                0.0,
                0.0,
                0.0,
                0.0,
                0.0,
                0.0
            ],
            "average_cpu_busy": 0.0,
            "user_cpu_time": 0.013599,
            "sys_cpu_time": 0.0067989999999999995,
            "total_cpu_time": 0.020398,
            "max_rss": 38016,
            "exit_code": 256,
            "failed": false
        },
        {
            "index": 4,
            "input": 1000.0,
            "run_time": 1118428.0,
            "start_time": 1680003198298821627,
            "stop_time": 1680003198299940055,
            "ram_samples": [],
            "cpu_samples": [
                0.0,
                0.0,
                0.0,
                0.0,
                0.0,
                0.0,
                0.0,
                0.0,
                0.0,
                0.0,
                0.0,
                0.0,
                0.0,
                0.0,
                0.0,
                0.0
            ],
            "average_cpu_busy": 0.0,
            "user_cpu_time": 0.019046999999999998,
            "sys_cpu_time": 0.003809,
            "total_cpu_time": 0.022855999999999998,
            "max_rss": 38144,
            "exit_code": 256,
            "failed": false
        },
        {
            "index": 5,
            "input": 1000.0,
            "run_time": 1123477.0,
            "start_time": 1680003198323119810,
            "stop_time": 1680003198324243287,
            "ram_samples": [],
            "cpu_samples": [
                0.0,
                0.0,
                0.0,
                0.0,
                0.0,
                0.0,
                0.0,
                0.0,
                0.0,
                0.0,
                0.0,
                0.0,
                0.0,
                0.0,
                0.0,
                0.0
            ],
            "average_cpu_busy": 0.0,
            "user_cpu_time": 0.005181,
            "sys_cpu_time": 0.015543999999999999,
            "total_cpu_time": 0.020725,
            "max_rss": 38016,
            "exit_code": 256,
            "failed": false
        }
    ]
}