{
    "bench": "mandelbrot-3.java",
    "language": "java",
    "input": 2000.0,
    "average_runtime": 1286738.3333333333,
    "average_cpu_busy": 0.0,
    "average_ram_load": 0,
    "run_results": [
        {
            "index": 0,
            "input": 2000.0,
            "run_time": 1266385.0,
            "start_time": 1679835059281943265,
            "stop_time": 1679835059283209650,
            "ram_samples": [],
            "cpu_samples": [
                0.0,
                0.0,
                0.0,
                0.0,
                0.0,
                0.0,
                0.0,
                0.0,
                0.0,
                0.0,
                0.0,
                0.0,
                0.0,
                0.0,
                0.0,
                0.0
            ],
            "average_cpu_busy": 0.0,
            "user_cpu_time": 0.577969,
            "sys_cpu_time": 0.032561,
            "total_cpu_time": 0.6105299999999999,
            "max_rss": 44268,
            "exit_code": 0,
            "failed": false
        },
        {
            "index": 1,
            "input": 2000.0,
            "run_time": 1160848.0,
            "start_time": 1679835059361588605,
            "stop_time": 1679835059362749453,
            "ram_samples": [],
            "cpu_samples": [
                0.0,
                0.0,
                0.0,
                0.0,
                0.0,
                0.0,
                0.0,
                0.0,
                0.0,
                0.0,
                0.0,
                0.0,
                0.0,
                0.0,
                0.0,
                0.0
            ],
            "average_cpu_busy": 0.0,
            "user_cpu_time": 0.354272,
            "sys_cpu_time": 0.039362999999999995,
            "total_cpu_time": 0.39363499999999996,
            "max_rss": 45052,
            "exit_code": 0,
            "failed": false
        },
        {
            "index": 2,
            "input": 2000.0,
            "run_time": 1510683.0,
            "start_time": 1679835059428193698,
            "stop_time": 1679835059429704381,
            "ram_samples": [],
            "cpu_samples": [
                0.0,
                0.0,
                0.0,
                0.0,
                0.0,
                0.0,
                0.0,
                0.0,
                0.0,
                0.0,
                0.0,
                0.0,
                0.0,
                0.0,
                0.0,
                0.0
            ],
            "average_cpu_busy": 0.0,
            "user_cpu_time": 0.40332399999999996,
            "sys_cpu_time": 0.019024,
            "total_cpu_time": 0.42234799999999995,
            "max_rss": 44924,
            "exit_code": 0,
            "failed": false
        },
        {
            "index": 3,
            "input": 2000.0,
            "run_time": 1244915.0,
            "start_time": 1679835059510656763,
            "stop_time": 1679835059511901678,
            "ram_samples": [],
            "cpu_samples": [
                0.0,
                0.0,
                0.0,
                0.0,
                0.0,
                0.0,
                0.0,
                0.0,
                0.0,
                0.0,
                0.0,
                0.0,
                0.0,
                0.0,
                0.0,
                0.0
            ],
            "average_cpu_busy": 0.0,
            "user_cpu_time": 0.510824,
            "sys_cpu_time": 0.016215999999999998,
            "total_cpu_time": 0.52704,
            "max_rss": 44244,
            "exit_code": 0,
            "failed": false
        },
        {
            "index": 4,
            "input": 2000.0,
            "run_time": 1284379.0,
            "start_time": 1679835059587615094,
            "stop_time": 1679835059588899473,
            "ram_samples": [],
            "cpu_samples": [
                0.0,
                0.0,
                0.0,
                0.0,
                0.0,
                0.0,
                0.0,
                0.0,
                0.0,
                0.0,
                0.0,
                0.0,
                0.0,
                0.0,
                0.0,
                0.0
            ],
            "average_cpu_busy": 0.0,
            "user_cpu_time": 0.5295759999999999,
            "sys_cpu_time": 0.019469,
            "total_cpu_time": 0.5490449999999999,
            "max_rss": 44524,
            "exit_code": 0,
            "failed": false
        },
        {
            "index": 5,
            "input": 2000.0,
            "run_time": 1253220.0,
            "start_time": 1679835059664685676,
            "stop_time": 1679835059665938896,
            "ram_samples": [],
            "cpu_samples": [
                0.0,
                0.0,
                0.0,
                0.0,
                0.0,
                0.0,
                0.0,
                0.0,
                0.0,
                0.0,
                0.0,
                0.0,
                0.0,
                0.0,
                0.0,
                0.0
            ],
            "average_cpu_busy": 0.0,
            "user_cpu_time": 0.574104,
            "sys_cpu_time": 0.011559,
            "total_cpu_time": 0.5856629999999999,
            "max_rss": 44656,
            "exit_code": 0,
            "failed": false
        }
    ],
    "maximum_runtime": 1510683.0,
    "minimum_runtime": 1160848.0
}