{
    "bench": "mandelbrot-4.java",
    "language": "java",
    "input": 5000.0,
    "average_run_time": 1193384.6666666667,
    "maximum_run_time": 1228704.0,
    "minimum_run_time": 1133686.0,
    "average_cpu_time": 1.931891333333333,
    "minimum_cpu_time": 1.8851079999999998,
    "maximum_cpu_time": 1.9758569999999998,
    "average_cpu_busy": 0,
    "average_ram_load": 0,
    "run_results": [
        {
            "index": 0,
            "input": 5000.0,
            "run_time": 1193348.0,
            "start_time": 1680003138704939291,
            "stop_time": 1680003138706132639,
            "ram_samples": [],
            "cpu_samples": [
                0.0,
                0.0,
                0.0,
                0.0,
                0.0,
                0.0,
                0.0,
                0.0,
                0.0,
                0.0,
                0.0,
                0.0,
                0.0,
                0.0,
                0.0,
                0.0
            ],
            "average_cpu_busy": 0.0,
            "user_cpu_time": 1.9007100000000001,
            "sys_cpu_time": 0.065674,
            "total_cpu_time": 1.9663840000000001,
            "max_rss": 51456,
            "exit_code": 0,
            "failed": false
        },
        {
            "index": 1,
            "input": 5000.0,
            "run_time": 1228704.0,
            "start_time": 1680003138888852674,
            "stop_time": 1680003138890081378,
            "ram_samples": [],
            "cpu_samples": [
                0.0,
                0.0,
                0.0,
                0.0,
                0.0,
                0.0,
                0.0,
                0.0,
                0.0,
                0.0,
                0.0,
                0.0,
                0.0,
                0.0,
                0.0,
                0.0
            ],
            "average_cpu_busy": 0.0,
            "user_cpu_time": 1.8732769999999999,
            "sys_cpu_time": 0.011831,
            "total_cpu_time": 1.8851079999999998,
            "max_rss": 51328,
            "exit_code": 0,
            "failed": false
        },
        {
            "index": 2,
            "input": 5000.0,
            "run_time": 1133686.0,
            "start_time": 1680003139063946765,
            "stop_time": 1680003139065080451,
            "ram_samples": [],
            "cpu_samples": [
                0.0,
                0.0,
                0.0,
                0.0,
                0.0,
                0.0,
                0.0,
                0.0,
                0.0,
                0.0,
                0.0,
                0.0,
                0.0,
                0.0,
                0.0,
                0.0
            ],
            "average_cpu_busy": 0.0,
            "user_cpu_time": 1.962962,
            "sys_cpu_time": 0.007930999999999999,
            "total_cpu_time": 1.970893,
            "max_rss": 51968,
            "exit_code": 0,
            "failed": false
        },
        {
            "index": 3,
            "input": 5000.0,
            "run_time": 1187577.0,
            "start_time": 1680003139248515507,
            "stop_time": 1680003139249703084,
            "ram_samples": [],
            "cpu_samples": [
                0.0,
                0.0,
                0.0,
                0.0,
                0.0,
                0.0,
                0.0,
                0.0,
                0.0,
                0.0,
                0.0,
                0.0,
                0.0,
                0.0,
                0.0,
                0.0
            ],
            "average_cpu_busy": 0.0,
            "user_cpu_time": 1.8920919999999999,
            "sys_cpu_time": 0.011923999999999999,
            "total_cpu_time": 1.904016,
            "max_rss": 51968,
            "exit_code": 0,
            "failed": false
        },
        {
            "index": 4,
            "input": 5000.0,
            "run_time": 1226049.0,
            "start_time": 1680003139421525009,
            "stop_time": 1680003139422751058,
            "ram_samples": [],
            "cpu_samples": [
                0.0,
                0.0,
                0.0,
                0.0,
                0.0,
                0.0,
                0.0,
                0.0,
                0.0,
                0.0,
                0.0,
                0.0,
                0.0,
                0.0,
                0.0,
                0.0
            ],
            "average_cpu_busy": 0.0,
            "user_cpu_time": 1.873047,
            "sys_cpu_time": 0.016042999999999998,
            "total_cpu_time": 1.88909,
            "max_rss": 52096,
            "exit_code": 0,
            "failed": false
        },
        {
            "index": 5,
            "input": 5000.0,
            "run_time": 1190944.0,
            "start_time": 1680003139597467832,
            "stop_time": 1680003139598658776,
            "ram_samples": [],
            "cpu_samples": [
                0.0,
                0.0,
                0.0,
                0.0,
                0.0,
                0.0,
                0.0,
                0.0,
                0.0,
                0.0,
                0.0,
                0.0,
                0.0,
                0.0,
                0.0,
                0.0
            ],
            "average_cpu_busy": 0.0,
            "user_cpu_time": 1.9558589999999998,
            "sys_cpu_time": 0.019998,
            "total_cpu_time": 1.9758569999999998,
            "max_rss": 51712,
            "exit_code": 0,
            "failed": false
        }
    ]
}