{
    "bench": "mandelbrot-1.java",
    "language": "java",
    "input": 2000.0,
    "average_runtime": 1140043.3333333333,
    "average_cpu_busy": 0.0,
    "average_ram_load": 0,
    "run_results": [
        {
            "index": 0,
            "input": 2000.0,
            "run_time": 1131703.0,
            "start_time": 1679756182744841824,
            "stop_time": 1679756182745973527,
            "ram_samples": [],
            "cpu_samples": [
                0.0,
                0.0,
                0.0,
                0.0,
                0.0,
                0.0,
                0.0,
                0.0,
                0.0,
                0.0,
                0.0,
                0.0,
                0.0,
                0.0,
                0.0,
                0.0
            ],
            "average_cpu_busy": 0.0,
            "user_cpu_time": 0.010329999999999999,
            "sys_cpu_time": 0.010329999999999999,
            "total_cpu_time": 0.020659999999999998,
            "max_rss": 38016,
            "exit_code": 256,
            "failed": false
        },
        {
            "index": 1,
            "input": 2000.0,
            "run_time": 1159024.0,
            "start_time": 1679756182766866573,
            "stop_time": 1679756182768025597,
            "ram_samples": [],
            "cpu_samples": [
                0.0,
                0.0,
                0.0,
                0.0,
                0.0,
                0.0,
                0.0,
                0.0,
                0.0,
                0.0,
                0.0,
                0.0,
                0.0,
                0.0,
                0.0,
                0.0
            ],
            "average_cpu_busy": 0.0,
            "user_cpu_time": 0.013384,
            "sys_cpu_time": 0.006692,
            "total_cpu_time": 0.020076,
            "max_rss": 38016,
            "exit_code": 256,
            "failed": false
        },
        {
            "index": 2,
            "input": 2000.0,
            "run_time": 1104272.0,
            "start_time": 1679756182788352491,
            "stop_time": 1679756182789456763,
            "ram_samples": [],
            "cpu_samples": [
                0.0,
                0.0,
                0.0,
                0.0,
                0.0,
                0.0,
                0.0,
                0.0,
                0.0,
                0.0,
                0.0,
                0.0,
                0.0,
                0.0,
                0.0,
                0.0
            ],
            "average_cpu_busy": 0.0,
            "user_cpu_time": 0.012412,
            "sys_cpu_time": 0.008274,
            "total_cpu_time": 0.020686,
            "max_rss": 37760,
            "exit_code": 256,
            "failed": false
        },
        {
            "index": 3,
            "input": 2000.0,
            "run_time": 1226780.0,
            "start_time": 1679756182810625767,
            "stop_time": 1679756182811852547,
            "ram_samples": [],
            "cpu_samples": [
                0.0,
                0.0,
                0.0,
                0.0,
                0.0,
                0.0,
                0.0,
                0.0,
                0.0,
                0.0,
                0.0,
                0.0,
                0.0,
                0.0,
                0.0,
                0.0
            ],
            "average_cpu_busy": 0.0,
            "user_cpu_time": 0.005064,
            "sys_cpu_time": 0.015193,
            "total_cpu_time": 0.020257,
            "max_rss": 37760,
            "exit_code": 256,
            "failed": false
        },
        {
            "index": 4,
            "input": 2000.0,
            "run_time": 1108790.0,
            "start_time": 1679756182832313353,
            "stop_time": 1679756182833422143,
            "ram_samples": [],
            "cpu_samples": [
                0.0,
                0.0,
                0.0,
                0.0,
                0.0,
                0.0,
                0.0,
                0.0,
                0.0,
                0.0,
                0.0,
                0.0,
                0.0,
                0.0,
                0.0,
                0.0
            ],
            "average_cpu_busy": 0.0,
            "user_cpu_time": 0.006585,
            "sys_cpu_time": 0.01317,
            "total_cpu_time": 0.019754999999999998,
            "max_rss": 37760,
            "exit_code": 256,
            "failed": false
        },
        {
            "index": 5,
            "input": 2000.0,
            "run_time": 1109691.0,
            "start_time": 1679756182853518014,
            "stop_time": 1679756182854627705,
            "ram_samples": [],
            "cpu_samples": [
                0.0,
                0.0,
                0.0,
                0.0,
                0.0,
                0.0,
                0.0,
                0.0,
                0.0,
                0.0,
                0.0,
                0.0,
                0.0,
                0.0,
                0.0,
                0.0
            ],
            "average_cpu_busy": 0.0,
            "user_cpu_time": 0.011812999999999999,
            "sys_cpu_time": 0.00886,
            "total_cpu_time": 0.020672999999999997,
            "max_rss": 38272,
            "exit_code": 256,
            "failed": false
        }
    ]
}