{
    "bench": "mandelbrot-3.cpp",
    "language": "cpp",
    "input": 2000.0,
    "average_run_time": 1020988.3333333334,
    "maximum_run_time": 1208817.0,
    "minimum_run_time": 912672.0,
    "average_cpu_time": 0.26540033333333335,
    "minimum_cpu_time": 0.263401,
    "maximum_cpu_time": 0.269428,
    "average_cpu_busy": 0,
    "average_ram_load": 0,
    "run_results": [
        {
            "index": 0,
            "input": 2000.0,
            "run_time": 921017.0,
            "start_time": 1680003202119694308,
            "stop_time": 1680003202120615325,
            "ram_samples": [],
            "cpu_samples": [
                0.0,
                0.0,
                0.0,
                0.0,
                0.0,
                0.0,
                0.0,
                0.0,
                0.0,
                0.0,
                0.0,
                0.0,
                0.0,
                0.0,
                0.0,
                0.0
            ],
            "average_cpu_busy": 0.0,
            "user_cpu_time": 0.263401,
            "sys_cpu_time": 0.0,
            "total_cpu_time": 0.263401,
            "max_rss": 19008,
            "exit_code": 0,
            "failed": false
        },
        {
            "index": 1,
            "input": 2000.0,
            "run_time": 912672.0,
            "start_time": 1680003202387723736,
            "stop_time": 1680003202388636408,
            "ram_samples": [],
            "cpu_samples": [
                0.0,
                0.0,
                0.0,
                0.0,
                0.0,
                0.0,
                0.0,
                0.0,
                0.0,
                0.0,
                0.0,
                0.0,
                0.0,
                0.0,
                0.0,
                0.0
            ],
            "average_cpu_busy": 0.0,
            "user_cpu_time": 0.269428,
            "sys_cpu_time": 0.0,
            "total_cpu_time": 0.269428,
            "max_rss": 19008,
            "exit_code": 0,
            "failed": false
        },
        {
            "index": 2,
            "input": 2000.0,
            "run_time": 1009844.0,
            "start_time": 1680003202665805128,
            "stop_time": 1680003202666814972,
            "ram_samples": [],
            "cpu_samples": [
                0.0,
                0.0,
                0.0,
                0.0,
                0.0,
                0.0,
                0.0,
                0.0,
                0.0,
                0.0,
                0.0,
                0.0,
                0.0,
                0.0,
                0.0,
                0.0
            ],
            "average_cpu_busy": 0.0,
            "user_cpu_time": 0.256366,
            "sys_cpu_time": 0.007888,
            "total_cpu_time": 0.264254,
            "max_rss": 19008,
            "exit_code": 0,
            "failed": false
        },
        {
            "index": 3,
            "input": 2000.0,
            "run_time": 990348.0,
            "start_time": 1680003202934213787,
            "stop_time": 1680003202935204135,
            "ram_samples": [],
            "cpu_samples": [
                0.0,
                0.0,
                100.0,
                0.0,
                0.0,
                0.0,
                0.0,
                0.0,
                0.0,
                0.0,
                0.0,
                0.0,
                0.0,
                0.0,
                0.0,
                0.0
            ],
            "average_cpu_busy": 9.90348e-07,
            "user_cpu_time": 0.264353,
            "sys_cpu_time": 0.0,
            "total_cpu_time": 0.264353,
            "max_rss": 19008,
            "exit_code": 0,
            "failed": false
        },
        {
            "index": 4,
            "input": 2000.0,
            "run_time": 1083232.0,
            "start_time": 1680003203203323522,
            "stop_time": 1680003203204406754,
            "ram_samples": [],
            "cpu_samples": [
                0.0,
                0.0,
                0.0,
                0.0,
                0.0,
                0.0,
                0.0,
                0.0,
                0.0,
                0.0,
                0.0,
                0.0,
                0.0,
                0.0,
                0.0,
                0.0
            ],
            "average_cpu_busy": 0.0,
            "user_cpu_time": 0.265104,
            "sys_cpu_time": 0.0,
            "total_cpu_time": 0.265104,
            "max_rss": 19012,
            "exit_code": 0,
            "failed": false
        },
        {
            "index": 5,
            "input": 2000.0,
            "run_time": 1208817.0,
            "start_time": 1680003203473347371,
            "stop_time": 1680003203474556188,
            "ram_samples": [],
            "cpu_samples": [
                0.0,
                0.0,
                0.0,
                0.0,
                0.0,
                0.0,
                0.0,
                0.0,
                0.0,
                0.0,
                0.0,
                0.0,
                0.0,
                0.0,
                0.0,
                0.0
            ],
            "average_cpu_busy": 0.0,
            "user_cpu_time": 0.261894,
            "sys_cpu_time": 0.003968,
            "total_cpu_time": 0.26586200000000004,
            "max_rss": 19016,
            "exit_code": 0,
            "failed": false
        }
    ]
}