{
    "bench": "mandelbrot-1.cpp",
    "language": "cpp",
    "input": 5000.0,
    "average_run_time": 954490.1666666666,
    "maximum_run_time": 1052524.0,
    "minimum_run_time": 917120.0,
    "average_cpu_time": 0.25872616666666665,
    "minimum_cpu_time": 0.23779199999999998,
    "maximum_cpu_time": 0.29913599999999996,
    "average_cpu_busy": 0,
    "average_ram_load": 0,
    "run_results": [
        {
            "index": 0,
            "input": 5000.0,
            "run_time": 922510.0,
            "start_time": 1680003201149365737,
            "stop_time": 1680003201150288247,
            "ram_samples": [],
            "cpu_samples": [
                0.0,
                0.0,
                0.0,
                0.0,
                0.0,
                0.0,
                0.0,
                0.0,
                0.0,
                0.0,
                0.0,
                0.0,
                0.0,
                0.0,
                0.0,
                0.0
            ],
            "average_cpu_busy": 0.0,
            "user_cpu_time": 0.235482,
            "sys_cpu_time": 0.007719999999999999,
            "total_cpu_time": 0.243202,
            "max_rss": 18964,
            "exit_code": 0,
            "failed": false
        },
        {
            "index": 1,
            "input": 5000.0,
            "run_time": 962906.0,
            "start_time": 1680003201170035044,
            "stop_time": 1680003201170997950,
            "ram_samples": [],
            "cpu_samples": [
                0.0,
                0.0,
                0.0,
                0.0,
                0.0,
                0.0,
                0.0,
                0.0,
                0.0,
                0.0,
                0.0,
                0.0,
                0.0,
                0.0,
                0.0,
                0.0
            ],
            "average_cpu_busy": 0.0,
            "user_cpu_time": 0.29539699999999997,
            "sys_cpu_time": 0.0037389999999999997,
            "total_cpu_time": 0.29913599999999996,
            "max_rss": 18964,
            "exit_code": 0,
            "failed": false
        },
        {
            "index": 2,
            "input": 5000.0,
            "run_time": 935655.0,
            "start_time": 1680003201194702810,
            "stop_time": 1680003201195638465,
            "ram_samples": [],
            "cpu_samples": [
                0.0,
                0.0,
                0.0,
                0.0,
                0.0,
                0.0,
                0.0,
                0.0,
                0.0,
                0.0,
                0.0,
                0.0,
                0.0,
                0.0,
                0.0,
                0.0
            ],
            "average_cpu_busy": 0.0,
            "user_cpu_time": 0.23779199999999998,
            "sys_cpu_time": 0.0,
            "total_cpu_time": 0.23779199999999998,
            "max_rss": 18964,
            "exit_code": 0,
            "failed": false
        },
        {
            "index": 3,
            "input": 5000.0,
            "run_time": 936226.0,
            "start_time": 1680003201214668527,
            "stop_time": 1680003201215604753,
            "ram_samples": [],
            "cpu_samples": [
                0.0,
                0.0,
                0.0,
                0.0,
                0.0,
                0.0,
                0.0,
                0.0,
                0.0,
                0.0,
                0.0,
                0.0,
                0.0,
                0.0,
                0.0,
                0.0
            ],
            "average_cpu_busy": 0.0,
            "user_cpu_time": 0.250503,
            "sys_cpu_time": 0.004175,
            "total_cpu_time": 0.25467799999999996,
            "max_rss": 18964,
            "exit_code": 0,
            "failed": false
        },
        {
            "index": 4,
            "input": 5000.0,
            "run_time": 917120.0,
            "start_time": 1680003201236182288,
            "stop_time": 1680003201237099408,
            "ram_samples": [],
            "cpu_samples": [
                0.0,
                0.0,
                0.0,
                0.0,
                0.0,
                0.0,
                0.0,
                0.0,
                0.0,
                0.0,
                0.0,
                0.0,
                0.0,
                0.0,
                0.0,
                0.0
            ],
            "average_cpu_busy": 0.0,
            "user_cpu_time": 0.251797,
            "sys_cpu_time": 0.008121999999999999,
            "total_cpu_time": 0.259919,
            "max_rss": 18964,
            "exit_code": 0,
            "failed": false
        },
        {
            "index": 5,
            "input": 5000.0,
            "run_time": 1052524.0,
            "start_time": 1680003201257986413,
            "stop_time": 1680003201259038937,
            "ram_samples": [],
            "cpu_samples": [
                0.0,
                0.0,
                0.0,
                0.0,
                0.0,
                0.0,
                0.0,
                0.0,
                0.0,
                0.0,
                0.0,
                0.0,
                0.0,
                0.0,
                0.0,
                0.0
            ],
            "average_cpu_busy": 0.0,
            "user_cpu_time": 0.24945199999999998,
            "sys_cpu_time": 0.008178,
            "total_cpu_time": 0.25762999999999997,
            "max_rss": 18964,
            "exit_code": 0,
            "failed": false
        }
    ]
}