{
    "bench": "mandelbrot-2.ada",
    "language": "ada",
    "input": 3000.0,
    "average_run_time": 1155310.3333333333,
    "maximum_run_time": 1385699.0,
    "minimum_run_time": 950893.0,
    "average_cpu_time": 0.5500336666666666,
    "minimum_cpu_time": 0.543953,
    "maximum_cpu_time": 0.556748,
    "average_cpu_busy": 0,
    "average_ram_load": 0,
    "run_results": [
        {
            "index": 0,
            "input": 3000.0,
            "run_time": 950893.0,
            "start_time": 1680003150180085520,
            "stop_time": 1680003150181036413,
            "ram_samples": [],
            "cpu_samples": [
                0.0,
                0.0,
                0.0,
                0.0,
                0.0,
                0.0,
                0.0,
                0.0,
                0.0,
                0.0,
                0.0,
                0.0,
                0.0,
                0.0,
                0.0,
                0.0
            ],
            "average_cpu_busy": 0.0,
            "user_cpu_time": 0.543953,
            "sys_cpu_time": 0.0,
            "total_cpu_time": 0.543953,
            "max_rss": 18084,
            "exit_code": 0,
            "failed": false
        },
        {
            "index": 1,
            "input": 3000.0,
            "run_time": 1364420.0,
            "start_time": 1680003150734420304,
            "stop_time": 1680003150735784724,
            "ram_samples": [],
            "cpu_samples": [
                0.0,
                0.0,
                0.0,
                0.0,
                0.0,
                0.0,
                0.0,
                0.0,
                0.0,
                0.0,
                0.0,
                0.0,
                0.0,
                0.0,
                0.0,
                0.0
            ],
            "average_cpu_busy": 0.0,
            "user_cpu_time": 0.547038,
            "sys_cpu_time": 0.0,
            "total_cpu_time": 0.547038,
            "max_rss": 18092,
            "exit_code": 0,
            "failed": false
        },
        {
            "index": 2,
            "input": 3000.0,
            "run_time": 1385699.0,
            "start_time": 1680003151286350289,
            "stop_time": 1680003151287735988,
            "ram_samples": [],
            "cpu_samples": [
                0.0,
                0.0,
                0.0,
                0.0,
                0.0,
                0.0,
                0.0,
                0.0,
                0.0,
                0.0,
                0.0,
                0.0,
                0.0,
                0.0,
                0.0,
                0.0
            ],
            "average_cpu_busy": 0.0,
            "user_cpu_time": 0.5434,
            "sys_cpu_time": 0.003994999999999999,
            "total_cpu_time": 0.547395,
            "max_rss": 18092,
            "exit_code": 0,
            "failed": false
        },
        {
            "index": 3,
            "input": 3000.0,
            "run_time": 952977.0,
            "start_time": 1680003151839314633,
            "stop_time": 1680003151840267610,
            "ram_samples": [],
            "cpu_samples": [
                0.0,
                0.0,
                0.0,
                0.0,
                0.0,
                0.0,
                0.0,
                0.0,
                0.0,
                0.0,
                0.0,
                0.0,
                0.0,
                0.0,
                0.0,
                0.0
            ],
            "average_cpu_busy": 0.0,
            "user_cpu_time": 0.5522659999999999,
            "sys_cpu_time": 0.0,
            "total_cpu_time": 0.5522659999999999,
            "max_rss": 18092,
            "exit_code": 0,
            "failed": false
        },
        {
            "index": 4,
            "input": 3000.0,
            "run_time": 1290481.0,
            "start_time": 1680003152396758709,
            "stop_time": 1680003152398049190,
            "ram_samples": [],
            "cpu_samples": [
                0.0,
                0.0,
                0.0,
                0.0,
                0.0,
                0.0,
                0.0,
                0.0,
                0.0,
                0.0,
                0.0,
                0.0,
                0.0,
                0.0,
                0.0,
                0.0
            ],
            "average_cpu_busy": 0.0,
            "user_cpu_time": 0.552802,
            "sys_cpu_time": 0.0,
            "total_cpu_time": 0.552802,
            "max_rss": 18092,
            "exit_code": 0,
            "failed": false
        },
        {
            "index": 5,
            "input": 3000.0,
            "run_time": 987392.0,
            "start_time": 1680003152954749641,
            "stop_time": 1680003152955737033,
            "ram_samples": [],
            "cpu_samples": [
                0.0,
                0.0,
                0.0,
                0.0,
                0.0,
                0.0,
                0.0,
                0.0,
                0.0,
                0.0,
                0.0,
                0.0,
                0.0,
                0.0,
                0.0,
                0.0
            ],
            "average_cpu_busy": 0.0,
            "user_cpu_time": 0.556748,
            "sys_cpu_time": 0.0,
            "total_cpu_time": 0.556748,
            "max_rss": 18092,
            "exit_code": 0,
            "failed": false
        }
    ]
}