{
    "bench": "mandelbrot-1.c",
    "language": "c",
    "input": 2000.0,
    "average_runtime": 937475.1666666666,
    "average_cpu_busy": 0.0,
    "average_ram_load": 0,
    "run_results": [
        {
            "index": 0,
            "input": 2000.0,
            "run_time": 953539.0,
            "start_time": 1679835055837540300,
            "stop_time": 1679835055838493839,
            "ram_samples": [],
            "cpu_samples": [
                0.0,
                0.0,
                0.0,
                0.0,
                0.0,
                0.0,
                0.0,
                0.0,
                0.0,
                0.0,
                0.0,
                0.0,
                0.0,
                0.0,
                0.0,
                0.0
            ],
            "average_cpu_busy": 0.0,
            "user_cpu_time": 0.12717699999999998,
            "sys_cpu_time": 0.007481,
            "total_cpu_time": 0.13465799999999997,
            "max_rss": 17708,
            "exit_code": 0,
            "failed": false
        },
        {
            "index": 1,
            "input": 2000.0,
            "run_time": 994585.0,
            "start_time": 1679835055859215674,
            "stop_time": 1679835055860210259,
            "ram_samples": [],
            "cpu_samples": [
                0.0,
                0.0,
                0.0,
                0.0,
                0.0,
                0.0,
                0.0,
                0.0,
                0.0,
                0.0,
                0.0,
                0.0,
                0.0,
                0.0,
                0.0,
                0.0
            ],
            "average_cpu_busy": 0.0,
            "user_cpu_time": 0.134121,
            "sys_cpu_time": 0.0,
            "total_cpu_time": 0.134121,
            "max_rss": 17712,
            "exit_code": 0,
            "failed": false
        },
        {
            "index": 2,
            "input": 2000.0,
            "run_time": 838894.0,
            "start_time": 1679835055879909827,
            "stop_time": 1679835055880748721,
            "ram_samples": [],
            "cpu_samples": [
                0.0,
                0.0,
                0.0,
                0.0,
                0.0,
                0.0,
                0.0,
                0.0,
                0.0,
                0.0,
                0.0,
                0.0,
                0.0,
                0.0,
                0.0,
                0.0
            ],
            "average_cpu_busy": 0.0,
            "user_cpu_time": 0.129816,
            "sys_cpu_time": 0.0,
            "total_cpu_time": 0.129816,
            "max_rss": 17716,
            "exit_code": 0,
            "failed": false
        },
        {
            "index": 3,
            "input": 2000.0,
            "run_time": 820729.0,
            "start_time": 1679835055899646335,
            "stop_time": 1679835055900467064,
            "ram_samples": [],
            "cpu_samples": [
                0.0,
                0.0,
                0.0,
                0.0,
                0.0,
                0.0,
                0.0,
                0.0,
                0.0,
                0.0,
                0.0,
                0.0,
                0.0,
                0.0,
                0.0,
                0.0
            ],
            "average_cpu_busy": 0.0,
            "user_cpu_time": 0.126264,
            "sys_cpu_time": 0.0,
            "total_cpu_time": 0.126264,
            "max_rss": 17724,
            "exit_code": 0,
            "failed": false
        },
        {
            "index": 4,
            "input": 2000.0,
            "run_time": 1088111.0,
            "start_time": 1679835055919563290,
            "stop_time": 1679835055920651401,
            "ram_samples": [],
            "cpu_samples": [
                0.0,
                0.0,
                0.0,
                0.0,
                0.0,
                0.0,
                0.0,
                0.0,
                0.0,
                0.0,
                0.0,
                0.0,
                0.0,
                0.0,
                0.0,
                0.0
            ],
            "average_cpu_busy": 0.0,
            "user_cpu_time": 0.12991,
            "sys_cpu_time": 0.0,
            "total_cpu_time": 0.12991,
            "max_rss": 17728,
            "exit_code": 0,
            "failed": false
        },
        {
            "index": 5,
            "input": 2000.0,
            "run_time": 928993.0,
            "start_time": 1679835055941123718,
            "stop_time": 1679835055942052711,
            "ram_samples": [],
            "cpu_samples": [
                0.0,
                0.0,
                0.0,
                0.0,
                0.0,
                0.0,
                0.0,
                0.0,
                0.0,
                0.0,
                0.0,
                0.0,
                0.0,
                0.0,
                0.0,
                0.0
            ],
            "average_cpu_busy": 0.0,
            "user_cpu_time": 0.12717599999999998,
            "sys_cpu_time": 0.0,
            "total_cpu_time": 0.12717599999999998,
            "max_rss": 17728,
            "exit_code": 0,
            "failed": false
        }
    ],
    "maximum_runtime": 1088111.0,
    "minimum_runtime": 820729.0
}