{
    "bench": "mandelbrot-3.ada",
    "language": "ada",
    "input": 3000.0,
    "average_run_time": 921323.0,
    "maximum_run_time": 940514.0,
    "minimum_run_time": 894838.0,
    "average_cpu_time": 0.41864999999999997,
    "minimum_cpu_time": 0.41190899999999997,
    "maximum_cpu_time": 0.426477,
    "average_cpu_busy": 0,
    "average_ram_load": 0,
    "run_results": [
        {
            "index": 0,
            "input": 3000.0,
            "run_time": 894838.0,
            "start_time": 1680003190991158762,
            "stop_time": 1680003190992053600,
            "ram_samples": [],
            "cpu_samples": [
                0.0,
                0.0,
                0.0,
                0.0,
                0.0,
                0.0,
                0.0,
                0.0,
                0.0,
                0.0,
                0.0,
                0.0,
                0.0,
                0.0,
                0.0,
                0.0
            ],
            "average_cpu_busy": 0.0,
            "user_cpu_time": 0.41234299999999996,
            "sys_cpu_time": 0.004123,
            "total_cpu_time": 0.41646599999999995,
            "max_rss": 18476,
            "exit_code": 0,
            "failed": false
        },
        {
            "index": 1,
            "input": 3000.0,
            "run_time": 915337.0,
            "start_time": 1680003191043450749,
            "stop_time": 1680003191044366086,
            "ram_samples": [],
            "cpu_samples": [
                0.0,
                0.0,
                0.0,
                0.0,
                0.0,
                0.0,
                0.0,
                0.0,
                0.0,
                0.0,
                0.0,
                0.0,
                0.0,
                0.0,
                0.0,
                0.0
            ],
            "average_cpu_busy": 0.0,
            "user_cpu_time": 0.418775,
            "sys_cpu_time": 0.0,
            "total_cpu_time": 0.418775,
            "max_rss": 18476,
            "exit_code": 0,
            "failed": false
        },
        {
            "index": 2,
            "input": 3000.0,
            "run_time": 928221.0,
            "start_time": 1680003191095267876,
            "stop_time": 1680003191096196097,
            "ram_samples": [],
            "cpu_samples": [
                0.0,
                0.0,
                0.0,
                0.0,
                0.0,
                0.0,
                0.0,
                0.0,
                0.0,
                0.0,
                0.0,
                0.0,
                0.0,
                0.0,
                0.0,
                0.0
            ],
            "average_cpu_busy": 0.0,
            "user_cpu_time": 0.40884899999999996,
            "sys_cpu_time": 0.012024,
            "total_cpu_time": 0.42087299999999994,
            "max_rss": 18476,
            "exit_code": 0,
            "failed": false
        },
        {
            "index": 3,
            "input": 3000.0,
            "run_time": 938841.0,
            "start_time": 1680003191145620686,
            "stop_time": 1680003191146559527,
            "ram_samples": [],
            "cpu_samples": [
                0.0,
                0.0,
                0.0,
                0.0,
                0.0,
                0.0,
                0.0,
                0.0,
                0.0,
                0.0,
                0.0,
                0.0,
                0.0,
                0.0,
                0.0,
                0.0
            ],
            "average_cpu_busy": 0.0,
            "user_cpu_time": 0.405806,
            "sys_cpu_time": 0.011594,
            "total_cpu_time": 0.4174,
            "max_rss": 18480,
            "exit_code": 0,
            "failed": false
        },
        {
            "index": 4,
            "input": 3000.0,
            "run_time": 940514.0,
            "start_time": 1680003191196574875,
            "stop_time": 1680003191197515389,
            "ram_samples": [],
            "cpu_samples": [
                0.0,
                0.0,
                0.0,
                0.0,
                0.0,
                0.0,
                0.0,
                0.0,
                0.0,
                0.0,
                0.0,
                0.0,
                0.0,
                0.0,
                0.0,
                0.0
            ],
            "average_cpu_busy": 0.0,
            "user_cpu_time": 0.407871,
            "sys_cpu_time": 0.004038,
            "total_cpu_time": 0.41190899999999997,
            "max_rss": 18480,
            "exit_code": 0,
            "failed": false
        },
        {
            "index": 5,
            "input": 3000.0,
            "run_time": 910187.0,
            "start_time": 1680003191248898672,
            "stop_time": 1680003191249808859,
            "ram_samples": [],
            "cpu_samples": [
                0.0,
                0.0,
                0.0,
                0.0,
                0.0,
                0.0,
                0.0,
                0.0,
                0.0,
                0.0,
                0.0,
                0.0,
                0.0,
                0.0,
                0.0,
                0.0
            ],
            "average_cpu_busy": 0.0,
            "user_cpu_time": 0.426477,
            "sys_cpu_time": 0.0,
            "total_cpu_time": 0.426477,
            "max_rss": 18484,
            "exit_code": 0,
            "failed": false
        }
    ]
}