{
    "bench": "mandelbrot-3.cpp",
    "language": "cpp",
    "input": 1000.0,
    "average_run_time": 942846.6666666666,
    "maximum_run_time": 994526.0,
    "minimum_run_time": 871444.0,
    "average_cpu_time": 0.06826966666666666,
    "minimum_cpu_time": 0.067247,
    "maximum_cpu_time": 0.06945699999999999,
    "average_cpu_busy": 0,
    "average_ram_load": 0,
    "run_results": [
        {
            "index": 0,
            "input": 1000.0,
            "run_time": 973606.0,
            "start_time": 1680003201681631039,
            "stop_time": 1680003201682604645,
            "ram_samples": [],
            "cpu_samples": [
                0.0,
                0.0,
                0.0,
                0.0,
                0.0,
                0.0,
                0.0,
                0.0,
                0.0,
                0.0,
                0.0,
                0.0,
                0.0,
                0.0,
                0.0,
                0.0
            ],
            "average_cpu_busy": 0.0,
            "user_cpu_time": 0.06358799999999999,
            "sys_cpu_time": 0.003974,
            "total_cpu_time": 0.067562,
            "max_rss": 18996,
            "exit_code": 0,
            "failed": false
        },
        {
            "index": 1,
            "input": 1000.0,
            "run_time": 994526.0,
            "start_time": 1680003201754277973,
            "stop_time": 1680003201755272499,
            "ram_samples": [],
            "cpu_samples": [
                0.0,
                0.0,
                0.0,
                0.0,
                0.0,
                0.0,
                0.0,
                0.0,
                0.0,
                0.0,
                0.0,
                0.0,
                0.0,
                0.0,
                0.0,
                0.0
            ],
            "average_cpu_busy": 0.0,
            "user_cpu_time": 0.06881899999999999,
            "sys_cpu_time": 0.0,
            "total_cpu_time": 0.06881899999999999,
            "max_rss": 18996,
            "exit_code": 0,
            "failed": false
        },
        {
            "index": 2,
            "input": 1000.0,
            "run_time": 898265.0,
            "start_time": 1680003201827060342,
            "stop_time": 1680003201827958607,
            "ram_samples": [],
            "cpu_samples": [
                0.0,
                0.0,
                0.0,
                0.0,
                0.0,
                0.0,
                0.0,
                0.0,
                0.0,
                0.0,
                0.0,
                0.0,
                0.0,
                0.0,
                0.0,
                0.0
            ],
            "average_cpu_busy": 0.0,
            "user_cpu_time": 0.067545,
            "sys_cpu_time": 0.0,
            "total_cpu_time": 0.067545,
            "max_rss": 18996,
            "exit_code": 0,
            "failed": false
        },
        {
            "index": 3,
            "input": 1000.0,
            "run_time": 980519.0,
            "start_time": 1680003201898886547,
            "stop_time": 1680003201899867066,
            "ram_samples": [],
            "cpu_samples": [
                0.0,
                0.0,
                0.0,
                0.0,
                0.0,
                0.0,
                0.0,
                0.0,
                0.0,
                0.0,
                0.0,
                0.0,
                0.0,
                0.0,
                0.0,
                0.0
            ],
            "average_cpu_busy": 0.0,
            "user_cpu_time": 0.06945699999999999,
            "sys_cpu_time": 0.0,
            "total_cpu_time": 0.06945699999999999,
            "max_rss": 19000,
            "exit_code": 0,
            "failed": false
        },
        {
            "index": 4,
            "input": 1000.0,
            "run_time": 871444.0,
            "start_time": 1680003201972558865,
            "stop_time": 1680003201973430309,
            "ram_samples": [],
            "cpu_samples": [
                0.0,
                0.0,
                0.0,
                0.0,
                0.0,
                0.0,
                0.0,
                0.0,
                0.0,
                0.0,
                0.0,
                0.0,
                0.0,
                0.0,
                0.0,
                0.0
            ],
            "average_cpu_busy": 0.0,
            "user_cpu_time": 0.067247,
            "sys_cpu_time": 0.0,
            "total_cpu_time": 0.067247,
            "max_rss": 19000,
            "exit_code": 0,
            "failed": false
        },
        {
            "index": 5,
            "input": 1000.0,
            "run_time": 938720.0,
            "start_time": 1680003202044497451,
            "stop_time": 1680003202045436171,
            "ram_samples": [],
            "cpu_samples": [
                0.0,
                0.0,
                0.0,
                0.0,
                0.0,
                0.0,
                0.0,
                0.0,
                0.0,
                0.0,
                0.0,
                0.0,
                0.0,
                0.0,
                0.0,
                0.0
            ],
            "average_cpu_busy": 0.0,
            "user_cpu_time": 0.06493,
            "sys_cpu_time": 0.004058,
            "total_cpu_time": 0.06898800000000001,
            "max_rss": 19004,
            "exit_code": 0,
            "failed": false
        }
    ]
}