{
    "bench": "mandelbrot-4.java",
    "language": "java",
    "input": 2000.0,
    "average_runtime": 1120650.6666666667,
    "average_cpu_busy": 0.0,
    "average_ram_load": 0,
    "run_results": [
        {
            "index": 0,
            "input": 2000.0,
            "run_time": 1064788.0,
            "start_time": 1679835050820126621,
            "stop_time": 1679835050821191409,
            "ram_samples": [],
            "cpu_samples": [
                0.0,
                0.0,
                0.0,
                0.0,
                0.0,
                0.0,
                0.0,
                0.0,
                0.0,
                0.0,
                0.0,
                0.0,
                0.0,
                0.0,
                0.0,
                0.0
            ],
            "average_cpu_busy": 0.0,
            "user_cpu_time": 1.87209,
            "sys_cpu_time": 0.023797,
            "total_cpu_time": 1.895887,
            "max_rss": 51200,
            "exit_code": 0,
            "failed": false
        },
        {
            "index": 1,
            "input": 2000.0,
            "run_time": 1102779.0,
            "start_time": 1679835050990989156,
            "stop_time": 1679835050992091935,
            "ram_samples": [],
            "cpu_samples": [
                0.0,
                0.0,
                0.0,
                0.0,
                0.0,
                0.0,
                0.0,
                0.0,
                0.0,
                0.0,
                0.0,
                0.0,
                0.0,
                0.0,
                0.0,
                0.0
            ],
            "average_cpu_busy": 0.0,
            "user_cpu_time": 1.912582,
            "sys_cpu_time": 0.016242,
            "total_cpu_time": 1.928824,
            "max_rss": 51584,
            "exit_code": 0,
            "failed": false
        },
        {
            "index": 2,
            "input": 2000.0,
            "run_time": 1267808.0,
            "start_time": 1679835051170605810,
            "stop_time": 1679835051171873618,
            "ram_samples": [],
            "cpu_samples": [
                0.0,
                0.0,
                0.0,
                0.0,
                0.0,
                0.0,
                0.0,
                0.0,
                0.0,
                0.0,
                0.0,
                0.0,
                0.0,
                0.0,
                0.0,
                0.0
            ],
            "average_cpu_busy": 0.0,
            "user_cpu_time": 1.953688,
            "sys_cpu_time": 0.020141,
            "total_cpu_time": 1.973829,
            "max_rss": 51456,
            "exit_code": 0,
            "failed": false
        },
        {
            "index": 3,
            "input": 2000.0,
            "run_time": 1091618.0,
            "start_time": 1679835051342726224,
            "stop_time": 1679835051343817842,
            "ram_samples": [],
            "cpu_samples": [
                0.0,
                0.0,
                0.0,
                0.0,
                0.0,
                0.0,
                0.0,
                0.0,
                0.0,
                0.0,
                0.0,
                0.0,
                0.0,
                0.0,
                0.0,
                0.0
            ],
            "average_cpu_busy": 0.0,
            "user_cpu_time": 1.826139,
            "sys_cpu_time": 0.028155999999999997,
            "total_cpu_time": 1.854295,
            "max_rss": 51584,
            "exit_code": 0,
            "failed": false
        },
        {
            "index": 4,
            "input": 2000.0,
            "run_time": 1104031.0,
            "start_time": 1679835051523088256,
            "stop_time": 1679835051524192287,
            "ram_samples": [],
            "cpu_samples": [
                0.0,
                0.0,
                0.0,
                0.0,
                0.0,
                0.0,
                0.0,
                0.0,
                0.0,
                0.0,
                0.0,
                0.0,
                0.0,
                0.0,
                0.0,
                0.0
            ],
            "average_cpu_busy": 0.0,
            "user_cpu_time": 1.94366,
            "sys_cpu_time": 0.019955,
            "total_cpu_time": 1.9636149999999999,
            "max_rss": 51328,
            "exit_code": 0,
            "failed": false
        },
        {
            "index": 5,
            "input": 2000.0,
            "run_time": 1092880.0,
            "start_time": 1679835051705436263,
            "stop_time": 1679835051706529143,
            "ram_samples": [],
            "cpu_samples": [
                0.0,
                0.0,
                0.0,
                0.0,
                0.0,
                0.0,
                0.0,
                0.0,
                0.0,
                0.0,
                0.0,
                0.0,
                0.0,
                0.0,
                0.0,
                0.0
            ],
            "average_cpu_busy": 0.0,
            "user_cpu_time": 1.86022,
            "sys_cpu_time": 0.027587999999999998,
            "total_cpu_time": 1.887808,
            "max_rss": 51968,
            "exit_code": 0,
            "failed": false
        }
    ],
    "maximum_runtime": 1267808.0,
    "minimum_runtime": 1064788.0
}