{
    "bench": "mandelbrot-3.ada",
    "language": "ada",
    "input": 1000.0,
    "average_run_time": 913866.0,
    "maximum_run_time": 983876.0,
    "minimum_run_time": 875883.0,
    "average_cpu_time": 0.05103649999999999,
    "minimum_cpu_time": 0.049082,
    "maximum_cpu_time": 0.05232799999999999,
    "average_cpu_busy": 0,
    "average_ram_load": 0,
    "run_results": [
        {
            "index": 0,
            "input": 1000.0,
            "run_time": 983876.0,
            "start_time": 1679838002639917803,
            "stop_time": 1679838002640901679,
            "ram_samples": [],
            "cpu_samples": [
                0.0,
                0.0,
                0.0,
                0.0,
                0.0,
                0.0,
                0.0,
                0.0,
                0.0,
                0.0,
                0.0,
                0.0,
                0.0,
                0.0,
                0.0,
                0.0
            ],
            "average_cpu_busy": 0.0,
            "user_cpu_time": 0.048590999999999995,
            "sys_cpu_time": 0.003737,
            "total_cpu_time": 0.05232799999999999,
            "max_rss": 17904,
            "exit_code": 0,
            "failed": false
        },
        {
            "index": 1,
            "input": 1000.0,
            "run_time": 917091.0,
            "start_time": 1679838002662498675,
            "stop_time": 1679838002663415766,
            "ram_samples": [],
            "cpu_samples": [
                0.0,
                0.0,
                0.0,
                0.0,
                0.0,
                0.0,
                0.0,
                0.0,
                0.0,
                0.0,
                0.0,
                0.0,
                0.0,
                0.0,
                0.0,
                0.0
            ],
            "average_cpu_busy": 0.0,
            "user_cpu_time": 0.052233999999999996,
            "sys_cpu_time": 0.0,
            "total_cpu_time": 0.052233999999999996,
            "max_rss": 17908,
            "exit_code": 0,
            "failed": false
        },
        {
            "index": 2,
            "input": 1000.0,
            "run_time": 875883.0,
            "start_time": 1679838002683712293,
            "stop_time": 1679838002684588176,
            "ram_samples": [],
            "cpu_samples": [
                0.0,
                0.0,
                0.0,
                0.0,
                0.0,
                0.0,
                0.0,
                0.0,
                0.0,
                0.0,
                0.0,
                0.0,
                0.0,
                0.0,
                0.0,
                0.0
            ],
            "average_cpu_busy": 0.0,
            "user_cpu_time": 0.025803,
            "sys_cpu_time": 0.025803,
            "total_cpu_time": 0.051606,
            "max_rss": 17908,
            "exit_code": 0,
            "failed": false
        },
        {
            "index": 3,
            "input": 1000.0,
            "run_time": 923412.0,
            "start_time": 1679838002704762785,
            "stop_time": 1679838002705686197,
            "ram_samples": [],
            "cpu_samples": [
                0.0,
                0.0,
                0.0,
                0.0,
                0.0,
                0.0,
                0.0,
                0.0,
                0.0,
                0.0,
                0.0,
                0.0,
                0.0,
                0.0,
                0.0,
                0.0
            ],
            "average_cpu_busy": 0.0,
            "user_cpu_time": 0.042699999999999995,
            "sys_cpu_time": 0.007116,
            "total_cpu_time": 0.04981599999999999,
            "max_rss": 17908,
            "exit_code": 0,
            "failed": false
        },
        {
            "index": 4,
            "input": 1000.0,
            "run_time": 885221.0,
            "start_time": 1679838002725051247,
            "stop_time": 1679838002725936468,
            "ram_samples": [],
            "cpu_samples": [
                0.0,
                0.0,
                0.0,
                0.0,
                0.0,
                0.0,
                0.0,
                0.0,
                0.0,
                0.0,
                0.0,
                0.0,
                0.0,
                0.0,
                0.0,
                0.0
            ],
            "average_cpu_busy": 0.0,
            "user_cpu_time": 0.047956,
            "sys_cpu_time": 0.0031969999999999998,
            "total_cpu_time": 0.051153,
            "max_rss": 17908,
            "exit_code": 0,
            "failed": false
        },
        {
            "index": 5,
            "input": 1000.0,
            "run_time": 897713.0,
            "start_time": 1679838002745597153,
            "stop_time": 1679838002746494866,
            "ram_samples": [],
            "cpu_samples": [
                0.0,
                0.0,
                0.0,
                0.0,
                0.0,
                0.0,
                0.0,
                0.0,
                0.0,
                0.0,
                0.0,
                0.0,
                0.0,
                0.0,
                0.0,
                0.0
            ],
            "average_cpu_busy": 0.0,
            "user_cpu_time": 0.049082,
            "sys_cpu_time": 0.0,
            "total_cpu_time": 0.049082,
            "max_rss": 17908,
            "exit_code": 0,
            "failed": false
        }
    ]
}