{
    "bench": "mandelbrot-4.c",
    "language": "c",
    "input": 1000.0,
    "average_runtime": 868377.6666666666,
    "average_cpu_busy": 0.0,
    "average_ram_load": 0,
    "run_results": [
        {
            "index": 0,
            "input": 1000.0,
            "run_time": 857646.0,
            "start_time": 1679663711291909036,
            "stop_time": 1679663711292766682,
            "ram_samples": [],
            "cpu_samples": [
                0.0,
                0.0,
                0.0,
                0.0,
                0.0,
                0.0,
                0.0,
                0.0,
                0.0,
                0.0,
                0.0,
                0.0,
                0.0,
                0.0,
                0.0,
                0.0
            ],
            "average_cpu_busy": 0.0,
            "user_cpu_time": 0.050872999999999995,
            "sys_cpu_time": 0.0,
            "total_cpu_time": 0.050872999999999995,
            "max_rss": 17884,
            "exit_code": 0,
            "failed": false
        },
        {
            "index": 1,
            "input": 1000.0,
            "run_time": 892071.0,
            "start_time": 1679663711298827099,
            "stop_time": 1679663711299719170,
            "ram_samples": [],
            "cpu_samples": [
                0.0,
                0.0,
                0.0,
                0.0,
                0.0,
                0.0,
                0.0,
                0.0,
                0.0,
                0.0,
                0.0,
                0.0,
                0.0,
                0.0,
                0.0,
                0.0
            ],
            "average_cpu_busy": 0.0,
            "user_cpu_time": 0.060823999999999996,
            "sys_cpu_time": 0.0,
            "total_cpu_time": 0.060823999999999996,
            "max_rss": 17888,
            "exit_code": 0,
            "failed": false
        },
        {
            "index": 2,
            "input": 1000.0,
            "run_time": 819513.0,
            "start_time": 1679663711306572949,
            "stop_time": 1679663711307392462,
            "ram_samples": [],
            "cpu_samples": [
                0.0,
                0.0,
                0.0,
                0.0,
                0.0,
                0.0,
                0.0,
                0.0,
                0.0,
                0.0,
                0.0,
                0.0,
                0.0,
                0.0,
                0.0,
                0.0
            ],
            "average_cpu_busy": 0.0,
            "user_cpu_time": 0.037805,
            "sys_cpu_time": 0.0,
            "total_cpu_time": 0.037805,
            "max_rss": 17888,
            "exit_code": 0,
            "failed": false
        },
        {
            "index": 3,
            "input": 1000.0,
            "run_time": 862976.0,
            "start_time": 1679663711312301163,
            "stop_time": 1679663711313164139,
            "ram_samples": [],
            "cpu_samples": [
                0.0,
                0.0,
                0.0,
                0.0,
                0.0,
                0.0,
                0.0,
                0.0,
                0.0,
                0.0,
                0.0,
                0.0,
                0.0,
                0.0,
                0.0,
                0.0
            ],
            "average_cpu_busy": 0.0,
            "user_cpu_time": 0.037933999999999996,
            "sys_cpu_time": 0.0,
            "total_cpu_time": 0.037933999999999996,
            "max_rss": 17888,
            "exit_code": 0,
            "failed": false
        },
        {
            "index": 4,
            "input": 1000.0,
            "run_time": 850271.0,
            "start_time": 1679663711318304221,
            "stop_time": 1679663711319154492,
            "ram_samples": [],
            "cpu_samples": [
                0.0,
                0.0,
                0.0,
                0.0,
                0.0,
                0.0,
                0.0,
                0.0,
                0.0,
                0.0,
                0.0,
                0.0,
                0.0,
                0.0,
                0.0,
                0.0
            ],
            "average_cpu_busy": 0.0,
            "user_cpu_time": 0.10668599999999999,
            "sys_cpu_time": 0.0,
            "total_cpu_time": 0.10668599999999999,
            "max_rss": 17888,
            "exit_code": 0,
            "failed": false
        },
        {
            "index": 5,
            "input": 1000.0,
            "run_time": 927789.0,
            "start_time": 1679663711329558523,
            "stop_time": 1679663711330486312,
            "ram_samples": [],
            "cpu_samples": [
                0.0,
                0.0,
                0.0,
                0.0,
                0.0,
                0.0,
                0.0,
                0.0,
                0.0,
                0.0,
                0.0,
                0.0,
                0.0,
                0.0,
                0.0,
                0.0
            ],
            "average_cpu_busy": 0.0,
            "user_cpu_time": 0.0,
            "sys_cpu_time": 0.03943,
            "total_cpu_time": 0.03943,
            "max_rss": 17888,
            "exit_code": 0,
            "failed": false
        }
    ]
}