{
    "bench": "mandelbrot-1.rust",
    "language": "rust",
    "input": 1000.0,
    "average_runtime": 902526.1666666666,
    "average_cpu_busy": 1.4616416666666668e-07,
    "average_ram_load": 0,
    "run_results": [
        {
            "index": 0,
            "input": 1000.0,
            "run_time": 950082.0,
            "start_time": 1679756183317743222,
            "stop_time": 1679756183318693304,
            "ram_samples": [],
            "cpu_samples": [
                0.0,
                0.0,
                0.0,
                0.0,
                0.0,
                0.0,
                0.0,
                0.0,
                0.0,
                0.0,
                0.0,
                0.0,
                0.0,
                0.0,
                0.0,
                0.0
            ],
            "average_cpu_busy": 0.0,
            "user_cpu_time": 0.028357999999999998,
            "sys_cpu_time": 0.009452,
            "total_cpu_time": 0.037809999999999996,
            "max_rss": 17868,
            "exit_code": 0,
            "failed": false
        },
        {
            "index": 1,
            "input": 1000.0,
            "run_time": 876985.0,
            "start_time": 1679756183326175627,
            "stop_time": 1679756183327052612,
            "ram_samples": [],
            "cpu_samples": [
                0.0,
                0.0,
                0.0,
                0.0,
                0.0,
                0.0,
                0.0,
                0.0,
                0.0,
                0.0,
                0.0,
                100.0,
                0.0,
                0.0,
                0.0,
                0.0
            ],
            "average_cpu_busy": 8.76985e-07,
            "user_cpu_time": 0.027104,
            "sys_cpu_time": 0.0,
            "total_cpu_time": 0.027104,
            "max_rss": 17868,
            "exit_code": 0,
            "failed": false
        },
        {
            "index": 2,
            "input": 1000.0,
            "run_time": 916489.0,
            "start_time": 1679756183332610967,
            "stop_time": 1679756183333527456,
            "ram_samples": [],
            "cpu_samples": [
                0.0,
                0.0,
                0.0,
                0.0,
                0.0,
                0.0,
                0.0,
                0.0,
                0.0,
                0.0,
                0.0,
                0.0,
                0.0,
                0.0,
                0.0,
                0.0
            ],
            "average_cpu_busy": 0.0,
            "user_cpu_time": 0.028454,
            "sys_cpu_time": 0.0,
            "total_cpu_time": 0.028454,
            "max_rss": 17872,
            "exit_code": 0,
            "failed": false
        },
        {
            "index": 3,
            "input": 1000.0,
            "run_time": 839905.0,
            "start_time": 1679756183339672522,
            "stop_time": 1679756183340512427,
            "ram_samples": [],
            "cpu_samples": [
                0.0,
                0.0,
                0.0,
                0.0,
                0.0,
                0.0,
                0.0,
                0.0,
                0.0,
                0.0,
                0.0,
                0.0,
                0.0,
                0.0,
                0.0,
                0.0
            ],
            "average_cpu_busy": 0.0,
            "user_cpu_time": 0.027871999999999997,
            "sys_cpu_time": 0.0,
            "total_cpu_time": 0.027871999999999997,
            "max_rss": 17872,
            "exit_code": 0,
            "failed": false
        },
        {
            "index": 4,
            "input": 1000.0,
            "run_time": 929113.0,
            "start_time": 1679756183346479128,
            "stop_time": 1679756183347408241,
            "ram_samples": [],
            "cpu_samples": [
                0.0,
                0.0,
                0.0,
                0.0,
                0.0,
                0.0,
                0.0,
                0.0,
                0.0,
                0.0,
                0.0,
                0.0,
                0.0,
                0.0,
                0.0,
                0.0
            ],
            "average_cpu_busy": 0.0,
            "user_cpu_time": 0.029495999999999998,
            "sys_cpu_time": 0.0,
            "total_cpu_time": 0.029495999999999998,
            "max_rss": 17872,
            "exit_code": 0,
            "failed": false
        },
        {
            "index": 5,
            "input": 1000.0,
            "run_time": 902583.0,
            "start_time": 1679756183353584755,
            "stop_time": 1679756183354487338,
            "ram_samples": [],
            "cpu_samples": [
                0.0,
                0.0,
                0.0,
                0.0,
                0.0,
                0.0,
                0.0,
                0.0,
                0.0,
                0.0,
                0.0,
                0.0,
                0.0,
                0.0,
                0.0,
                0.0
            ],
            "average_cpu_busy": 0.0,
            "user_cpu_time": 0.0,
            "sys_cpu_time": 0.027889999999999998,
            "total_cpu_time": 0.027889999999999998,
            "max_rss": 17872,
            "exit_code": 0,
            "failed": false
        }
    ]
}