{
    "bench": "mandelbrot-3.ada",
    "language": "ada",
    "input": 1000.0,
    "average_runtime": 936109.1666666666,
    "average_cpu_busy": 0.0,
    "average_ram_load": 0,
    "run_results": [
        {
            "index": 0,
            "input": 1000.0,
            "run_time": 962385.0,
            "start_time": 1679756180264448258,
            "stop_time": 1679756180265410643,
            "ram_samples": [],
            "cpu_samples": [
                0.0,
                0.0,
                0.0,
                0.0,
                0.0,
                0.0,
                0.0,
                0.0,
                0.0,
                0.0,
                0.0,
                0.0,
                0.0,
                0.0,
                0.0,
                0.0
            ],
            "average_cpu_busy": 0.0,
            "user_cpu_time": 0.037056,
            "sys_cpu_time": 0.016468999999999998,
            "total_cpu_time": 0.053524999999999996,
            "max_rss": 17708,
            "exit_code": 0,
            "failed": false
        },
        {
            "index": 1,
            "input": 1000.0,
            "run_time": 928231.0,
            "start_time": 1679756180285227291,
            "stop_time": 1679756180286155522,
            "ram_samples": [],
            "cpu_samples": [
                0.0,
                0.0,
                0.0,
                0.0,
                0.0,
                0.0,
                0.0,
                0.0,
                0.0,
                0.0,
                0.0,
                0.0,
                0.0,
                0.0,
                0.0,
                0.0
            ],
            "average_cpu_busy": 0.0,
            "user_cpu_time": 0.048318,
            "sys_cpu_time": 0.0,
            "total_cpu_time": 0.048318,
            "max_rss": 17716,
            "exit_code": 0,
            "failed": false
        },
        {
            "index": 2,
            "input": 1000.0,
            "run_time": 893155.0,
            "start_time": 1679756180307198399,
            "stop_time": 1679756180308091554,
            "ram_samples": [],
            "cpu_samples": [
                0.0,
                0.0,
                0.0,
                0.0,
                0.0,
                0.0,
                0.0,
                0.0,
                0.0,
                0.0,
                0.0,
                0.0,
                0.0,
                0.0,
                0.0,
                0.0
            ],
            "average_cpu_busy": 0.0,
            "user_cpu_time": 0.049318,
            "sys_cpu_time": 0.0,
            "total_cpu_time": 0.049318,
            "max_rss": 17716,
            "exit_code": 0,
            "failed": false
        },
        {
            "index": 3,
            "input": 1000.0,
            "run_time": 903595.0,
            "start_time": 1679756180328648811,
            "stop_time": 1679756180329552406,
            "ram_samples": [],
            "cpu_samples": [
                0.0,
                0.0,
                0.0,
                0.0,
                0.0,
                0.0,
                0.0,
                0.0,
                0.0,
                0.0,
                0.0,
                0.0,
                0.0,
                0.0,
                0.0,
                0.0
            ],
            "average_cpu_busy": 0.0,
            "user_cpu_time": 0.042891,
            "sys_cpu_time": 0.007148,
            "total_cpu_time": 0.050039,
            "max_rss": 17716,
            "exit_code": 0,
            "failed": false
        },
        {
            "index": 4,
            "input": 1000.0,
            "run_time": 979528.0,
            "start_time": 1679756180349957206,
            "stop_time": 1679756180350936734,
            "ram_samples": [],
            "cpu_samples": [
                0.0,
                0.0,
                0.0,
                0.0,
                0.0,
                0.0,
                0.0,
                0.0,
                0.0,
                0.0,
                0.0,
                0.0,
                0.0,
                0.0,
                0.0,
                0.0
            ],
            "average_cpu_busy": 0.0,
            "user_cpu_time": 0.044801999999999995,
            "sys_cpu_time": 0.0063999999999999994,
            "total_cpu_time": 0.051202,
            "max_rss": 17716,
            "exit_code": 0,
            "failed": false
        },
        {
            "index": 5,
            "input": 1000.0,
            "run_time": 949761.0,
            "start_time": 1679756180370399638,
            "stop_time": 1679756180371349399,
            "ram_samples": [],
            "cpu_samples": [
                0.0,
                0.0,
                0.0,
                0.0,
                0.0,
                0.0,
                0.0,
                0.0,
                0.0,
                0.0,
                0.0,
                0.0,
                0.0,
                0.0,
                0.0,
                0.0
            ],
            "average_cpu_busy": 0.0,
            "user_cpu_time": 0.049748999999999995,
            "sys_cpu_time": 0.0,
            "total_cpu_time": 0.049748999999999995,
            "max_rss": 17716,
            "exit_code": 0,
            "failed": false
        }
    ]
}