{
    "bench": "mandelbrot-1.rust",
    "language": "rust",
    "input": 1000.0,
    "average_run_time": 890613.6666666666,
    "maximum_run_time": 964429.0,
    "minimum_run_time": 836860.0,
    "average_cpu_time": 0.0281035,
    "minimum_cpu_time": 0.026958,
    "maximum_cpu_time": 0.030850999999999996,
    "average_cpu_busy": 0,
    "average_ram_load": 0,
    "run_results": [
        {
            "index": 0,
            "input": 1000.0,
            "run_time": 918082.0,
            "start_time": 1679838005656873610,
            "stop_time": 1679838005657791692,
            "ram_samples": [],
            "cpu_samples": [
                0.0,
                0.0,
                0.0,
                0.0,
                0.0,
                0.0,
                0.0,
                0.0,
                0.0,
                0.0,
                0.0,
                0.0,
                0.0,
                0.0,
                0.0,
                0.0
            ],
            "average_cpu_busy": 0.0,
            "user_cpu_time": 0.024239999999999998,
            "sys_cpu_time": 0.006611,
            "total_cpu_time": 0.030850999999999996,
            "max_rss": 18064,
            "exit_code": 0,
            "failed": false
        },
        {
            "index": 1,
            "input": 1000.0,
            "run_time": 864421.0,
            "start_time": 1679838005663812705,
            "stop_time": 1679838005664677126,
            "ram_samples": [],
            "cpu_samples": [
                0.0,
                0.0,
                0.0,
                0.0,
                0.0,
                0.0,
                0.0,
                0.0,
                0.0,
                0.0,
                0.0,
                0.0,
                0.0,
                0.0,
                0.0,
                0.0
            ],
            "average_cpu_busy": 0.0,
            "user_cpu_time": 0.027986,
            "sys_cpu_time": 0.0,
            "total_cpu_time": 0.027986,
            "max_rss": 18068,
            "exit_code": 0,
            "failed": false
        },
        {
            "index": 2,
            "input": 1000.0,
            "run_time": 836860.0,
            "start_time": 1679838005670819126,
            "stop_time": 1679838005671655986,
            "ram_samples": [],
            "cpu_samples": [
                0.0,
                0.0,
                0.0,
                0.0,
                0.0,
                0.0,
                0.0,
                0.0,
                0.0,
                0.0,
                0.0,
                0.0,
                0.0,
                0.0,
                0.0,
                0.0
            ],
            "average_cpu_busy": 0.0,
            "user_cpu_time": 0.0,
            "sys_cpu_time": 0.026966999999999998,
            "total_cpu_time": 0.026966999999999998,
            "max_rss": 18068,
            "exit_code": 0,
            "failed": false
        },
        {
            "index": 3,
            "input": 1000.0,
            "run_time": 885030.0,
            "start_time": 1679838005677137076,
            "stop_time": 1679838005678022106,
            "ram_samples": [],
            "cpu_samples": [
                0.0,
                0.0,
                0.0,
                0.0,
                0.0,
                0.0,
                0.0,
                0.0,
                0.0,
                0.0,
                0.0,
                0.0,
                0.0,
                0.0,
                0.0,
                0.0
            ],
            "average_cpu_busy": 0.0,
            "user_cpu_time": 0.019406,
            "sys_cpu_time": 0.008317,
            "total_cpu_time": 0.027722999999999998,
            "max_rss": 18068,
            "exit_code": 0,
            "failed": false
        },
        {
            "index": 4,
            "input": 1000.0,
            "run_time": 964429.0,
            "start_time": 1679838005684337821,
            "stop_time": 1679838005685302250,
            "ram_samples": [],
            "cpu_samples": [
                0.0,
                0.0,
                0.0,
                0.0,
                0.0,
                0.0,
                0.0,
                0.0,
                0.0,
                0.0,
                0.0,
                0.0,
                0.0,
                0.0,
                0.0,
                0.0
            ],
            "average_cpu_busy": 0.0,
            "user_cpu_time": 0.028135999999999998,
            "sys_cpu_time": 0.0,
            "total_cpu_time": 0.028135999999999998,
            "max_rss": 18072,
            "exit_code": 0,
            "failed": false
        },
        {
            "index": 5,
            "input": 1000.0,
            "run_time": 874860.0,
            "start_time": 1679838005691396641,
            "stop_time": 1679838005692271501,
            "ram_samples": [],
            "cpu_samples": [
                0.0,
                0.0,
                0.0,
                0.0,
                0.0,
                0.0,
                0.0,
                0.0,
                0.0,
                0.0,
                0.0,
                0.0,
                0.0,
                0.0,
                0.0,
                0.0
            ],
            "average_cpu_busy": 0.0,
            "user_cpu_time": 0.021567,
            "sys_cpu_time": 0.005391,
            "total_cpu_time": 0.026958,
            "max_rss": 18072,
            "exit_code": 0,
            "failed": false
        }
    ]
}