{
    "bench": "mandelbrot-1.c",
    "language": "c",
    "input": 2000.0,
    "average_run_time": 892196.6666666666,
    "maximum_run_time": 916148.0,
    "minimum_run_time": 863510.0,
    "average_cpu_time": 0.12756016666666667,
    "minimum_cpu_time": 0.125197,
    "maximum_cpu_time": 0.12984199999999999,
    "average_cpu_busy": 0,
    "average_ram_load": 0,
    "run_results": [
        {
            "index": 0,
            "input": 2000.0,
            "run_time": 863510.0,
            "start_time": 1680003169609555182,
            "stop_time": 1680003169610418692,
            "ram_samples": [],
            "cpu_samples": [
                0.0,
                0.0,
                0.0,
                0.0,
                0.0,
                0.0,
                0.0,
                0.0,
                0.0,
                0.0,
                0.0,
                0.0,
                0.0,
                0.0,
                0.0,
                0.0
            ],
            "average_cpu_busy": 0.0,
            "user_cpu_time": 0.125931,
            "sys_cpu_time": 0.0,
            "total_cpu_time": 0.125931,
            "max_rss": 18260,
            "exit_code": 0,
            "failed": false
        },
        {
            "index": 1,
            "input": 2000.0,
            "run_time": 886202.0,
            "start_time": 1680003169629335171,
            "stop_time": 1680003169630221373,
            "ram_samples": [],
            "cpu_samples": [
                0.0,
                0.0,
                0.0,
                0.0,
                0.0,
                0.0,
                0.0,
                0.0,
                0.0,
                0.0,
                0.0,
                0.0,
                0.0,
                0.0,
                0.0,
                0.0
            ],
            "average_cpu_busy": 0.0,
            "user_cpu_time": 0.125197,
            "sys_cpu_time": 0.0,
            "total_cpu_time": 0.125197,
            "max_rss": 18268,
            "exit_code": 0,
            "failed": false
        },
        {
            "index": 2,
            "input": 2000.0,
            "run_time": 916148.0,
            "start_time": 1680003169649161527,
            "stop_time": 1680003169650077675,
            "ram_samples": [],
            "cpu_samples": [
                0.0,
                0.0,
                0.0,
                0.0,
                0.0,
                0.0,
                0.0,
                0.0,
                0.0,
                0.0,
                0.0,
                0.0,
                0.0,
                0.0,
                0.0,
                0.0
            ],
            "average_cpu_busy": 0.0,
            "user_cpu_time": 0.1291,
            "sys_cpu_time": 0.0,
            "total_cpu_time": 0.1291,
            "max_rss": 18268,
            "exit_code": 0,
            "failed": false
        },
        {
            "index": 3,
            "input": 2000.0,
            "run_time": 878197.0,
            "start_time": 1680003169669248101,
            "stop_time": 1680003169670126298,
            "ram_samples": [],
            "cpu_samples": [
                0.0,
                0.0,
                0.0,
                0.0,
                0.0,
                0.0,
                0.0,
                0.0,
                0.0,
                0.0,
                0.0,
                0.0,
                0.0,
                0.0,
                0.0,
                0.0
            ],
            "average_cpu_busy": 0.0,
            "user_cpu_time": 0.129384,
            "sys_cpu_time": 0.0,
            "total_cpu_time": 0.129384,
            "max_rss": 18268,
            "exit_code": 0,
            "failed": false
        },
        {
            "index": 4,
            "input": 2000.0,
            "run_time": 903154.0,
            "start_time": 1680003169689729916,
            "stop_time": 1680003169690633070,
            "ram_samples": [],
            "cpu_samples": [
                0.0,
                0.0,
                0.0,
                0.0,
                0.0,
                0.0,
                0.0,
                0.0,
                0.0,
                0.0,
                0.0,
                0.0,
                0.0,
                0.0,
                0.0,
                0.0
            ],
            "average_cpu_busy": 0.0,
            "user_cpu_time": 0.12106499999999999,
            "sys_cpu_time": 0.004842,
            "total_cpu_time": 0.125907,
            "max_rss": 18268,
            "exit_code": 0,
            "failed": false
        },
        {
            "index": 5,
            "input": 2000.0,
            "run_time": 905969.0,
            "start_time": 1680003169709570168,
            "stop_time": 1680003169710476137,
            "ram_samples": [],
            "cpu_samples": [
                0.0,
                0.0,
                0.0,
                0.0,
                0.0,
                0.0,
                0.0,
                0.0,
                0.0,
                0.0,
                0.0,
                0.0,
                0.0,
                0.0,
                0.0,
                0.0
            ],
            "average_cpu_busy": 0.0,
            "user_cpu_time": 0.12642599999999998,
            "sys_cpu_time": 0.0034159999999999998,
            "total_cpu_time": 0.12984199999999999,
            "max_rss": 18268,
            "exit_code": 0,
            "failed": false
        }
    ]
}