{
    "bench": "mandelbrot-1.java",
    "language": "java",
    "input": 1000.0,
    "average_run_time": 1146263.1666666667,
    "maximum_run_time": 1377604.0,
    "minimum_run_time": 1066670.0,
    "average_cpu_time": 0.020214666666666666,
    "minimum_cpu_time": 0.019636999999999998,
    "maximum_cpu_time": 0.020735999999999997,
    "average_cpu_busy": 0,
    "average_ram_load": 0,
    "run_results": [
        {
            "index": 0,
            "input": 1000.0,
            "run_time": 1112567.0,
            "start_time": 1679838004960129597,
            "stop_time": 1679838004961242164,
            "ram_samples": [],
            "cpu_samples": [
                0.0,
                0.0,
                0.0,
                0.0,
                0.0,
                0.0,
                0.0,
                0.0,
                0.0,
                0.0,
                0.0,
                0.0,
                0.0,
                0.0,
                0.0,
                0.0
            ],
            "average_cpu_busy": 0.0,
            "user_cpu_time": 0.010367999999999999,
            "sys_cpu_time": 0.010367999999999999,
            "total_cpu_time": 0.020735999999999997,
            "max_rss": 38016,
            "exit_code": 256,
            "failed": false
        },
        {
            "index": 1,
            "input": 1000.0,
            "run_time": 1116374.0,
            "start_time": 1679838004981958298,
            "stop_time": 1679838004983074672,
            "ram_samples": [],
            "cpu_samples": [
                0.0,
                0.0,
                0.0,
                0.0,
                0.0,
                0.0,
                0.0,
                0.0,
                0.0,
                0.0,
                0.0,
                0.0,
                0.0,
                0.0,
                0.0,
                0.0
            ],
            "average_cpu_busy": 0.0,
            "user_cpu_time": 0.012119999999999999,
            "sys_cpu_time": 0.00808,
            "total_cpu_time": 0.0202,
            "max_rss": 38016,
            "exit_code": 256,
            "failed": false
        },
        {
            "index": 2,
            "input": 1000.0,
            "run_time": 1066670.0,
            "start_time": 1679838005003517324,
            "stop_time": 1679838005004583994,
            "ram_samples": [],
            "cpu_samples": [
                0.0,
                0.0,
                0.0,
                0.0,
                0.0,
                0.0,
                0.0,
                0.0,
                0.0,
                0.0,
                0.0,
                0.0,
                0.0,
                0.0,
                0.0,
                0.0
            ],
            "average_cpu_busy": 0.0,
            "user_cpu_time": 0.010329,
            "sys_cpu_time": 0.010329,
            "total_cpu_time": 0.020658,
            "max_rss": 38016,
            "exit_code": 256,
            "failed": false
        },
        {
            "index": 3,
            "input": 1000.0,
            "run_time": 1093431.0,
            "start_time": 1679838005025268269,
            "stop_time": 1679838005026361700,
            "ram_samples": [],
            "cpu_samples": [
                0.0,
                0.0,
                0.0,
                0.0,
                0.0,
                0.0,
                0.0,
                0.0,
                0.0,
                0.0,
                0.0,
                0.0,
                0.0,
                0.0,
                0.0,
                0.0
            ],
            "average_cpu_busy": 0.0,
            "user_cpu_time": 0.0067399999999999995,
            "sys_cpu_time": 0.013479999999999999,
            "total_cpu_time": 0.02022,
            "max_rss": 38144,
            "exit_code": 256,
            "failed": false
        },
        {
            "index": 4,
            "input": 1000.0,
            "run_time": 1377604.0,
            "start_time": 1679838005046868442,
            "stop_time": 1679838005048246046,
            "ram_samples": [],
            "cpu_samples": [
                0.0,
                0.0,
                0.0,
                0.0,
                0.0,
                0.0,
                0.0,
                0.0,
                0.0,
                0.0,
                0.0,
                0.0,
                0.0,
                0.0,
                0.0,
                0.0
            ],
            "average_cpu_busy": 0.0,
            "user_cpu_time": 0.006612,
            "sys_cpu_time": 0.013224999999999999,
            "total_cpu_time": 0.019837,
            "max_rss": 38016,
            "exit_code": 256,
            "failed": false
        },
        {
            "index": 5,
            "input": 1000.0,
            "run_time": 1110933.0,
            "start_time": 1679838005068509712,
            "stop_time": 1679838005069620645,
            "ram_samples": [],
            "cpu_samples": [
                0.0,
                0.0,
                0.0,
                0.0,
                0.0,
                0.0,
                0.0,
                0.0,
                0.0,
                0.0,
                0.0,
                0.0,
                0.0,
                0.0,
                0.0,
                0.0
            ],
            "average_cpu_busy": 0.0,
            "user_cpu_time": 0.003927,
            "sys_cpu_time": 0.01571,
            "total_cpu_time": 0.019636999999999998,
            "max_rss": 37760,
            "exit_code": 256,
            "failed": false
        }
    ]
}