{
    "bench": "mandelbrot-4.rust",
    "language": "rust",
    "input": 4000.0,
    "average_run_time": 905728.8333333334,
    "maximum_run_time": 946045.0,
    "minimum_run_time": 865754.0,
    "average_cpu_time": 0.21471766666666667,
    "minimum_cpu_time": 0.21254199999999998,
    "maximum_cpu_time": 0.21706599999999998,
    "average_cpu_busy": 0,
    "average_ram_load": 0,
    "run_results": [
        {
            "index": 0,
            "input": 4000.0,
            "run_time": 865754.0,
            "start_time": 1680003169229651636,
            "stop_time": 1680003169230517390,
            "ram_samples": [],
            "cpu_samples": [
                0.0,
                0.0,
                0.0,
                0.0,
                0.0,
                0.0,
                0.0,
                0.0,
                0.0,
                0.0,
                0.0,
                0.0,
                0.0,
                0.0,
                0.0,
                0.0
            ],
            "average_cpu_busy": 0.0,
            "user_cpu_time": 0.21254199999999998,
            "sys_cpu_time": 0.0,
            "total_cpu_time": 0.21254199999999998,
            "max_rss": 18208,
            "exit_code": 0,
            "failed": false
        },
        {
            "index": 1,
            "input": 4000.0,
            "run_time": 884940.0,
            "start_time": 1680003169248869631,
            "stop_time": 1680003169249754571,
            "ram_samples": [],
            "cpu_samples": [
                0.0,
                0.0,
                0.0,
                0.0,
                0.0,
                0.0,
                0.0,
                0.0,
                0.0,
                0.0,
                0.0,
                0.0,
                0.0,
                0.0,
                0.0,
                0.0
            ],
            "average_cpu_busy": 0.0,
            "user_cpu_time": 0.196951,
            "sys_cpu_time": 0.016412,
            "total_cpu_time": 0.213363,
            "max_rss": 18212,
            "exit_code": 0,
            "failed": false
        },
        {
            "index": 2,
            "input": 4000.0,
            "run_time": 906810.0,
            "start_time": 1680003169268199135,
            "stop_time": 1680003169269105945,
            "ram_samples": [],
            "cpu_samples": [
                0.0,
                0.0,
                0.0,
                0.0,
                0.0,
                0.0,
                0.0,
                0.0,
                0.0,
                0.0,
                0.0,
                0.0,
                0.0,
                0.0,
                0.0,
                0.0
            ],
            "average_cpu_busy": 0.0,
            "user_cpu_time": 0.210095,
            "sys_cpu_time": 0.003622,
            "total_cpu_time": 0.213717,
            "max_rss": 18212,
            "exit_code": 0,
            "failed": false
        },
        {
            "index": 3,
            "input": 4000.0,
            "run_time": 935014.0,
            "start_time": 1680003169287416628,
            "stop_time": 1680003169288351642,
            "ram_samples": [],
            "cpu_samples": [
                0.0,
                0.0,
                0.0,
                0.0,
                0.0,
                0.0,
                0.0,
                0.0,
                0.0,
                0.0,
                0.0,
                0.0,
                0.0,
                0.0,
                0.0,
                0.0
            ],
            "average_cpu_busy": 0.0,
            "user_cpu_time": 0.21706599999999998,
            "sys_cpu_time": 0.0,
            "total_cpu_time": 0.21706599999999998,
            "max_rss": 18212,
            "exit_code": 0,
            "failed": false
        },
        {
            "index": 4,
            "input": 4000.0,
            "run_time": 895810.0,
            "start_time": 1680003169306135637,
            "stop_time": 1680003169307031447,
            "ram_samples": [],
            "cpu_samples": [
                0.0,
                0.0,
                0.0,
                0.0,
                0.0,
                0.0,
                0.0,
                0.0,
                0.0,
                0.0,
                0.0,
                0.0,
                0.0,
                0.0,
                0.0,
                0.0
            ],
            "average_cpu_busy": 0.0,
            "user_cpu_time": 0.216548,
            "sys_cpu_time": 0.0,
            "total_cpu_time": 0.216548,
            "max_rss": 18216,
            "exit_code": 0,
            "failed": false
        },
        {
            "index": 5,
            "input": 4000.0,
            "run_time": 946045.0,
            "start_time": 1680003169324802528,
            "stop_time": 1680003169325748573,
            "ram_samples": [],
            "cpu_samples": [
                0.0,
                0.0,
                0.0,
                0.0,
                0.0,
                0.0,
                0.0,
                0.0,
                0.0,
                0.0,
                0.0,
                0.0,
                0.0,
                0.0,
                0.0,
                0.0
            ],
            "average_cpu_busy": 0.0,
            "user_cpu_time": 0.20216599999999998,
            "sys_cpu_time": 0.012903999999999999,
            "total_cpu_time": 0.21506999999999998,
            "max_rss": 18216,
            "exit_code": 0,
            "failed": false
        }
    ]
}