{
    "bench": "mandelbrot-1.cpp",
    "language": "cpp",
    "input": 1000.0,
    "average_run_time": 934108.6666666666,
    "maximum_run_time": 1092369.0,
    "minimum_run_time": 888577.0,
    "average_cpu_time": 0.0331045,
    "minimum_cpu_time": 0.013765999999999999,
    "maximum_cpu_time": 0.088881,
    "average_cpu_busy": 0,
    "average_ram_load": 0,
    "run_results": [
        {
            "index": 0,
            "input": 1000.0,
            "run_time": 1092369.0,
            "start_time": 1680003200888948496,
            "stop_time": 1680003200890040865,
            "ram_samples": [],
            "cpu_samples": [
                0.0,
                0.0,
                0.0,
                0.0,
                0.0,
                0.0,
                0.0,
                0.0,
                0.0,
                0.0,
                0.0,
                0.0,
                0.0,
                0.0,
                0.0,
                0.0
            ],
            "average_cpu_busy": 0.0,
            "user_cpu_time": 0.0,
            "sys_cpu_time": 0.052938,
            "total_cpu_time": 0.052938,
            "max_rss": 18896,
            "exit_code": 0,
            "failed": false
        },
        {
            "index": 1,
            "input": 1000.0,
            "run_time": 889388.0,
            "start_time": 1680003200897280122,
            "stop_time": 1680003200898169510,
            "ram_samples": [],
            "cpu_samples": [
                0.0,
                0.0,
                0.0,
                0.0,
                0.0,
                0.0,
                0.0,
                0.0,
                0.0,
                0.0,
                0.0,
                0.0,
                0.0,
                0.0,
                0.0,
                0.0
            ],
            "average_cpu_busy": 0.0,
            "user_cpu_time": 0.0,
            "sys_cpu_time": 0.015182,
            "total_cpu_time": 0.015182,
            "max_rss": 18896,
            "exit_code": 0,
            "failed": false
        },
        {
            "index": 2,
            "input": 1000.0,
            "run_time": 913323.0,
            "start_time": 1680003200902878923,
            "stop_time": 1680003200903792246,
            "ram_samples": [],
            "cpu_samples": [
                0.0,
                0.0,
                0.0,
                0.0,
                0.0,
                0.0,
                0.0,
                0.0,
                0.0,
                0.0,
                0.0,
                0.0,
                0.0,
                0.0,
                0.0,
                0.0
            ],
            "average_cpu_busy": 0.0,
            "user_cpu_time": 0.013944999999999999,
            "sys_cpu_time": 0.0,
            "total_cpu_time": 0.013944999999999999,
            "max_rss": 18900,
            "exit_code": 0,
            "failed": false
        },
        {
            "index": 3,
            "input": 1000.0,
            "run_time": 888577.0,
            "start_time": 1680003200908190205,
            "stop_time": 1680003200909078782,
            "ram_samples": [],
            "cpu_samples": [
                0.0,
                0.0,
                0.0,
                0.0,
                0.0,
                0.0,
                0.0,
                0.0,
                0.0,
                0.0,
                0.0,
                0.0,
                0.0,
                0.0,
                0.0,
                0.0
            ],
            "average_cpu_busy": 0.0,
            "user_cpu_time": 0.0,
            "sys_cpu_time": 0.013765999999999999,
            "total_cpu_time": 0.013765999999999999,
            "max_rss": 18904,
            "exit_code": 0,
            "failed": false
        },
        {
            "index": 4,
            "input": 1000.0,
            "run_time": 923001.0,
            "start_time": 1680003200913338431,
            "stop_time": 1680003200914261432,
            "ram_samples": [],
            "cpu_samples": [
                0.0,
                0.0,
                0.0,
                0.0,
                0.0,
                0.0,
                0.0,
                0.0,
                0.0,
                0.0,
                0.0,
                0.0,
                0.0,
                0.0,
                0.0,
                0.0
            ],
            "average_cpu_busy": 0.0,
            "user_cpu_time": 0.013914999999999999,
            "sys_cpu_time": 0.0,
            "total_cpu_time": 0.013914999999999999,
            "max_rss": 18904,
            "exit_code": 0,
            "failed": false
        },
        {
            "index": 5,
            "input": 1000.0,
            "run_time": 897994.0,
            "start_time": 1680003200918954474,
            "stop_time": 1680003200919852468,
            "ram_samples": [],
            "cpu_samples": [
                0.0,
                0.0,
                0.0,
                0.0,
                0.0,
                0.0,
                0.0,
                0.0,
                0.0,
                0.0,
                0.0,
                0.0,
                0.0,
                0.0,
                0.0,
                0.0
            ],
            "average_cpu_busy": 0.0,
            "user_cpu_time": 0.088881,
            "sys_cpu_time": 0.0,
            "total_cpu_time": 0.088881,
            "max_rss": 18904,
            "exit_code": 0,
            "failed": false
        }
    ]
}