{
    "bench": "mandelbrot-3.c",
    "language": "c",
    "input": 1000.0,
    "average_runtime": 930773.8333333334,
    "average_cpu_busy": 2.9392283333333333e-07,
    "average_ram_load": 0,
    "run_results": [
        {
            "index": 0,
            "input": 1000.0,
            "run_time": 1037966.0,
            "start_time": 1679835059794856130,
            "stop_time": 1679835059795894096,
            "ram_samples": [],
            "cpu_samples": [
                0.0,
                0.0,
                0.0,
                0.0,
                0.0,
                0.0,
                0.0,
                0.0,
                0.0,
                0.0,
                0.0,
                0.0,
                0.0,
                0.0,
                0.0,
                0.0
            ],
            "average_cpu_busy": 0.0,
            "user_cpu_time": 0.032448,
            "sys_cpu_time": 0.0,
            "total_cpu_time": 0.032448,
            "max_rss": 17872,
            "exit_code": 0,
            "failed": false
        },
        {
            "index": 1,
            "input": 1000.0,
            "run_time": 993694.0,
            "start_time": 1679835059807164685,
            "stop_time": 1679835059808158379,
            "ram_samples": [],
            "cpu_samples": [
                0.0,
                0.0,
                0.0,
                0.0,
                0.0,
                0.0,
                0.0,
                0.0,
                0.0,
                0.0,
                0.0,
                0.0,
                0.0,
                0.0,
                0.0,
                0.0
            ],
            "average_cpu_busy": 0.0,
            "user_cpu_time": 0.032139,
            "sys_cpu_time": 0.0,
            "total_cpu_time": 0.032139,
            "max_rss": 17872,
            "exit_code": 0,
            "failed": false
        },
        {
            "index": 2,
            "input": 1000.0,
            "run_time": 936306.0,
            "start_time": 1679835059818700782,
            "stop_time": 1679835059819637088,
            "ram_samples": [],
            "cpu_samples": [
                0.0,
                0.0,
                0.0,
                0.0,
                0.0,
                0.0,
                0.0,
                0.0,
                0.0,
                0.0,
                0.0,
                0.0,
                0.0,
                0.0,
                0.0,
                0.0
            ],
            "average_cpu_busy": 0.0,
            "user_cpu_time": 0.03235,
            "sys_cpu_time": 0.0,
            "total_cpu_time": 0.03235,
            "max_rss": 17872,
            "exit_code": 0,
            "failed": false
        },
        {
            "index": 3,
            "input": 1000.0,
            "run_time": 830557.0,
            "start_time": 1679835059830311910,
            "stop_time": 1679835059831142467,
            "ram_samples": [],
            "cpu_samples": [
                0.0,
                0.0,
                100.0,
                0.0,
                0.0,
                0.0,
                0.0,
                0.0,
                0.0,
                0.0,
                0.0,
                0.0,
                0.0,
                0.0,
                0.0,
                0.0
            ],
            "average_cpu_busy": 8.30557e-07,
            "user_cpu_time": 0.032306,
            "sys_cpu_time": 0.0,
            "total_cpu_time": 0.032306,
            "max_rss": 17872,
            "exit_code": 0,
            "failed": false
        },
        {
            "index": 4,
            "input": 1000.0,
            "run_time": 932980.0,
            "start_time": 1679835059841879395,
            "stop_time": 1679835059842812375,
            "ram_samples": [],
            "cpu_samples": [
                0.0,
                0.0,
                0.0,
                0.0,
                0.0,
                0.0,
                0.0,
                0.0,
                0.0,
                0.0,
                0.0,
                0.0,
                100.0,
                0.0,
                0.0,
                0.0
            ],
            "average_cpu_busy": 9.3298e-07,
            "user_cpu_time": 0.028678,
            "sys_cpu_time": 0.003584,
            "total_cpu_time": 0.032262,
            "max_rss": 17872,
            "exit_code": 0,
            "failed": false
        },
        {
            "index": 5,
            "input": 1000.0,
            "run_time": 853140.0,
            "start_time": 1679835059853591893,
            "stop_time": 1679835059854445033,
            "ram_samples": [],
            "cpu_samples": [
                0.0,
                0.0,
                0.0,
                0.0,
                0.0,
                0.0,
                0.0,
                0.0,
                0.0,
                0.0,
                0.0,
                0.0,
                0.0,
                0.0,
                0.0,
                0.0
            ],
            "average_cpu_busy": 0.0,
            "user_cpu_time": 0.032223999999999996,
            "sys_cpu_time": 0.0,
            "total_cpu_time": 0.032223999999999996,
            "max_rss": 17872,
            "exit_code": 0,
            "failed": false
        }
    ],
    "maximum_runtime": 1037966.0,
    "minimum_runtime": 830557.0
}