{
    "bench": "mandelbrot-3.c",
    "language": "c",
    "input": 2000.0,
    "average_runtime": 939714.0,
    "average_cpu_busy": 1.4081233333333332e-07,
    "average_ram_load": 0,
    "run_results": [
        {
            "index": 0,
            "input": 2000.0,
            "run_time": 844874.0,
            "start_time": 1679835059866177248,
            "stop_time": 1679835059867022122,
            "ram_samples": [],
            "cpu_samples": [
                0.0,
                0.0,
                0.0,
                0.0,
                0.0,
                0.0,
                0.0,
                0.0,
                0.0,
                100.0,
                0.0,
                0.0,
                0.0,
                0.0,
                0.0,
                0.0
            ],
            "average_cpu_busy": 8.44874e-07,
            "user_cpu_time": 0.12379899999999999,
            "sys_cpu_time": 0.0,
            "total_cpu_time": 0.12379899999999999,
            "max_rss": 17884,
            "exit_code": 0,
            "failed": false
        },
        {
            "index": 1,
            "input": 2000.0,
            "run_time": 929023.0,
            "start_time": 1679835059900424190,
            "stop_time": 1679835059901353213,
            "ram_samples": [],
            "cpu_samples": [
                0.0,
                0.0,
                0.0,
                0.0,
                0.0,
                0.0,
                0.0,
                0.0,
                0.0,
                0.0,
                0.0,
                0.0,
                0.0,
                0.0,
                0.0,
                0.0
            ],
            "average_cpu_busy": 0.0,
            "user_cpu_time": 0.124232,
            "sys_cpu_time": 0.0,
            "total_cpu_time": 0.124232,
            "max_rss": 17884,
            "exit_code": 0,
            "failed": false
        },
        {
            "index": 2,
            "input": 2000.0,
            "run_time": 851457.0,
            "start_time": 1679835059935409928,
            "stop_time": 1679835059936261385,
            "ram_samples": [],
            "cpu_samples": [
                0.0,
                0.0,
                0.0,
                0.0,
                0.0,
                0.0,
                0.0,
                0.0,
                0.0,
                0.0,
                0.0,
                0.0,
                0.0,
                0.0,
                0.0,
                0.0
            ],
            "average_cpu_busy": 0.0,
            "user_cpu_time": 0.123903,
            "sys_cpu_time": 0.0,
            "total_cpu_time": 0.123903,
            "max_rss": 17888,
            "exit_code": 0,
            "failed": false
        },
        {
            "index": 3,
            "input": 2000.0,
            "run_time": 873869.0,
            "start_time": 1679835059970378504,
            "stop_time": 1679835059971252373,
            "ram_samples": [],
            "cpu_samples": [
                0.0,
                0.0,
                0.0,
                0.0,
                0.0,
                0.0,
                0.0,
                0.0,
                0.0,
                0.0,
                0.0,
                0.0,
                0.0,
                0.0,
                0.0,
                0.0
            ],
            "average_cpu_busy": 0.0,
            "user_cpu_time": 0.124027,
            "sys_cpu_time": 0.0,
            "total_cpu_time": 0.124027,
            "max_rss": 17888,
            "exit_code": 0,
            "failed": false
        },
        {
            "index": 4,
            "input": 2000.0,
            "run_time": 974868.0,
            "start_time": 1679835060005084959,
            "stop_time": 1679835060006059827,
            "ram_samples": [],
            "cpu_samples": [
                0.0,
                0.0,
                0.0,
                0.0,
                0.0,
                0.0,
                0.0,
                0.0,
                0.0,
                0.0,
                0.0,
                0.0,
                0.0,
                0.0,
                0.0,
                0.0
            ],
            "average_cpu_busy": 0.0,
            "user_cpu_time": 0.124691,
            "sys_cpu_time": 0.0,
            "total_cpu_time": 0.124691,
            "max_rss": 17888,
            "exit_code": 0,
            "failed": false
        },
        {
            "index": 5,
            "input": 2000.0,
            "run_time": 1164193.0,
            "start_time": 1679835060040662758,
            "stop_time": 1679835060041826951,
            "ram_samples": [],
            "cpu_samples": [
                0.0,
                0.0,
                0.0,
                0.0,
                0.0,
                0.0,
                0.0,
                0.0,
                0.0,
                0.0,
                0.0,
                0.0,
                0.0,
                0.0,
                0.0,
                0.0
            ],
            "average_cpu_busy": 0.0,
            "user_cpu_time": 0.12474299999999999,
            "sys_cpu_time": 0.0,
            "total_cpu_time": 0.12474299999999999,
            "max_rss": 17888,
            "exit_code": 0,
            "failed": false
        }
    ],
    "maximum_runtime": 1164193.0,
    "minimum_runtime": 844874.0
}