{
    "bench": "nbody-1.c",
    "language": "c",
    "input": 30000.0,
    "average_run_time": 882663.6666666666,
    "maximum_run_time": 921879.0,
    "minimum_run_time": 852418.0,
    "average_cpu_time": 0.0030896666666666663,
    "minimum_cpu_time": 0.003044,
    "maximum_cpu_time": 0.0031279999999999997,
    "average_cpu_busy": 0,
    "average_ram_load": 0,
    "run_results": [
        {
            "index": 0,
            "input": 30000.0,
            "run_time": 914005.0,
            "start_time": 1680003236846283203,
            "stop_time": 1680003236847197208,
            "ram_samples": [],
            "cpu_samples": [
                0.0,
                0.0,
                0.0,
                0.0,
                0.0,
                0.0,
                0.0,
                0.0,
                0.0,
                0.0,
                100.0,
                0.0,
                0.0,
                0.0,
                0.0,
                0.0
            ],
            "average_cpu_busy": 9.14005e-07,
            "user_cpu_time": 0.003083,
            "sys_cpu_time": 0.0,
            "total_cpu_time": 0.003083,
            "max_rss": 20436,
            "exit_code": 0,
            "failed": false
        },
        {
            "index": 1,
            "input": 30000.0,
            "run_time": 921879.0,
            "start_time": 1680003236852870258,
            "stop_time": 1680003236853792137,
            "ram_samples": [],
            "cpu_samples": [
                0.0,
                0.0,
                0.0,
                0.0,
                0.0,
                0.0,
                0.0,
                0.0,
                0.0,
                0.0,
                0.0,
                0.0,
                0.0,
                0.0,
                0.0,
                0.0
            ],
            "average_cpu_busy": 0.0,
            "user_cpu_time": 0.0031279999999999997,
            "sys_cpu_time": 0.0,
            "total_cpu_time": 0.0031279999999999997,
            "max_rss": 20440,
            "exit_code": 0,
            "failed": false
        },
        {
            "index": 2,
            "input": 30000.0,
            "run_time": 881393.0,
            "start_time": 1680003236859433949,
            "stop_time": 1680003236860315342,
            "ram_samples": [],
            "cpu_samples": [
                0.0,
                0.0,
                0.0,
                0.0,
                0.0,
                0.0,
                0.0,
                0.0,
                0.0,
                0.0,
                0.0,
                0.0,
                0.0,
                0.0,
                0.0,
                0.0
            ],
            "average_cpu_busy": 0.0,
            "user_cpu_time": 0.003106,
            "sys_cpu_time": 0.0,
            "total_cpu_time": 0.003106,
            "max_rss": 20440,
            "exit_code": 0,
            "failed": false
        },
        {
            "index": 3,
            "input": 30000.0,
            "run_time": 852418.0,
            "start_time": 1680003236865938148,
            "stop_time": 1680003236866790566,
            "ram_samples": [],
            "cpu_samples": [
                0.0,
                100.0,
                0.0,
                0.0,
                0.0,
                0.0,
                0.0,
                100.0,
                0.0,
                0.0,
                0.0,
                0.0,
                0.0,
                0.0,
                0.0,
                0.0
            ],
            "average_cpu_busy": 1.7048360000000001e-06,
            "user_cpu_time": 0.003072,
            "sys_cpu_time": 0.0,
            "total_cpu_time": 0.003072,
            "max_rss": 20444,
            "exit_code": 0,
            "failed": false
        },
        {
            "index": 4,
            "input": 30000.0,
            "run_time": 867968.0,
            "start_time": 1680003236872299028,
            "stop_time": 1680003236873166996,
            "ram_samples": [],
            "cpu_samples": [
                0.0,
                0.0,
                0.0,
                0.0,
                0.0,
                0.0,
                0.0,
                0.0,
                0.0,
                0.0,
                0.0,
                0.0,
                0.0,
                0.0,
                0.0,
                0.0
            ],
            "average_cpu_busy": 0.0,
            "user_cpu_time": 0.003044,
            "sys_cpu_time": 0.0,
            "total_cpu_time": 0.003044,
            "max_rss": 20448,
            "exit_code": 0,
            "failed": false
        },
        {
            "index": 5,
            "input": 30000.0,
            "run_time": 858319.0,
            "start_time": 1680003236878782168,
            "stop_time": 1680003236879640487,
            "ram_samples": [],
            "cpu_samples": [
                0.0,
                0.0,
                0.0,
                0.0,
                0.0,
                0.0,
                0.0,
                0.0,
                0.0,
                0.0,
                0.0,
                0.0,
                0.0,
                0.0,
                0.0,
                0.0
            ],
            "average_cpu_busy": 0.0,
            "user_cpu_time": 0.0031049999999999997,
            "sys_cpu_time": 0.0,
            "total_cpu_time": 0.0031049999999999997,
            "max_rss": 20448,
            "exit_code": 0,
            "failed": false
        }
    ]
}