{
    "bench": "nbody-1.java",
    "language": "java",
    "input": 20000.0,
    "average_runtime": 1158252.5,
    "average_cpu_busy": 0.0,
    "average_ram_load": 0,
    "run_results": [
        {
            "index": 0,
            "input": 20000.0,
            "run_time": 1145599.0,
            "start_time": 1679835074099964916,
            "stop_time": 1679835074101110515,
            "ram_samples": [],
            "cpu_samples": [
                0.0,
                0.0,
                0.0,
                0.0,
                0.0,
                0.0,
                0.0,
                0.0,
                0.0,
                0.0,
                0.0,
                0.0,
                0.0,
                0.0,
                0.0,
                0.0
            ],
            "average_cpu_busy": 0.0,
            "user_cpu_time": 0.048929,
            "sys_cpu_time": 0.004077,
            "total_cpu_time": 0.053006,
            "max_rss": 42480,
            "exit_code": 256,
            "failed": false
        },
        {
            "index": 1,
            "input": 20000.0,
            "run_time": 1278468.0,
            "start_time": 1679835074148480711,
            "stop_time": 1679835074149759179,
            "ram_samples": [],
            "cpu_samples": [
                0.0,
                0.0,
                0.0,
                0.0,
                0.0,
                0.0,
                0.0,
                0.0,
                0.0,
                0.0,
                0.0,
                0.0,
                0.0,
                0.0,
                0.0,
                0.0
            ],
            "average_cpu_busy": 0.0,
            "user_cpu_time": 0.040389,
            "sys_cpu_time": 0.013463,
            "total_cpu_time": 0.053852,
            "max_rss": 42368,
            "exit_code": 256,
            "failed": false
        },
        {
            "index": 2,
            "input": 20000.0,
            "run_time": 1121002.0,
            "start_time": 1679835074197186683,
            "stop_time": 1679835074198307685,
            "ram_samples": [],
            "cpu_samples": [
                0.0,
                0.0,
                0.0,
                0.0,
                0.0,
                0.0,
                0.0,
                0.0,
                0.0,
                0.0,
                0.0,
                0.0,
                0.0,
                0.0,
                0.0,
                0.0
            ],
            "average_cpu_busy": 0.0,
            "user_cpu_time": 0.040093,
            "sys_cpu_time": 0.010934,
            "total_cpu_time": 0.051026999999999996,
            "max_rss": 42624,
            "exit_code": 256,
            "failed": false
        },
        {
            "index": 3,
            "input": 20000.0,
            "run_time": 1110473.0,
            "start_time": 1679835074244913858,
            "stop_time": 1679835074246024331,
            "ram_samples": [],
            "cpu_samples": [
                0.0,
                0.0,
                0.0,
                0.0,
                0.0,
                0.0,
                0.0,
                0.0,
                0.0,
                0.0,
                0.0,
                0.0,
                0.0,
                0.0,
                0.0,
                0.0
            ],
            "average_cpu_busy": 0.0,
            "user_cpu_time": 0.033493,
            "sys_cpu_time": 0.018607,
            "total_cpu_time": 0.0521,
            "max_rss": 42852,
            "exit_code": 256,
            "failed": false
        },
        {
            "index": 4,
            "input": 20000.0,
            "run_time": 1206673.0,
            "start_time": 1679835074292998154,
            "stop_time": 1679835074294204827,
            "ram_samples": [],
            "cpu_samples": [
                0.0,
                0.0,
                0.0,
                0.0,
                0.0,
                0.0,
                0.0,
                0.0,
                0.0,
                0.0,
                0.0,
                0.0,
                0.0,
                0.0,
                0.0,
                0.0
            ],
            "average_cpu_busy": 0.0,
            "user_cpu_time": 0.029809,
            "sys_cpu_time": 0.021292,
            "total_cpu_time": 0.051100999999999994,
            "max_rss": 42624,
            "exit_code": 256,
            "failed": false
        },
        {
            "index": 5,
            "input": 20000.0,
            "run_time": 1087300.0,
            "start_time": 1679835074340684132,
            "stop_time": 1679835074341771432,
            "ram_samples": [],
            "cpu_samples": [
                0.0,
                0.0,
                0.0,
                0.0,
                0.0,
                0.0,
                0.0,
                0.0,
                0.0,
                0.0,
                0.0,
                0.0,
                0.0,
                0.0,
                0.0,
                0.0
            ],
            "average_cpu_busy": 0.0,
            "user_cpu_time": 0.04954,
            "sys_cpu_time": 0.004128,
            "total_cpu_time": 0.053668,
            "max_rss": 42492,
            "exit_code": 256,
            "failed": false
        }
    ],
    "maximum_runtime": 1278468.0,
    "minimum_runtime": 1087300.0
}