{
    "bench": "nbody-5.ada",
    "input": 20000.0,
    "average_runtime": 866444.0,
    "average_cpu_busy": 3.043703333333333e-07,
    "average_ram_load": 0,
    "run_results": [
        {
            "index": 0,
            "input": 20000.0,
            "run_time": 857956.0,
            "start_time": 1679581690552438875,
            "stop_time": 1679581690553296831,
            "ram_samples": [],
            "cpu_samples": [
                0.0,
                0.0,
                0.0,
                0.0,
                0.0,
                0.0,
                0.0,
                0.0,
                0.0,
                0.0,
                0.0,
                0.0,
                0.0,
                0.0,
                0.0,
                0.0
            ],
            "average_cpu_busy": 0.0,
            "user_cpu_time": 0.0027979999999999997,
            "sys_cpu_time": 0.0,
            "total_cpu_time": 0.0027979999999999997,
            "max_rss": 17880,
            "exit_code": 0,
            "failed": false
        },
        {
            "index": 1,
            "input": 20000.0,
            "run_time": 850973.0,
            "start_time": 1679581690558390996,
            "stop_time": 1679581690559241969,
            "ram_samples": [],
            "cpu_samples": [
                0.0,
                0.0,
                0.0,
                0.0,
                0.0,
                0.0,
                0.0,
                0.0,
                0.0,
                0.0,
                0.0,
                0.0,
                0.0,
                0.0,
                0.0,
                0.0
            ],
            "average_cpu_busy": 0.0,
            "user_cpu_time": 0.002587,
            "sys_cpu_time": 0.0,
            "total_cpu_time": 0.002587,
            "max_rss": 17880,
            "exit_code": 0,
            "failed": false
        },
        {
            "index": 2,
            "input": 20000.0,
            "run_time": 837768.0,
            "start_time": 1679581690564141662,
            "stop_time": 1679581690564979430,
            "ram_samples": [],
            "cpu_samples": [
                0.0,
                0.0,
                0.0,
                0.0,
                0.0,
                0.0,
                0.0,
                0.0,
                0.0,
                0.0,
                0.0,
                0.0,
                0.0,
                0.0,
                0.0,
                0.0
            ],
            "average_cpu_busy": 0.0,
            "user_cpu_time": 0.002624,
            "sys_cpu_time": 0.0,
            "total_cpu_time": 0.002624,
            "max_rss": 17884,
            "exit_code": 0,
            "failed": false
        },
        {
            "index": 3,
            "input": 20000.0,
            "run_time": 880459.0,
            "start_time": 1679581690569739807,
            "stop_time": 1679581690570620266,
            "ram_samples": [],
            "cpu_samples": [
                0.0,
                0.0,
                0.0,
                0.0,
                0.0,
                0.0,
                0.0,
                0.0,
                0.0,
                0.0,
                0.0,
                0.0,
                0.0,
                0.0,
                0.0,
                0.0
            ],
            "average_cpu_busy": 0.0,
            "user_cpu_time": 0.002528,
            "sys_cpu_time": 0.0,
            "total_cpu_time": 0.002528,
            "max_rss": 17948,
            "exit_code": 0,
            "failed": false
        },
        {
            "index": 4,
            "input": 20000.0,
            "run_time": 858397.0,
            "start_time": 1679581690575174802,
            "stop_time": 1679581690576033199,
            "ram_samples": [],
            "cpu_samples": [
                0.0,
                0.0,
                0.0,
                0.0,
                0.0,
                0.0,
                0.0,
                0.0,
                0.0,
                0.0,
                0.0,
                0.0,
                0.0,
                0.0,
                0.0,
                0.0
            ],
            "average_cpu_busy": 0.0,
            "user_cpu_time": 0.0030759999999999997,
            "sys_cpu_time": 0.0,
            "total_cpu_time": 0.0030759999999999997,
            "max_rss": 17948,
            "exit_code": 0,
            "failed": false
        },
        {
            "index": 5,
            "input": 20000.0,
            "run_time": 913111.0,
            "start_time": 1679581690581512077,
            "stop_time": 1679581690582425188,
            "ram_samples": [],
            "cpu_samples": [
                0.0,
                0.0,
                0.0,
                0.0,
                100.0,
                0.0,
                0.0,
                0.0,
                0.0,
                0.0,
                0.0,
                0.0,
                100.0,
                0.0,
                0.0,
                0.0
            ],
            "average_cpu_busy": 1.826222e-06,
            "user_cpu_time": 0.0,
            "sys_cpu_time": 0.002696,
            "total_cpu_time": 0.002696,
            "max_rss": 17884,
            "exit_code": 0,
            "failed": false
        }
    ]
}