{
    "bench": "nbody-7.c",
    "language": "c",
    "input": 20000.0,
    "average_runtime": 872878.6666666666,
    "average_cpu_busy": 0.0,
    "average_ram_load": 0,
    "run_results": [
        {
            "index": 0,
            "input": 20000.0,
            "run_time": 908133.0,
            "start_time": 1679756191499304216,
            "stop_time": 1679756191500212349,
            "ram_samples": [],
            "cpu_samples": [
                0.0,
                0.0,
                0.0,
                0.0,
                0.0,
                0.0,
                0.0,
                0.0,
                0.0,
                0.0,
                0.0,
                0.0,
                0.0,
                0.0,
                0.0,
                0.0
            ],
            "average_cpu_busy": 0.0,
            "user_cpu_time": 0.002242,
            "sys_cpu_time": 0.0,
            "total_cpu_time": 0.002242,
            "max_rss": 18248,
            "exit_code": 0,
            "failed": false
        },
        {
            "index": 1,
            "input": 20000.0,
            "run_time": 862427.0,
            "start_time": 1679756191504917424,
            "stop_time": 1679756191505779851,
            "ram_samples": [],
            "cpu_samples": [
                0.0,
                0.0,
                0.0,
                0.0,
                0.0,
                0.0,
                0.0,
                0.0,
                0.0,
                0.0,
                0.0,
                0.0,
                0.0,
                0.0,
                0.0,
                0.0
            ],
            "average_cpu_busy": 0.0,
            "user_cpu_time": 0.002264,
            "sys_cpu_time": 0.0,
            "total_cpu_time": 0.002264,
            "max_rss": 18252,
            "exit_code": 0,
            "failed": false
        },
        {
            "index": 2,
            "input": 20000.0,
            "run_time": 925205.0,
            "start_time": 1679756191510456823,
            "stop_time": 1679756191511382028,
            "ram_samples": [],
            "cpu_samples": [
                0.0,
                0.0,
                0.0,
                0.0,
                0.0,
                0.0,
                0.0,
                0.0,
                0.0,
                0.0,
                0.0,
                0.0,
                0.0,
                0.0,
                0.0,
                0.0
            ],
            "average_cpu_busy": 0.0,
            "user_cpu_time": 0.0022919999999999998,
            "sys_cpu_time": 0.0,
            "total_cpu_time": 0.0022919999999999998,
            "max_rss": 18252,
            "exit_code": 0,
            "failed": false
        },
        {
            "index": 3,
            "input": 20000.0,
            "run_time": 805611.0,
            "start_time": 1679756191516086963,
            "stop_time": 1679756191516892574,
            "ram_samples": [],
            "cpu_samples": [
                0.0,
                0.0,
                0.0,
                0.0,
                0.0,
                0.0,
                0.0,
                0.0,
                0.0,
                0.0,
                0.0,
                0.0,
                0.0,
                0.0,
                0.0,
                0.0
            ],
            "average_cpu_busy": 0.0,
            "user_cpu_time": 0.00217,
            "sys_cpu_time": 0.0,
            "total_cpu_time": 0.00217,
            "max_rss": 18252,
            "exit_code": 0,
            "failed": false
        },
        {
            "index": 4,
            "input": 20000.0,
            "run_time": 899628.0,
            "start_time": 1679756191521449280,
            "stop_time": 1679756191522348908,
            "ram_samples": [],
            "cpu_samples": [
                0.0,
                0.0,
                0.0,
                0.0,
                0.0,
                0.0,
                0.0,
                0.0,
                0.0,
                0.0,
                0.0,
                0.0,
                0.0,
                0.0,
                0.0,
                0.0
            ],
            "average_cpu_busy": 0.0,
            "user_cpu_time": 0.002237,
            "sys_cpu_time": 0.0,
            "total_cpu_time": 0.002237,
            "max_rss": 18252,
            "exit_code": 0,
            "failed": false
        },
        {
            "index": 5,
            "input": 20000.0,
            "run_time": 836268.0,
            "start_time": 1679756191526955107,
            "stop_time": 1679756191527791375,
            "ram_samples": [],
            "cpu_samples": [
                0.0,
                0.0,
                0.0,
                0.0,
                0.0,
                0.0,
                0.0,
                0.0,
                0.0,
                0.0,
                0.0,
                0.0,
                0.0,
                0.0,
                0.0,
                0.0
            ],
            "average_cpu_busy": 0.0,
            "user_cpu_time": 0.0021839999999999997,
            "sys_cpu_time": 0.0,
            "total_cpu_time": 0.0021839999999999997,
            "max_rss": 18252,
            "exit_code": 0,
            "failed": false
        }
    ]
}