{
    "bench": "nbody-7.c",
    "language": "c",
    "input": 40000.0,
    "average_run_time": 866652.0,
    "maximum_run_time": 902011.0,
    "minimum_run_time": 837751.0,
    "average_cpu_time": 0.004014833333333333,
    "minimum_cpu_time": 0.003958,
    "maximum_cpu_time": 0.004141,
    "average_cpu_busy": 0,
    "average_ram_load": 0,
    "run_results": [
        {
            "index": 0,
            "input": 40000.0,
            "run_time": 851828.0,
            "start_time": 1680003233157104945,
            "stop_time": 1680003233157956773,
            "ram_samples": [],
            "cpu_samples": [
                0.0,
                0.0,
                0.0,
                0.0,
                0.0,
                0.0,
                0.0,
                0.0,
                0.0,
                0.0,
                0.0,
                0.0,
                0.0,
                0.0,
                0.0,
                0.0
            ],
            "average_cpu_busy": 0.0,
            "user_cpu_time": 0.003994,
            "sys_cpu_time": 0.0,
            "total_cpu_time": 0.003994,
            "max_rss": 19760,
            "exit_code": 0,
            "failed": false
        },
        {
            "index": 1,
            "input": 40000.0,
            "run_time": 868750.0,
            "start_time": 1680003233164487712,
            "stop_time": 1680003233165356462,
            "ram_samples": [],
            "cpu_samples": [
                0.0,
                0.0,
                0.0,
                0.0,
                0.0,
                0.0,
                0.0,
                0.0,
                0.0,
                0.0,
                0.0,
                0.0,
                0.0,
                0.0,
                0.0,
                0.0
            ],
            "average_cpu_busy": 0.0,
            "user_cpu_time": 0.003981999999999999,
            "sys_cpu_time": 0.0,
            "total_cpu_time": 0.003981999999999999,
            "max_rss": 19760,
            "exit_code": 0,
            "failed": false
        },
        {
            "index": 2,
            "input": 40000.0,
            "run_time": 837751.0,
            "start_time": 1680003233172073580,
            "stop_time": 1680003233172911331,
            "ram_samples": [],
            "cpu_samples": [
                0.0,
                0.0,
                0.0,
                0.0,
                0.0,
                0.0,
                0.0,
                0.0,
                0.0,
                0.0,
                0.0,
                0.0,
                0.0,
                0.0,
                0.0,
                0.0
            ],
            "average_cpu_busy": 0.0,
            "user_cpu_time": 0.004018,
            "sys_cpu_time": 0.0,
            "total_cpu_time": 0.004018,
            "max_rss": 19760,
            "exit_code": 0,
            "failed": false
        },
        {
            "index": 3,
            "input": 40000.0,
            "run_time": 874149.0,
            "start_time": 1680003233179675869,
            "stop_time": 1680003233180550018,
            "ram_samples": [],
            "cpu_samples": [
                0.0,
                0.0,
                0.0,
                0.0,
                0.0,
                0.0,
                0.0,
                0.0,
                0.0,
                0.0,
                0.0,
                0.0,
                0.0,
                0.0,
                0.0,
                0.0
            ],
            "average_cpu_busy": 0.0,
            "user_cpu_time": 0.003958,
            "sys_cpu_time": 0.0,
            "total_cpu_time": 0.003958,
            "max_rss": 19760,
            "exit_code": 0,
            "failed": false
        },
        {
            "index": 4,
            "input": 40000.0,
            "run_time": 865423.0,
            "start_time": 1680003233187074686,
            "stop_time": 1680003233187940109,
            "ram_samples": [],
            "cpu_samples": [
                0.0,
                0.0,
                0.0,
                0.0,
                0.0,
                0.0,
                0.0,
                0.0,
                0.0,
                0.0,
                0.0,
                0.0,
                0.0,
                0.0,
                0.0,
                0.0
            ],
            "average_cpu_busy": 0.0,
            "user_cpu_time": 0.004141,
            "sys_cpu_time": 0.0,
            "total_cpu_time": 0.004141,
            "max_rss": 19760,
            "exit_code": 0,
            "failed": false
        },
        {
            "index": 5,
            "input": 40000.0,
            "run_time": 902011.0,
            "start_time": 1680003233194687234,
            "stop_time": 1680003233195589245,
            "ram_samples": [],
            "cpu_samples": [
                0.0,
                0.0,
                0.0,
                0.0,
                0.0,
                0.0,
                0.0,
                0.0,
                0.0,
                0.0,
                0.0,
                0.0,
                0.0,
                0.0,
                0.0,
                0.0
            ],
            "average_cpu_busy": 0.0,
            "user_cpu_time": 0.0039959999999999996,
            "sys_cpu_time": 0.0,
            "total_cpu_time": 0.0039959999999999996,
            "max_rss": 19760,
            "exit_code": 0,
            "failed": false
        }
    ]
}