{
    "bench": "nbody-2.java",
    "language": "java",
    "input": 10000.0,
    "average_run_time": 1160197.6666666667,
    "maximum_run_time": 1265373.0,
    "minimum_run_time": 1123357.0,
    "average_cpu_time": 0.0201125,
    "minimum_cpu_time": 0.019641,
    "maximum_cpu_time": 0.020385,
    "average_cpu_busy": 0,
    "average_ram_load": 0,
    "run_results": [
        {
            "index": 0,
            "input": 10000.0,
            "run_time": 1135620.0,
            "start_time": 1680003241674168869,
            "stop_time": 1680003241675304489,
            "ram_samples": [],
            "cpu_samples": [
                0.0,
                0.0,
                0.0,
                0.0,
                0.0,
                0.0,
                0.0,
                0.0,
                0.0,
                0.0,
                0.0,
                0.0,
                0.0,
                0.0,
                0.0,
                0.0
            ],
            "average_cpu_busy": 0.0,
            "user_cpu_time": 0.01218,
            "sys_cpu_time": 0.00812,
            "total_cpu_time": 0.0203,
            "max_rss": 37888,
            "exit_code": 256,
            "failed": false
        },
        {
            "index": 1,
            "input": 10000.0,
            "run_time": 1142493.0,
            "start_time": 1680003241695867576,
            "stop_time": 1680003241697010069,
            "ram_samples": [],
            "cpu_samples": [
                0.0,
                0.0,
                0.0,
                0.0,
                0.0,
                0.0,
                0.0,
                0.0,
                0.0,
                0.0,
                0.0,
                0.0,
                0.0,
                0.0,
                0.0,
                0.0
            ],
            "average_cpu_busy": 0.0,
            "user_cpu_time": 0.0,
            "sys_cpu_time": 0.020194,
            "total_cpu_time": 0.020194,
            "max_rss": 38144,
            "exit_code": 256,
            "failed": false
        },
        {
            "index": 2,
            "input": 10000.0,
            "run_time": 1143174.0,
            "start_time": 1680003241717676661,
            "stop_time": 1680003241718819835,
            "ram_samples": [],
            "cpu_samples": [
                100.0,
                0.0,
                0.0,
                0.0,
                0.0,
                0.0,
                0.0,
                0.0,
                0.0,
                0.0,
                0.0,
                0.0,
                0.0,
                0.0,
                0.0,
                0.0
            ],
            "average_cpu_busy": 1.1431739999999998e-06,
            "user_cpu_time": 0.012206999999999999,
            "sys_cpu_time": 0.008138,
            "total_cpu_time": 0.020345,
            "max_rss": 38144,
            "exit_code": 256,
            "failed": false
        },
        {
            "index": 3,
            "input": 10000.0,
            "run_time": 1123357.0,
            "start_time": 1680003241739753488,
            "stop_time": 1680003241740876845,
            "ram_samples": [],
            "cpu_samples": [
                0.0,
                0.0,
                0.0,
                0.0,
                0.0,
                0.0,
                0.0,
                0.0,
                0.0,
                0.0,
                0.0,
                0.0,
                0.0,
                0.0,
                0.0,
                0.0
            ],
            "average_cpu_busy": 0.0,
            "user_cpu_time": 0.009904999999999999,
            "sys_cpu_time": 0.009904999999999999,
            "total_cpu_time": 0.019809999999999998,
            "max_rss": 38272,
            "exit_code": 256,
            "failed": false
        },
        {
            "index": 4,
            "input": 10000.0,
            "run_time": 1265373.0,
            "start_time": 1680003241761561260,
            "stop_time": 1680003241762826633,
            "ram_samples": [],
            "cpu_samples": [
                0.0,
                0.0,
                0.0,
                0.0,
                0.0,
                0.0,
                0.0,
                0.0,
                0.0,
                0.0,
                0.0,
                0.0,
                100.0,
                0.0,
                0.0,
                0.0
            ],
            "average_cpu_busy": 1.265373e-06,
            "user_cpu_time": 0.006547,
            "sys_cpu_time": 0.013094,
            "total_cpu_time": 0.019641,
            "max_rss": 37888,
            "exit_code": 256,
            "failed": false
        },
        {
            "index": 5,
            "input": 10000.0,
            "run_time": 1151169.0,
            "start_time": 1680003241782987526,
            "stop_time": 1680003241784138695,
            "ram_samples": [],
            "cpu_samples": [
                0.0,
                0.0,
                0.0,
                0.0,
                0.0,
                0.0,
                0.0,
                0.0,
                0.0,
                0.0,
                0.0,
                0.0,
                0.0,
                0.0,
                0.0,
                0.0
            ],
            "average_cpu_busy": 0.0,
            "user_cpu_time": 0.008154,
            "sys_cpu_time": 0.012230999999999999,
            "total_cpu_time": 0.020385,
            "max_rss": 37888,
            "exit_code": 256,
            "failed": false
        }
    ]
}