{
    "bench": "nbody-1.ada",
    "language": "ada",
    "input": 50000.0,
    "average_run_time": 904673.1666666666,
    "maximum_run_time": 943489.0,
    "minimum_run_time": 865343.0,
    "average_cpu_time": 0.006099500000000001,
    "minimum_cpu_time": 0.005996,
    "maximum_cpu_time": 0.006219,
    "average_cpu_busy": 0,
    "average_ram_load": 0,
    "run_results": [
        {
            "index": 0,
            "input": 50000.0,
            "run_time": 902673.0,
            "start_time": 1680003233770000124,
            "stop_time": 1680003233770902797,
            "ram_samples": [],
            "cpu_samples": [
                0.0,
                0.0,
                0.0,
                0.0,
                0.0,
                0.0,
                0.0,
                0.0,
                100.0,
                0.0,
                0.0,
                0.0,
                0.0,
                0.0,
                0.0,
                0.0
            ],
            "average_cpu_busy": 9.026729999999998e-07,
            "user_cpu_time": 0.003042,
            "sys_cpu_time": 0.003042,
            "total_cpu_time": 0.006084,
            "max_rss": 19864,
            "exit_code": 0,
            "failed": false
        },
        {
            "index": 1,
            "input": 50000.0,
            "run_time": 902262.0,
            "start_time": 1680003233779455108,
            "stop_time": 1680003233780357370,
            "ram_samples": [],
            "cpu_samples": [
                0.0,
                0.0,
                0.0,
                0.0,
                0.0,
                0.0,
                0.0,
                0.0,
                0.0,
                0.0,
                0.0,
                0.0,
                0.0,
                0.0,
                0.0,
                0.0
            ],
            "average_cpu_busy": 0.0,
            "user_cpu_time": 0.006219,
            "sys_cpu_time": 0.0,
            "total_cpu_time": 0.006219,
            "max_rss": 19868,
            "exit_code": 0,
            "failed": false
        },
        {
            "index": 2,
            "input": 50000.0,
            "run_time": 865343.0,
            "start_time": 1680003233789225823,
            "stop_time": 1680003233790091166,
            "ram_samples": [],
            "cpu_samples": [
                0.0,
                0.0,
                0.0,
                0.0,
                0.0,
                0.0,
                0.0,
                0.0,
                0.0,
                0.0,
                0.0,
                0.0,
                0.0,
                0.0,
                0.0,
                0.0
            ],
            "average_cpu_busy": 0.0,
            "user_cpu_time": 0.006096,
            "sys_cpu_time": 0.0,
            "total_cpu_time": 0.006096,
            "max_rss": 19868,
            "exit_code": 0,
            "failed": false
        },
        {
            "index": 3,
            "input": 50000.0,
            "run_time": 943489.0,
            "start_time": 1680003233798715492,
            "stop_time": 1680003233799658981,
            "ram_samples": [],
            "cpu_samples": [
                0.0,
                0.0,
                0.0,
                0.0,
                0.0,
                0.0,
                0.0,
                0.0,
                0.0,
                0.0,
                0.0,
                0.0,
                0.0,
                0.0,
                0.0,
                0.0
            ],
            "average_cpu_busy": 0.0,
            "user_cpu_time": 0.0062039999999999994,
            "sys_cpu_time": 0.0,
            "total_cpu_time": 0.0062039999999999994,
            "max_rss": 19868,
            "exit_code": 0,
            "failed": false
        },
        {
            "index": 4,
            "input": 50000.0,
            "run_time": 875011.0,
            "start_time": 1680003233808360582,
            "stop_time": 1680003233809235593,
            "ram_samples": [],
            "cpu_samples": [
                0.0,
                0.0,
                0.0,
                0.0,
                0.0,
                0.0,
                0.0,
                0.0,
                0.0,
                0.0,
                0.0,
                0.0,
                0.0,
                0.0,
                0.0,
                0.0
            ],
            "average_cpu_busy": 0.0,
            "user_cpu_time": 0.005996,
            "sys_cpu_time": 0.0,
            "total_cpu_time": 0.005996,
            "max_rss": 19872,
            "exit_code": 0,
            "failed": false
        },
        {
            "index": 5,
            "input": 50000.0,
            "run_time": 939261.0,
            "start_time": 1680003233817824212,
            "stop_time": 1680003233818763473,
            "ram_samples": [],
            "cpu_samples": [
                0.0,
                0.0,
                0.0,
                0.0,
                0.0,
                0.0,
                0.0,
                0.0,
                0.0,
                0.0,
                0.0,
                0.0,
                0.0,
                0.0,
                0.0,
                0.0
            ],
            "average_cpu_busy": 0.0,
            "user_cpu_time": 0.002999,
            "sys_cpu_time": 0.002999,
            "total_cpu_time": 0.005998,
            "max_rss": 19872,
            "exit_code": 0,
            "failed": false
        }
    ]
}