{
    "bench": "nbody-3.rust",
    "language": "rust",
    "input": 30000.0,
    "average_run_time": 890237.6666666666,
    "maximum_run_time": 915276.0,
    "minimum_run_time": 869881.0,
    "average_cpu_time": 0.0027728333333333333,
    "minimum_cpu_time": 0.002686,
    "maximum_cpu_time": 0.0028899999999999998,
    "average_cpu_busy": 0,
    "average_ram_load": 0,
    "run_results": [
        {
            "index": 0,
            "input": 30000.0,
            "run_time": 887905.0,
            "start_time": 1680003237852572962,
            "stop_time": 1680003237853460867,
            "ram_samples": [],
            "cpu_samples": [
                0.0,
                0.0,
                0.0,
                0.0,
                0.0,
                0.0,
                0.0,
                0.0,
                0.0,
                0.0,
                0.0,
                0.0,
                0.0,
                0.0,
                0.0,
                0.0
            ],
            "average_cpu_busy": 0.0,
            "user_cpu_time": 0.002777,
            "sys_cpu_time": 0.0,
            "total_cpu_time": 0.002777,
            "max_rss": 20620,
            "exit_code": 0,
            "failed": false
        },
        {
            "index": 1,
            "input": 30000.0,
            "run_time": 890841.0,
            "start_time": 1680003237859251839,
            "stop_time": 1680003237860142680,
            "ram_samples": [],
            "cpu_samples": [
                0.0,
                0.0,
                0.0,
                0.0,
                0.0,
                0.0,
                0.0,
                0.0,
                0.0,
                0.0,
                0.0,
                0.0,
                0.0,
                0.0,
                0.0,
                0.0
            ],
            "average_cpu_busy": 0.0,
            "user_cpu_time": 0.002686,
            "sys_cpu_time": 0.0,
            "total_cpu_time": 0.002686,
            "max_rss": 20624,
            "exit_code": 0,
            "failed": false
        },
        {
            "index": 2,
            "input": 30000.0,
            "run_time": 873508.0,
            "start_time": 1680003237865564108,
            "stop_time": 1680003237866437616,
            "ram_samples": [],
            "cpu_samples": [
                0.0,
                0.0,
                0.0,
                0.0,
                0.0,
                0.0,
                0.0,
                0.0,
                0.0,
                0.0,
                0.0,
                0.0,
                0.0,
                0.0,
                0.0,
                0.0
            ],
            "average_cpu_busy": 0.0,
            "user_cpu_time": 0.0027689999999999998,
            "sys_cpu_time": 0.0,
            "total_cpu_time": 0.0027689999999999998,
            "max_rss": 20624,
            "exit_code": 0,
            "failed": false
        },
        {
            "index": 3,
            "input": 30000.0,
            "run_time": 869881.0,
            "start_time": 1680003237871677855,
            "stop_time": 1680003237872547736,
            "ram_samples": [],
            "cpu_samples": [
                0.0,
                0.0,
                0.0,
                0.0,
                0.0,
                0.0,
                0.0,
                0.0,
                0.0,
                0.0,
                0.0,
                0.0,
                0.0,
                0.0,
                0.0,
                0.0
            ],
            "average_cpu_busy": 0.0,
            "user_cpu_time": 0.0028899999999999998,
            "sys_cpu_time": 0.0,
            "total_cpu_time": 0.0028899999999999998,
            "max_rss": 20624,
            "exit_code": 0,
            "failed": false
        },
        {
            "index": 4,
            "input": 30000.0,
            "run_time": 904015.0,
            "start_time": 1680003237878075003,
            "stop_time": 1680003237878979018,
            "ram_samples": [],
            "cpu_samples": [
                0.0,
                0.0,
                0.0,
                0.0,
                0.0,
                0.0,
                0.0,
                0.0,
                0.0,
                0.0,
                0.0,
                0.0,
                0.0,
                0.0,
                0.0,
                0.0
            ],
            "average_cpu_busy": 0.0,
            "user_cpu_time": 0.002708,
            "sys_cpu_time": 0.0,
            "total_cpu_time": 0.002708,
            "max_rss": 20624,
            "exit_code": 0,
            "failed": false
        },
        {
            "index": 5,
            "input": 30000.0,
            "run_time": 915276.0,
            "start_time": 1680003237884381261,
            "stop_time": 1680003237885296537,
            "ram_samples": [],
            "cpu_samples": [
                0.0,
                0.0,
                0.0,
                0.0,
                0.0,
                0.0,
                0.0,
                0.0,
                0.0,
                0.0,
                0.0,
                0.0,
                0.0,
                0.0,
                0.0,
                0.0
            ],
            "average_cpu_busy": 0.0,
            "user_cpu_time": 0.002807,
            "sys_cpu_time": 0.0,
            "total_cpu_time": 0.002807,
            "max_rss": 20624,
            "exit_code": 0,
            "failed": false
        }
    ]
}