{
    "bench": "nbody-1.ada",
    "language": "ada",
    "input": 20000.0,
    "average_run_time": 885771.3333333334,
    "maximum_run_time": 1062994.0,
    "minimum_run_time": 815760.0,
    "average_cpu_time": 0.003044,
    "minimum_cpu_time": 0.002879,
    "maximum_cpu_time": 0.0032259999999999997,
    "average_cpu_busy": 0,
    "average_ram_load": 0,
    "run_results": [
        {
            "index": 0,
            "input": 20000.0,
            "run_time": 853611.0,
            "start_time": 1680003233631683692,
            "stop_time": 1680003233632537303,
            "ram_samples": [],
            "cpu_samples": [
                0.0,
                0.0,
                0.0,
                0.0,
                0.0,
                0.0,
                0.0,
                0.0,
                0.0,
                0.0,
                0.0,
                0.0,
                0.0,
                0.0,
                0.0,
                0.0
            ],
            "average_cpu_busy": 0.0,
            "user_cpu_time": 0.0032259999999999997,
            "sys_cpu_time": 0.0,
            "total_cpu_time": 0.0032259999999999997,
            "max_rss": 19820,
            "exit_code": 0,
            "failed": false
        },
        {
            "index": 1,
            "input": 20000.0,
            "run_time": 1062994.0,
            "start_time": 1680003233638011039,
            "stop_time": 1680003233639074033,
            "ram_samples": [],
            "cpu_samples": [
                0.0,
                0.0,
                0.0,
                0.0,
                0.0,
                0.0,
                100.0,
                100.0,
                0.0,
                0.0,
                0.0,
                0.0,
                0.0,
                0.0,
                0.0,
                0.0
            ],
            "average_cpu_busy": 2.125988e-06,
            "user_cpu_time": 0.0030729999999999998,
            "sys_cpu_time": 0.0,
            "total_cpu_time": 0.0030729999999999998,
            "max_rss": 19820,
            "exit_code": 0,
            "failed": false
        },
        {
            "index": 2,
            "input": 20000.0,
            "run_time": 815760.0,
            "start_time": 1680003233644697891,
            "stop_time": 1680003233645513651,
            "ram_samples": [],
            "cpu_samples": [
                0.0,
                0.0,
                0.0,
                0.0,
                0.0,
                0.0,
                0.0,
                0.0,
                0.0,
                0.0,
                0.0,
                0.0,
                0.0,
                0.0,
                0.0,
                0.0
            ],
            "average_cpu_busy": 0.0,
            "user_cpu_time": 0.003124,
            "sys_cpu_time": 0.0,
            "total_cpu_time": 0.003124,
            "max_rss": 19820,
            "exit_code": 0,
            "failed": false
        },
        {
            "index": 3,
            "input": 20000.0,
            "run_time": 840377.0,
            "start_time": 1680003233651018385,
            "stop_time": 1680003233651858762,
            "ram_samples": [],
            "cpu_samples": [
                0.0,
                0.0,
                0.0,
                0.0,
                0.0,
                0.0,
                0.0,
                0.0,
                0.0,
                0.0,
                0.0,
                0.0,
                0.0,
                0.0,
                0.0,
                0.0
            ],
            "average_cpu_busy": 0.0,
            "user_cpu_time": 0.0029779999999999997,
            "sys_cpu_time": 0.0,
            "total_cpu_time": 0.0029779999999999997,
            "max_rss": 19820,
            "exit_code": 0,
            "failed": false
        },
        {
            "index": 4,
            "input": 20000.0,
            "run_time": 835096.0,
            "start_time": 1680003233657586615,
            "stop_time": 1680003233658421711,
            "ram_samples": [],
            "cpu_samples": [
                0.0,
                0.0,
                0.0,
                0.0,
                0.0,
                0.0,
                0.0,
                0.0,
                0.0,
                0.0,
                0.0,
                0.0,
                0.0,
                0.0,
                0.0,
                0.0
            ],
            "average_cpu_busy": 0.0,
            "user_cpu_time": 0.002879,
            "sys_cpu_time": 0.0,
            "total_cpu_time": 0.002879,
            "max_rss": 19820,
            "exit_code": 0,
            "failed": false
        },
        {
            "index": 5,
            "input": 20000.0,
            "run_time": 906790.0,
            "start_time": 1680003233664006596,
            "stop_time": 1680003233664913386,
            "ram_samples": [],
            "cpu_samples": [
                0.0,
                0.0,
                0.0,
                0.0,
                0.0,
                0.0,
                0.0,
                0.0,
                0.0,
                0.0,
                0.0,
                0.0,
                0.0,
                0.0,
                0.0,
                0.0
            ],
            "average_cpu_busy": 0.0,
            "user_cpu_time": 0.0029839999999999997,
            "sys_cpu_time": 0.0,
            "total_cpu_time": 0.0029839999999999997,
            "max_rss": 19820,
            "exit_code": 0,
            "failed": false
        }
    ]
}