{
    "bench": "nbody-1.java",
    "language": "java",
    "input": 20000.0,
    "average_run_time": 1158067.0,
    "maximum_run_time": 1241569.0,
    "minimum_run_time": 1121383.0,
    "average_cpu_time": 0.05061766666666667,
    "minimum_cpu_time": 0.04951799999999999,
    "maximum_cpu_time": 0.051471,
    "average_cpu_busy": 0,
    "average_ram_load": 0,
    "run_results": [
        {
            "index": 0,
            "input": 20000.0,
            "run_time": 1241569.0,
            "start_time": 1679838017643074188,
            "stop_time": 1679838017644315757,
            "ram_samples": [],
            "cpu_samples": [
                0.0,
                0.0,
                0.0,
                0.0,
                0.0,
                0.0,
                0.0,
                0.0,
                0.0,
                0.0,
                0.0,
                0.0,
                0.0,
                0.0,
                0.0,
                0.0
            ],
            "average_cpu_busy": 0.0,
            "user_cpu_time": 0.041851,
            "sys_cpu_time": 0.0093,
            "total_cpu_time": 0.051151,
            "max_rss": 42752,
            "exit_code": 256,
            "failed": false
        },
        {
            "index": 1,
            "input": 20000.0,
            "run_time": 1132694.0,
            "start_time": 1679838017691630289,
            "stop_time": 1679838017692762983,
            "ram_samples": [],
            "cpu_samples": [
                0.0,
                0.0,
                0.0,
                0.0,
                0.0,
                0.0,
                0.0,
                0.0,
                0.0,
                0.0,
                0.0,
                0.0,
                0.0,
                0.0,
                0.0,
                0.0
            ],
            "average_cpu_busy": 0.0,
            "user_cpu_time": 0.032264,
            "sys_cpu_time": 0.018435999999999998,
            "total_cpu_time": 0.050699999999999995,
            "max_rss": 42240,
            "exit_code": 256,
            "failed": false
        },
        {
            "index": 2,
            "input": 20000.0,
            "run_time": 1146881.0,
            "start_time": 1679838017739055799,
            "stop_time": 1679838017740202680,
            "ram_samples": [],
            "cpu_samples": [
                0.0,
                0.0,
                0.0,
                0.0,
                0.0,
                0.0,
                0.0,
                0.0,
                0.0,
                0.0,
                0.0,
                0.0,
                0.0,
                0.0,
                0.0,
                0.0
            ],
            "average_cpu_busy": 0.0,
            "user_cpu_time": 0.035501,
            "sys_cpu_time": 0.015215,
            "total_cpu_time": 0.050716,
            "max_rss": 42880,
            "exit_code": 256,
            "failed": false
        },
        {
            "index": 3,
            "input": 20000.0,
            "run_time": 1162821.0,
            "start_time": 1679838017786411828,
            "stop_time": 1679838017787574649,
            "ram_samples": [],
            "cpu_samples": [
                0.0,
                0.0,
                0.0,
                0.0,
                0.0,
                0.0,
                0.0,
                0.0,
                0.0,
                0.0,
                0.0,
                0.0,
                0.0,
                0.0,
                0.0,
                0.0
            ],
            "average_cpu_busy": 0.0,
            "user_cpu_time": 0.036777,
            "sys_cpu_time": 0.013373,
            "total_cpu_time": 0.05015,
            "max_rss": 42496,
            "exit_code": 256,
            "failed": false
        },
        {
            "index": 4,
            "input": 20000.0,
            "run_time": 1143054.0,
            "start_time": 1679838017832483930,
            "stop_time": 1679838017833626984,
            "ram_samples": [],
            "cpu_samples": [
                0.0,
                0.0,
                0.0,
                0.0,
                0.0,
                0.0,
                0.0,
                0.0,
                0.0,
                0.0,
                0.0,
                0.0,
                0.0,
                0.0,
                0.0,
                0.0
            ],
            "average_cpu_busy": 0.0,
            "user_cpu_time": 0.035634,
            "sys_cpu_time": 0.015837,
            "total_cpu_time": 0.051471,
            "max_rss": 42624,
            "exit_code": 256,
            "failed": false
        },
        {
            "index": 5,
            "input": 20000.0,
            "run_time": 1121383.0,
            "start_time": 1679838017870680220,
            "stop_time": 1679838017871801603,
            "ram_samples": [],
            "cpu_samples": [
                0.0,
                0.0,
                0.0,
                0.0,
                0.0,
                0.0,
                0.0,
                0.0,
                0.0,
                0.0,
                0.0,
                0.0,
                0.0,
                0.0,
                0.0,
                0.0
            ],
            "average_cpu_busy": 0.0,
            "user_cpu_time": 0.038907,
            "sys_cpu_time": 0.010610999999999999,
            "total_cpu_time": 0.04951799999999999,
            "max_rss": 42368,
            "exit_code": 256,
            "failed": false
        }
    ]
}