{
    "bench": "nbody-4.c",
    "language": "c",
    "input": 10000.0,
    "average_run_time": 1006995.1666666666,
    "maximum_run_time": 1172519.0,
    "minimum_run_time": 889057.0,
    "average_cpu_time": 0.0011836666666666666,
    "minimum_cpu_time": 0.000957,
    "maximum_cpu_time": 0.001913,
    "average_cpu_busy": 0,
    "average_ram_load": 0,
    "run_results": [
        {
            "index": 0,
            "input": 10000.0,
            "run_time": 972063.0,
            "start_time": 1680003232771402122,
            "stop_time": 1680003232772374185,
            "ram_samples": [],
            "cpu_samples": [
                0.0,
                0.0,
                0.0,
                0.0,
                0.0,
                0.0,
                0.0,
                0.0,
                0.0,
                0.0,
                0.0,
                0.0,
                0.0,
                0.0,
                0.0,
                0.0
            ],
            "average_cpu_busy": 0.0,
            "user_cpu_time": 0.001913,
            "sys_cpu_time": 0.0,
            "total_cpu_time": 0.001913,
            "max_rss": 19624,
            "exit_code": 0,
            "failed": false
        },
        {
            "index": 1,
            "input": 10000.0,
            "run_time": 1172519.0,
            "start_time": 1680003232777013266,
            "stop_time": 1680003232778185785,
            "ram_samples": [],
            "cpu_samples": [
                0.0,
                0.0,
                0.0,
                0.0,
                0.0,
                0.0,
                0.0,
                0.0,
                0.0,
                0.0,
                0.0,
                0.0,
                0.0,
                0.0,
                0.0,
                0.0
            ],
            "average_cpu_busy": 0.0,
            "user_cpu_time": 0.001114,
            "sys_cpu_time": 0.0,
            "total_cpu_time": 0.001114,
            "max_rss": 19632,
            "exit_code": 0,
            "failed": false
        },
        {
            "index": 2,
            "input": 10000.0,
            "run_time": 989015.0,
            "start_time": 1680003232781706198,
            "stop_time": 1680003232782695213,
            "ram_samples": [],
            "cpu_samples": [
                0.0,
                0.0,
                0.0,
                0.0,
                0.0,
                0.0,
                0.0,
                0.0,
                0.0,
                0.0,
                0.0,
                0.0,
                0.0,
                0.0,
                0.0,
                0.0
            ],
            "average_cpu_busy": 0.0,
            "user_cpu_time": 0.0,
            "sys_cpu_time": 0.000993,
            "total_cpu_time": 0.000993,
            "max_rss": 19632,
            "exit_code": 0,
            "failed": false
        },
        {
            "index": 3,
            "input": 10000.0,
            "run_time": 1031545.0,
            "start_time": 1680003232786586762,
            "stop_time": 1680003232787618307,
            "ram_samples": [],
            "cpu_samples": [
                0.0,
                0.0,
                0.0,
                0.0,
                0.0,
                0.0,
                0.0,
                0.0,
                0.0,
                0.0,
                0.0,
                0.0,
                0.0,
                0.0,
                0.0,
                0.0
            ],
            "average_cpu_busy": 0.0,
            "user_cpu_time": 0.001049,
            "sys_cpu_time": 0.0,
            "total_cpu_time": 0.001049,
            "max_rss": 19632,
            "exit_code": 0,
            "failed": false
        },
        {
            "index": 4,
            "input": 10000.0,
            "run_time": 889057.0,
            "start_time": 1680003232790960365,
            "stop_time": 1680003232791849422,
            "ram_samples": [],
            "cpu_samples": [
                0.0,
                0.0,
                0.0,
                0.0,
                0.0,
                0.0,
                0.0,
                0.0,
                0.0,
                0.0,
                0.0,
                0.0,
                0.0,
                0.0,
                0.0,
                0.0
            ],
            "average_cpu_busy": 0.0,
            "user_cpu_time": 0.000957,
            "sys_cpu_time": 0.0,
            "total_cpu_time": 0.000957,
            "max_rss": 19632,
            "exit_code": 0,
            "failed": false
        },
        {
            "index": 5,
            "input": 10000.0,
            "run_time": 987772.0,
            "start_time": 1680003232795431902,
            "stop_time": 1680003232796419674,
            "ram_samples": [],
            "cpu_samples": [
                0.0,
                0.0,
                0.0,
                0.0,
                0.0,
                0.0,
                0.0,
                0.0,
                0.0,
                0.0,
                0.0,
                0.0,
                0.0,
                0.0,
                0.0,
                0.0
            ],
            "average_cpu_busy": 0.0,
            "user_cpu_time": 0.001076,
            "sys_cpu_time": 0.0,
            "total_cpu_time": 0.001076,
            "max_rss": 19632,
            "exit_code": 0,
            "failed": false
        }
    ]
}