{
    "bench": "nbody-2.cpp",
    "input": 20000.0,
    "average_runtime": 1043737.0,
    "average_cpu_busy": 4.013953333333333e-07,
    "average_ram_load": 0,
    "run_results": [
        {
            "index": 0,
            "input": 20000.0,
            "run_time": 1024434.0,
            "start_time": 1679581692816323703,
            "stop_time": 1679581692817348137,
            "ram_samples": [],
            "cpu_samples": [
                0.0,
                0.0,
                0.0,
                0.0,
                0.0,
                0.0,
                0.0,
                0.0,
                0.0,
                0.0,
                0.0,
                0.0,
                0.0,
                0.0,
                0.0,
                0.0
            ],
            "average_cpu_busy": 0.0,
            "user_cpu_time": 0.00257,
            "sys_cpu_time": 0.0,
            "total_cpu_time": 0.00257,
            "max_rss": 18080,
            "exit_code": 0,
            "failed": false
        },
        {
            "index": 1,
            "input": 20000.0,
            "run_time": 992081.0,
            "start_time": 1679581692822206893,
            "stop_time": 1679581692823198974,
            "ram_samples": [],
            "cpu_samples": [
                0.0,
                0.0,
                0.0,
                0.0,
                0.0,
                0.0,
                0.0,
                0.0,
                0.0,
                0.0,
                0.0,
                0.0,
                0.0,
                0.0,
                0.0,
                0.0
            ],
            "average_cpu_busy": 0.0,
            "user_cpu_time": 0.0018729999999999999,
            "sys_cpu_time": 0.0,
            "total_cpu_time": 0.0018729999999999999,
            "max_rss": 18084,
            "exit_code": 0,
            "failed": false
        },
        {
            "index": 2,
            "input": 20000.0,
            "run_time": 1003764.0,
            "start_time": 1679581692827256392,
            "stop_time": 1679581692828260156,
            "ram_samples": [],
            "cpu_samples": [
                0.0,
                0.0,
                0.0,
                0.0,
                0.0,
                0.0,
                0.0,
                0.0,
                0.0,
                0.0,
                0.0,
                0.0,
                0.0,
                0.0,
                0.0,
                0.0
            ],
            "average_cpu_busy": 0.0,
            "user_cpu_time": 0.0018969999999999998,
            "sys_cpu_time": 0.0,
            "total_cpu_time": 0.0018969999999999998,
            "max_rss": 18140,
            "exit_code": 0,
            "failed": false
        },
        {
            "index": 3,
            "input": 20000.0,
            "run_time": 985219.0,
            "start_time": 1679581692832475505,
            "stop_time": 1679581692833460724,
            "ram_samples": [],
            "cpu_samples": [
                0.0,
                0.0,
                0.0,
                0.0,
                0.0,
                0.0,
                0.0,
                0.0,
                0.0,
                0.0,
                0.0,
                0.0,
                0.0,
                0.0,
                0.0,
                0.0
            ],
            "average_cpu_busy": 0.0,
            "user_cpu_time": 0.001966,
            "sys_cpu_time": 0.0,
            "total_cpu_time": 0.001966,
            "max_rss": 18084,
            "exit_code": 0,
            "failed": false
        },
        {
            "index": 4,
            "input": 20000.0,
            "run_time": 1204186.0,
            "start_time": 1679581692837760774,
            "stop_time": 1679581692838964960,
            "ram_samples": [],
            "cpu_samples": [
                0.0,
                0.0,
                0.0,
                0.0,
                0.0,
                0.0,
                0.0,
                0.0,
                100.0,
                0.0,
                0.0,
                0.0,
                0.0,
                0.0,
                100.0,
                0.0
            ],
            "average_cpu_busy": 2.4083719999999997e-06,
            "user_cpu_time": 0.001944,
            "sys_cpu_time": 0.0,
            "total_cpu_time": 0.001944,
            "max_rss": 18084,
            "exit_code": 0,
            "failed": false
        },
        {
            "index": 5,
            "input": 20000.0,
            "run_time": 1052738.0,
            "start_time": 1679581692843234512,
            "stop_time": 1679581692844287250,
            "ram_samples": [],
            "cpu_samples": [
                0.0,
                0.0,
                0.0,
                0.0,
                0.0,
                0.0,
                0.0,
                0.0,
                0.0,
                0.0,
                0.0,
                0.0,
                0.0,
                0.0,
                0.0,
                0.0
            ],
            "average_cpu_busy": 0.0,
            "user_cpu_time": 0.003381,
            "sys_cpu_time": 0.0,
            "total_cpu_time": 0.003381,
            "max_rss": 18088,
            "exit_code": 0,
            "failed": false
        }
    ]
}