{
    "bench": "nbody-4.c",
    "language": "c",
    "input": 20000.0,
    "average_run_time": 839942.0,
    "maximum_run_time": 883086.0,
    "minimum_run_time": 785604.0,
    "average_cpu_time": 0.0014638333333333333,
    "minimum_cpu_time": 0.0014039999999999999,
    "maximum_cpu_time": 0.0015119999999999999,
    "average_cpu_busy": 0,
    "average_ram_load": 0,
    "run_results": [
        {
            "index": 0,
            "input": 20000.0,
            "run_time": 845856.0,
            "start_time": 1679838013540967844,
            "stop_time": 1679838013541813700,
            "ram_samples": [],
            "cpu_samples": [
                0.0,
                0.0,
                0.0,
                0.0,
                0.0,
                0.0,
                0.0,
                0.0,
                0.0,
                0.0,
                0.0,
                0.0,
                0.0,
                0.0,
                0.0,
                0.0
            ],
            "average_cpu_busy": 0.0,
            "user_cpu_time": 0.001413,
            "sys_cpu_time": 0.0,
            "total_cpu_time": 0.001413,
            "max_rss": 18432,
            "exit_code": 0,
            "failed": false
        },
        {
            "index": 1,
            "input": 20000.0,
            "run_time": 817924.0,
            "start_time": 1679838013545528528,
            "stop_time": 1679838013546346452,
            "ram_samples": [],
            "cpu_samples": [
                0.0,
                0.0,
                0.0,
                0.0,
                0.0,
                0.0,
                0.0,
                0.0,
                0.0,
                0.0,
                0.0,
                0.0,
                0.0,
                0.0,
                0.0,
                0.0
            ],
            "average_cpu_busy": 0.0,
            "user_cpu_time": 0.0014449999999999999,
            "sys_cpu_time": 0.0,
            "total_cpu_time": 0.0014449999999999999,
            "max_rss": 18432,
            "exit_code": 0,
            "failed": false
        },
        {
            "index": 2,
            "input": 20000.0,
            "run_time": 883086.0,
            "start_time": 1679838013550172949,
            "stop_time": 1679838013551056035,
            "ram_samples": [],
            "cpu_samples": [
                0.0,
                0.0,
                0.0,
                0.0,
                0.0,
                0.0,
                0.0,
                0.0,
                0.0,
                0.0,
                0.0,
                0.0,
                0.0,
                0.0,
                0.0,
                0.0
            ],
            "average_cpu_busy": 0.0,
            "user_cpu_time": 0.0015119999999999999,
            "sys_cpu_time": 0.0,
            "total_cpu_time": 0.0015119999999999999,
            "max_rss": 18436,
            "exit_code": 0,
            "failed": false
        },
        {
            "index": 3,
            "input": 20000.0,
            "run_time": 834305.0,
            "start_time": 1679838013554833520,
            "stop_time": 1679838013555667825,
            "ram_samples": [],
            "cpu_samples": [
                0.0,
                0.0,
                0.0,
                0.0,
                0.0,
                0.0,
                0.0,
                0.0,
                0.0,
                0.0,
                0.0,
                0.0,
                0.0,
                0.0,
                0.0,
                0.0
            ],
            "average_cpu_busy": 0.0,
            "user_cpu_time": 0.001498,
            "sys_cpu_time": 0.0,
            "total_cpu_time": 0.001498,
            "max_rss": 18436,
            "exit_code": 0,
            "failed": false
        },
        {
            "index": 4,
            "input": 20000.0,
            "run_time": 872877.0,
            "start_time": 1679838013559644964,
            "stop_time": 1679838013560517841,
            "ram_samples": [],
            "cpu_samples": [
                0.0,
                0.0,
                0.0,
                0.0,
                0.0,
                0.0,
                0.0,
                0.0,
                0.0,
                0.0,
                0.0,
                0.0,
                0.0,
                0.0,
                0.0,
                0.0
            ],
            "average_cpu_busy": 0.0,
            "user_cpu_time": 0.001511,
            "sys_cpu_time": 0.0,
            "total_cpu_time": 0.001511,
            "max_rss": 18436,
            "exit_code": 0,
            "failed": false
        },
        {
            "index": 5,
            "input": 20000.0,
            "run_time": 785604.0,
            "start_time": 1679838013564344909,
            "stop_time": 1679838013565130513,
            "ram_samples": [],
            "cpu_samples": [
                0.0,
                0.0,
                0.0,
                0.0,
                0.0,
                0.0,
                0.0,
                0.0,
                0.0,
                0.0,
                0.0,
                0.0,
                0.0,
                0.0,
                0.0,
                0.0
            ],
            "average_cpu_busy": 0.0,
            "user_cpu_time": 0.0014039999999999999,
            "sys_cpu_time": 0.0,
            "total_cpu_time": 0.0014039999999999999,
            "max_rss": 18436,
            "exit_code": 0,
            "failed": false
        }
    ]
}