{
    "bench": "nbody-4.rust",
    "input": 20000.0,
    "average_runtime": 841995.5,
    "average_cpu_busy": 0.0,
    "average_ram_load": 0,
    "run_results": [
        {
            "index": 0,
            "input": 20000.0,
            "run_time": 845452.0,
            "start_time": 1679581687955732926,
            "stop_time": 1679581687956578378,
            "ram_samples": [],
            "cpu_samples": [
                0.0,
                0.0,
                0.0,
                0.0,
                0.0,
                0.0,
                0.0,
                0.0,
                0.0,
                0.0,
                0.0,
                0.0,
                0.0,
                0.0,
                0.0,
                0.0
            ],
            "average_cpu_busy": 0.0,
            "user_cpu_time": 0.001692,
            "sys_cpu_time": 0.0,
            "total_cpu_time": 0.001692,
            "max_rss": 17644,
            "exit_code": 0,
            "failed": false
        },
        {
            "index": 1,
            "input": 20000.0,
            "run_time": 836665.0,
            "start_time": 1679581687960527179,
            "stop_time": 1679581687961363844,
            "ram_samples": [],
            "cpu_samples": [
                0.0,
                0.0,
                0.0,
                0.0,
                0.0,
                0.0,
                0.0,
                0.0,
                0.0,
                0.0,
                0.0,
                0.0,
                0.0,
                0.0,
                0.0,
                0.0
            ],
            "average_cpu_busy": 0.0,
            "user_cpu_time": 0.001614,
            "sys_cpu_time": 0.0,
            "total_cpu_time": 0.001614,
            "max_rss": 17644,
            "exit_code": 0,
            "failed": false
        },
        {
            "index": 2,
            "input": 20000.0,
            "run_time": 802560.0,
            "start_time": 1679581687965345928,
            "stop_time": 1679581687966148488,
            "ram_samples": [],
            "cpu_samples": [
                0.0,
                0.0,
                0.0,
                0.0,
                0.0,
                0.0,
                0.0,
                0.0,
                0.0,
                0.0,
                0.0,
                0.0,
                0.0,
                0.0,
                0.0,
                0.0
            ],
            "average_cpu_busy": 0.0,
            "user_cpu_time": 0.0017469999999999999,
            "sys_cpu_time": 0.0,
            "total_cpu_time": 0.0017469999999999999,
            "max_rss": 17644,
            "exit_code": 0,
            "failed": false
        },
        {
            "index": 3,
            "input": 20000.0,
            "run_time": 896580.0,
            "start_time": 1679581687970131593,
            "stop_time": 1679581687971028173,
            "ram_samples": [],
            "cpu_samples": [
                0.0,
                0.0,
                0.0,
                0.0,
                0.0,
                0.0,
                0.0,
                0.0,
                0.0,
                0.0,
                0.0,
                0.0,
                0.0,
                0.0,
                0.0,
                0.0
            ],
            "average_cpu_busy": 0.0,
            "user_cpu_time": 0.0022459999999999997,
            "sys_cpu_time": 0.0,
            "total_cpu_time": 0.0022459999999999997,
            "max_rss": 17644,
            "exit_code": 0,
            "failed": false
        },
        {
            "index": 4,
            "input": 20000.0,
            "run_time": 829902.0,
            "start_time": 1679581687975466347,
            "stop_time": 1679581687976296249,
            "ram_samples": [],
            "cpu_samples": [
                0.0,
                0.0,
                0.0,
                0.0,
                0.0,
                0.0,
                0.0,
                0.0,
                0.0,
                0.0,
                0.0,
                0.0,
                0.0,
                0.0,
                0.0,
                0.0
            ],
            "average_cpu_busy": 0.0,
            "user_cpu_time": 0.0017,
            "sys_cpu_time": 0.0,
            "total_cpu_time": 0.0017,
            "max_rss": 17644,
            "exit_code": 0,
            "failed": false
        },
        {
            "index": 5,
            "input": 20000.0,
            "run_time": 840814.0,
            "start_time": 1679581687980204462,
            "stop_time": 1679581687981045276,
            "ram_samples": [],
            "cpu_samples": [
                0.0,
                0.0,
                0.0,
                0.0,
                0.0,
                0.0,
                0.0,
                0.0,
                0.0,
                0.0,
                0.0,
                0.0,
                0.0,
                0.0,
                0.0,
                0.0
            ],
            "average_cpu_busy": 0.0,
            "user_cpu_time": 0.0017079999999999999,
            "sys_cpu_time": 0.0,
            "total_cpu_time": 0.0017079999999999999,
            "max_rss": 17640,
            "exit_code": 0,
            "failed": false
        }
    ]
}