{
    "bench": "nbody-1.ada",
    "language": "ada",
    "input": 10000.0,
    "average_run_time": 927632.0,
    "maximum_run_time": 1149617.0,
    "minimum_run_time": 845927.0,
    "average_cpu_time": 0.0022828333333333333,
    "minimum_cpu_time": 0.0020269999999999997,
    "maximum_cpu_time": 0.002621,
    "average_cpu_busy": 0,
    "average_ram_load": 0,
    "run_results": [
        {
            "index": 0,
            "input": 10000.0,
            "run_time": 884970.0,
            "start_time": 1679838014071345685,
            "stop_time": 1679838014072230655,
            "ram_samples": [],
            "cpu_samples": [
                0.0,
                0.0,
                0.0,
                0.0,
                0.0,
                0.0,
                0.0,
                0.0,
                0.0,
                0.0,
                0.0,
                0.0,
                0.0,
                0.0,
                0.0,
                0.0
            ],
            "average_cpu_busy": 0.0,
            "user_cpu_time": 0.002058,
            "sys_cpu_time": 0.0,
            "total_cpu_time": 0.002058,
            "max_rss": 18488,
            "exit_code": 0,
            "failed": false
        },
        {
            "index": 1,
            "input": 10000.0,
            "run_time": 925717.0,
            "start_time": 1679838014076759910,
            "stop_time": 1679838014077685627,
            "ram_samples": [],
            "cpu_samples": [
                0.0,
                0.0,
                0.0,
                0.0,
                0.0,
                0.0,
                0.0,
                0.0,
                0.0,
                0.0,
                0.0,
                0.0,
                0.0,
                0.0,
                0.0,
                0.0
            ],
            "average_cpu_busy": 0.0,
            "user_cpu_time": 0.0,
            "sys_cpu_time": 0.002621,
            "total_cpu_time": 0.002621,
            "max_rss": 18488,
            "exit_code": 0,
            "failed": false
        },
        {
            "index": 2,
            "input": 10000.0,
            "run_time": 1149617.0,
            "start_time": 1679838014082913291,
            "stop_time": 1679838014084062908,
            "ram_samples": [],
            "cpu_samples": [
                0.0,
                0.0,
                0.0,
                0.0,
                0.0,
                0.0,
                0.0,
                0.0,
                0.0,
                0.0,
                0.0,
                0.0,
                0.0,
                0.0,
                0.0,
                0.0
            ],
            "average_cpu_busy": 0.0,
            "user_cpu_time": 0.0021319999999999998,
            "sys_cpu_time": 0.0,
            "total_cpu_time": 0.0021319999999999998,
            "max_rss": 18492,
            "exit_code": 0,
            "failed": false
        },
        {
            "index": 3,
            "input": 10000.0,
            "run_time": 871104.0,
            "start_time": 1679838014088766389,
            "stop_time": 1679838014089637493,
            "ram_samples": [],
            "cpu_samples": [
                0.0,
                0.0,
                0.0,
                0.0,
                0.0,
                0.0,
                0.0,
                0.0,
                0.0,
                0.0,
                0.0,
                0.0,
                0.0,
                0.0,
                0.0,
                0.0
            ],
            "average_cpu_busy": 0.0,
            "user_cpu_time": 0.002423,
            "sys_cpu_time": 0.0,
            "total_cpu_time": 0.002423,
            "max_rss": 18492,
            "exit_code": 0,
            "failed": false
        },
        {
            "index": 4,
            "input": 10000.0,
            "run_time": 845927.0,
            "start_time": 1679838014094534317,
            "stop_time": 1679838014095380244,
            "ram_samples": [],
            "cpu_samples": [
                0.0,
                0.0,
                0.0,
                0.0,
                0.0,
                0.0,
                0.0,
                0.0,
                0.0,
                0.0,
                0.0,
                0.0,
                0.0,
                0.0,
                0.0,
                0.0
            ],
            "average_cpu_busy": 0.0,
            "user_cpu_time": 0.002436,
            "sys_cpu_time": 0.0,
            "total_cpu_time": 0.002436,
            "max_rss": 18492,
            "exit_code": 0,
            "failed": false
        },
        {
            "index": 5,
            "input": 10000.0,
            "run_time": 888457.0,
            "start_time": 1679838014100285033,
            "stop_time": 1679838014101173490,
            "ram_samples": [],
            "cpu_samples": [
                0.0,
                0.0,
                0.0,
                0.0,
                0.0,
                0.0,
                0.0,
                0.0,
                0.0,
                0.0,
                0.0,
                0.0,
                0.0,
                0.0,
                0.0,
                0.0
            ],
            "average_cpu_busy": 0.0,
            "user_cpu_time": 0.0020269999999999997,
            "sys_cpu_time": 0.0,
            "total_cpu_time": 0.0020269999999999997,
            "max_rss": 18500,
            "exit_code": 0,
            "failed": false
        }
    ]
}