{
    "bench": "nbody-4.c",
    "input": 20000.0,
    "average_runtime": 946565.1666666666,
    "average_cpu_busy": 0.0,
    "average_ram_load": 0,
    "run_results": [
        {
            "index": 0,
            "input": 20000.0,
            "run_time": 1141948.0,
            "start_time": 1679581689036044471,
            "stop_time": 1679581689037186419,
            "ram_samples": [],
            "cpu_samples": [
                0.0,
                0.0,
                0.0,
                0.0,
                0.0,
                0.0,
                0.0,
                0.0,
                0.0,
                0.0,
                0.0,
                0.0,
                0.0,
                0.0,
                0.0,
                0.0
            ],
            "average_cpu_busy": 0.0,
            "user_cpu_time": 0.0028569999999999997,
            "sys_cpu_time": 0.0,
            "total_cpu_time": 0.0028569999999999997,
            "max_rss": 17656,
            "exit_code": 0,
            "failed": false
        },
        {
            "index": 1,
            "input": 20000.0,
            "run_time": 898814.0,
            "start_time": 1679581689042470185,
            "stop_time": 1679581689043368999,
            "ram_samples": [],
            "cpu_samples": [
                0.0,
                0.0,
                0.0,
                0.0,
                0.0,
                0.0,
                0.0,
                0.0,
                0.0,
                0.0,
                0.0,
                0.0,
                0.0,
                0.0,
                0.0,
                0.0
            ],
            "average_cpu_busy": 0.0,
            "user_cpu_time": 0.001475,
            "sys_cpu_time": 0.0,
            "total_cpu_time": 0.001475,
            "max_rss": 17656,
            "exit_code": 0,
            "failed": false
        },
        {
            "index": 2,
            "input": 20000.0,
            "run_time": 860682.0,
            "start_time": 1679581689047674028,
            "stop_time": 1679581689048534710,
            "ram_samples": [],
            "cpu_samples": [
                0.0,
                0.0,
                0.0,
                0.0,
                0.0,
                0.0,
                0.0,
                0.0,
                0.0,
                0.0,
                0.0,
                0.0,
                0.0,
                0.0,
                0.0,
                0.0
            ],
            "average_cpu_busy": 0.0,
            "user_cpu_time": 0.001504,
            "sys_cpu_time": 0.0,
            "total_cpu_time": 0.001504,
            "max_rss": 17656,
            "exit_code": 0,
            "failed": false
        },
        {
            "index": 3,
            "input": 20000.0,
            "run_time": 912820.0,
            "start_time": 1679581689052419248,
            "stop_time": 1679581689053332068,
            "ram_samples": [],
            "cpu_samples": [
                0.0,
                0.0,
                0.0,
                0.0,
                0.0,
                0.0,
                0.0,
                0.0,
                0.0,
                0.0,
                0.0,
                0.0,
                0.0,
                0.0,
                0.0,
                0.0
            ],
            "average_cpu_busy": 0.0,
            "user_cpu_time": 0.001472,
            "sys_cpu_time": 0.0,
            "total_cpu_time": 0.001472,
            "max_rss": 17664,
            "exit_code": 0,
            "failed": false
        },
        {
            "index": 4,
            "input": 20000.0,
            "run_time": 951805.0,
            "start_time": 1679581689057225553,
            "stop_time": 1679581689058177358,
            "ram_samples": [],
            "cpu_samples": [
                0.0,
                0.0,
                0.0,
                0.0,
                0.0,
                0.0,
                0.0,
                0.0,
                0.0,
                0.0,
                0.0,
                0.0,
                0.0,
                0.0,
                0.0,
                0.0
            ],
            "average_cpu_busy": 0.0,
            "user_cpu_time": 0.001565,
            "sys_cpu_time": 0.0,
            "total_cpu_time": 0.001565,
            "max_rss": 17664,
            "exit_code": 0,
            "failed": false
        },
        {
            "index": 5,
            "input": 20000.0,
            "run_time": 913322.0,
            "start_time": 1679581689062094558,
            "stop_time": 1679581689063007880,
            "ram_samples": [],
            "cpu_samples": [
                0.0,
                0.0,
                0.0,
                0.0,
                0.0,
                0.0,
                0.0,
                0.0,
                0.0,
                0.0,
                0.0,
                0.0,
                0.0,
                0.0,
                0.0,
                0.0
            ],
            "average_cpu_busy": 0.0,
            "user_cpu_time": 0.001462,
            "sys_cpu_time": 0.0,
            "total_cpu_time": 0.001462,
            "max_rss": 17728,
            "exit_code": 0,
            "failed": false
        }
    ]
}