{
    "bench": "nbody-1.c",
    "language": "c",
    "input": 40000.0,
    "average_run_time": 898462.0,
    "maximum_run_time": 1017699.0,
    "minimum_run_time": 835467.0,
    "average_cpu_time": 0.0039635,
    "minimum_cpu_time": 0.0039049999999999996,
    "maximum_cpu_time": 0.004038,
    "average_cpu_busy": 0,
    "average_ram_load": 0,
    "run_results": [
        {
            "index": 0,
            "input": 40000.0,
            "run_time": 843762.0,
            "start_time": 1680003236885788629,
            "stop_time": 1680003236886632391,
            "ram_samples": [],
            "cpu_samples": [
                0.0,
                0.0,
                0.0,
                0.0,
                0.0,
                0.0,
                0.0,
                0.0,
                0.0,
                0.0,
                0.0,
                0.0,
                0.0,
                0.0,
                0.0,
                0.0
            ],
            "average_cpu_busy": 0.0,
            "user_cpu_time": 0.0,
            "sys_cpu_time": 0.003907,
            "total_cpu_time": 0.003907,
            "max_rss": 20452,
            "exit_code": 0,
            "failed": false
        },
        {
            "index": 1,
            "input": 40000.0,
            "run_time": 835467.0,
            "start_time": 1680003236893249883,
            "stop_time": 1680003236894085350,
            "ram_samples": [],
            "cpu_samples": [
                0.0,
                0.0,
                0.0,
                0.0,
                0.0,
                0.0,
                0.0,
                0.0,
                0.0,
                0.0,
                0.0,
                0.0,
                0.0,
                0.0,
                0.0,
                0.0
            ],
            "average_cpu_busy": 0.0,
            "user_cpu_time": 0.004038,
            "sys_cpu_time": 0.0,
            "total_cpu_time": 0.004038,
            "max_rss": 20452,
            "exit_code": 0,
            "failed": false
        },
        {
            "index": 2,
            "input": 40000.0,
            "run_time": 891753.0,
            "start_time": 1680003236900562999,
            "stop_time": 1680003236901454752,
            "ram_samples": [],
            "cpu_samples": [
                0.0,
                0.0,
                0.0,
                0.0,
                0.0,
                0.0,
                0.0,
                0.0,
                0.0,
                0.0,
                0.0,
                0.0,
                0.0,
                0.0,
                0.0,
                0.0
            ],
            "average_cpu_busy": 0.0,
            "user_cpu_time": 0.003988,
            "sys_cpu_time": 0.0,
            "total_cpu_time": 0.003988,
            "max_rss": 20452,
            "exit_code": 0,
            "failed": false
        },
        {
            "index": 3,
            "input": 40000.0,
            "run_time": 920637.0,
            "start_time": 1680003236908888965,
            "stop_time": 1680003236909809602,
            "ram_samples": [],
            "cpu_samples": [
                0.0,
                0.0,
                0.0,
                0.0,
                0.0,
                0.0,
                0.0,
                0.0,
                0.0,
                0.0,
                0.0,
                0.0,
                0.0,
                0.0,
                0.0,
                0.0
            ],
            "average_cpu_busy": 0.0,
            "user_cpu_time": 0.0040089999999999995,
            "sys_cpu_time": 0.0,
            "total_cpu_time": 0.0040089999999999995,
            "max_rss": 20452,
            "exit_code": 0,
            "failed": false
        },
        {
            "index": 4,
            "input": 40000.0,
            "run_time": 881454.0,
            "start_time": 1680003236916541227,
            "stop_time": 1680003236917422681,
            "ram_samples": [],
            "cpu_samples": [
                0.0,
                0.0,
                0.0,
                0.0,
                0.0,
                0.0,
                0.0,
                0.0,
                0.0,
                0.0,
                0.0,
                0.0,
                0.0,
                0.0,
                0.0,
                0.0
            ],
            "average_cpu_busy": 0.0,
            "user_cpu_time": 0.003934,
            "sys_cpu_time": 0.0,
            "total_cpu_time": 0.003934,
            "max_rss": 20456,
            "exit_code": 0,
            "failed": false
        },
        {
            "index": 5,
            "input": 40000.0,
            "run_time": 1017699.0,
            "start_time": 1680003236924010076,
            "stop_time": 1680003236925027775,
            "ram_samples": [],
            "cpu_samples": [
                0.0,
                0.0,
                0.0,
                0.0,
                0.0,
                0.0,
                0.0,
                0.0,
                0.0,
                0.0,
                0.0,
                0.0,
                0.0,
                0.0,
                0.0,
                0.0
            ],
            "average_cpu_busy": 0.0,
            "user_cpu_time": 0.0039049999999999996,
            "sys_cpu_time": 0.0,
            "total_cpu_time": 0.0039049999999999996,
            "max_rss": 20456,
            "exit_code": 0,
            "failed": false
        }
    ]
}