{
    "bench": "nbody-2.c",
    "language": "c",
    "input": 20000.0,
    "average_run_time": 843383.5,
    "maximum_run_time": 887083.0,
    "minimum_run_time": 799069.0,
    "average_cpu_time": 0.0022306666666666664,
    "minimum_cpu_time": 0.0021869999999999997,
    "maximum_cpu_time": 0.002253,
    "average_cpu_busy": 0,
    "average_ram_load": 0,
    "run_results": [
        {
            "index": 0,
            "input": 20000.0,
            "run_time": 887083.0,
            "start_time": 1679838015887748279,
            "stop_time": 1679838015888635362,
            "ram_samples": [],
            "cpu_samples": [
                0.0,
                0.0,
                0.0,
                0.0,
                0.0,
                0.0,
                0.0,
                0.0,
                0.0,
                0.0,
                0.0,
                0.0,
                0.0,
                0.0,
                0.0,
                0.0
            ],
            "average_cpu_busy": 0.0,
            "user_cpu_time": 0.0022489999999999997,
            "sys_cpu_time": 0.0,
            "total_cpu_time": 0.0022489999999999997,
            "max_rss": 18732,
            "exit_code": 0,
            "failed": false
        },
        {
            "index": 1,
            "input": 20000.0,
            "run_time": 839815.0,
            "start_time": 1679838015893250669,
            "stop_time": 1679838015894090484,
            "ram_samples": [],
            "cpu_samples": [
                0.0,
                0.0,
                0.0,
                0.0,
                0.0,
                0.0,
                0.0,
                0.0,
                0.0,
                0.0,
                0.0,
                0.0,
                0.0,
                0.0,
                0.0,
                0.0
            ],
            "average_cpu_busy": 0.0,
            "user_cpu_time": 0.0022459999999999997,
            "sys_cpu_time": 0.0,
            "total_cpu_time": 0.0022459999999999997,
            "max_rss": 18736,
            "exit_code": 0,
            "failed": false
        },
        {
            "index": 2,
            "input": 20000.0,
            "run_time": 881463.0,
            "start_time": 1679838015898687416,
            "stop_time": 1679838015899568879,
            "ram_samples": [],
            "cpu_samples": [
                0.0,
                0.0,
                0.0,
                0.0,
                0.0,
                0.0,
                0.0,
                0.0,
                0.0,
                0.0,
                0.0,
                0.0,
                0.0,
                0.0,
                0.0,
                0.0
            ],
            "average_cpu_busy": 0.0,
            "user_cpu_time": 0.002253,
            "sys_cpu_time": 0.0,
            "total_cpu_time": 0.002253,
            "max_rss": 18736,
            "exit_code": 0,
            "failed": false
        },
        {
            "index": 3,
            "input": 20000.0,
            "run_time": 827212.0,
            "start_time": 1679838015904258114,
            "stop_time": 1679838015905085326,
            "ram_samples": [],
            "cpu_samples": [
                0.0,
                0.0,
                0.0,
                0.0,
                0.0,
                0.0,
                0.0,
                0.0,
                0.0,
                0.0,
                0.0,
                0.0,
                0.0,
                0.0,
                0.0,
                0.0
            ],
            "average_cpu_busy": 0.0,
            "user_cpu_time": 0.002229,
            "sys_cpu_time": 0.0,
            "total_cpu_time": 0.002229,
            "max_rss": 18744,
            "exit_code": 0,
            "failed": false
        },
        {
            "index": 4,
            "input": 20000.0,
            "run_time": 799069.0,
            "start_time": 1679838015909501208,
            "stop_time": 1679838015910300277,
            "ram_samples": [],
            "cpu_samples": [
                0.0,
                0.0,
                0.0,
                0.0,
                0.0,
                0.0,
                0.0,
                0.0,
                0.0,
                0.0,
                0.0,
                0.0,
                0.0,
                0.0,
                0.0,
                0.0
            ],
            "average_cpu_busy": 0.0,
            "user_cpu_time": 0.0022199999999999998,
            "sys_cpu_time": 0.0,
            "total_cpu_time": 0.0022199999999999998,
            "max_rss": 18744,
            "exit_code": 0,
            "failed": false
        },
        {
            "index": 5,
            "input": 20000.0,
            "run_time": 825659.0,
            "start_time": 1679838015914522205,
            "stop_time": 1679838015915347864,
            "ram_samples": [],
            "cpu_samples": [
                0.0,
                0.0,
                0.0,
                0.0,
                0.0,
                0.0,
                0.0,
                0.0,
                0.0,
                0.0,
                0.0,
                0.0,
                0.0,
                0.0,
                0.0,
                0.0
            ],
            "average_cpu_busy": 0.0,
            "user_cpu_time": 0.0021869999999999997,
            "sys_cpu_time": 0.0,
            "total_cpu_time": 0.0021869999999999997,
            "max_rss": 18744,
            "exit_code": 0,
            "failed": false
        }
    ]
}