{
    "bench": "nbody-3.java",
    "language": "java",
    "input": 20000.0,
    "average_runtime": 1276355.5,
    "average_cpu_busy": 0.0,
    "average_ram_load": 0,
    "run_results": [
        {
            "index": 0,
            "input": 20000.0,
            "run_time": 1099021.0,
            "start_time": 1679835068837168314,
            "stop_time": 1679835068838267335,
            "ram_samples": [],
            "cpu_samples": [
                0.0,
                0.0,
                0.0,
                0.0,
                0.0,
                0.0,
                0.0,
                0.0,
                0.0,
                0.0,
                0.0,
                0.0,
                0.0,
                0.0,
                0.0,
                0.0
            ],
            "average_cpu_busy": 0.0,
            "user_cpu_time": 0.011196,
            "sys_cpu_time": 0.011196,
            "total_cpu_time": 0.022392,
            "max_rss": 38144,
            "exit_code": 256,
            "failed": false
        },
        {
            "index": 1,
            "input": 20000.0,
            "run_time": 1136552.0,
            "start_time": 1679835068861313530,
            "stop_time": 1679835068862450082,
            "ram_samples": [],
            "cpu_samples": [
                0.0,
                0.0,
                0.0,
                0.0,
                0.0,
                0.0,
                0.0,
                0.0,
                0.0,
                0.0,
                0.0,
                0.0,
                0.0,
                0.0,
                0.0,
                0.0
            ],
            "average_cpu_busy": 0.0,
            "user_cpu_time": 0.012785,
            "sys_cpu_time": 0.008523,
            "total_cpu_time": 0.021308,
            "max_rss": 38016,
            "exit_code": 256,
            "failed": false
        },
        {
            "index": 2,
            "input": 20000.0,
            "run_time": 1373316.0,
            "start_time": 1679835068884119695,
            "stop_time": 1679835068885493011,
            "ram_samples": [],
            "cpu_samples": [
                0.0,
                0.0,
                0.0,
                0.0,
                0.0,
                0.0,
                0.0,
                0.0,
                0.0,
                0.0,
                0.0,
                0.0,
                0.0,
                0.0,
                0.0,
                0.0
            ],
            "average_cpu_busy": 0.0,
            "user_cpu_time": 0.013753,
            "sys_cpu_time": 0.009169,
            "total_cpu_time": 0.022921999999999998,
            "max_rss": 38016,
            "exit_code": 256,
            "failed": false
        },
        {
            "index": 3,
            "input": 20000.0,
            "run_time": 1123447.0,
            "start_time": 1679835068908945958,
            "stop_time": 1679835068910069405,
            "ram_samples": [],
            "cpu_samples": [
                0.0,
                0.0,
                0.0,
                0.0,
                0.0,
                0.0,
                0.0,
                0.0,
                0.0,
                0.0,
                0.0,
                0.0,
                0.0,
                0.0,
                0.0,
                0.0
            ],
            "average_cpu_busy": 0.0,
            "user_cpu_time": 0.016907,
            "sys_cpu_time": 0.004226,
            "total_cpu_time": 0.021133,
            "max_rss": 38144,
            "exit_code": 256,
            "failed": false
        },
        {
            "index": 4,
            "input": 20000.0,
            "run_time": 1531212.0,
            "start_time": 1679835068932543477,
            "stop_time": 1679835068934074689,
            "ram_samples": [],
            "cpu_samples": [
                0.0,
                0.0,
                0.0,
                0.0,
                0.0,
                0.0,
                0.0,
                0.0,
                0.0,
                0.0,
                0.0,
                0.0,
                0.0,
                0.0,
                0.0,
                0.0
            ],
            "average_cpu_busy": 0.0,
            "user_cpu_time": 0.007908,
            "sys_cpu_time": 0.015816,
            "total_cpu_time": 0.023724000000000002,
            "max_rss": 38272,
            "exit_code": 256,
            "failed": false
        },
        {
            "index": 5,
            "input": 20000.0,
            "run_time": 1394585.0,
            "start_time": 1679835068958579059,
            "stop_time": 1679835068959973644,
            "ram_samples": [],
            "cpu_samples": [
                0.0,
                0.0,
                0.0,
                0.0,
                0.0,
                0.0,
                0.0,
                0.0,
                0.0,
                0.0,
                0.0,
                0.0,
                0.0,
                0.0,
                0.0,
                0.0
            ],
            "average_cpu_busy": 0.0,
            "user_cpu_time": 0.016613,
            "sys_cpu_time": 0.004153,
            "total_cpu_time": 0.020766,
            "max_rss": 38016,
            "exit_code": 256,
            "failed": false
        }
    ],
    "maximum_runtime": 1531212.0,
    "minimum_runtime": 1099021.0
}