{
    "bench": "nbody-1.rust",
    "language": "rust",
    "input": 20000.0,
    "average_run_time": 870152.1666666666,
    "maximum_run_time": 917130.0,
    "minimum_run_time": 821181.0,
    "average_cpu_time": 0.0020795,
    "minimum_cpu_time": 0.001999,
    "maximum_cpu_time": 0.002111,
    "average_cpu_busy": 0,
    "average_ram_load": 0,
    "run_results": [
        {
            "index": 0,
            "input": 20000.0,
            "run_time": 897654.0,
            "start_time": 1679838016986093584,
            "stop_time": 1679838016986991238,
            "ram_samples": [],
            "cpu_samples": [
                0.0,
                0.0,
                0.0,
                0.0,
                0.0,
                0.0,
                0.0,
                100.0,
                0.0,
                0.0,
                0.0,
                0.0,
                0.0,
                0.0,
                0.0,
                0.0
            ],
            "average_cpu_busy": 8.976540000000001e-07,
            "user_cpu_time": 0.001999,
            "sys_cpu_time": 0.0,
            "total_cpu_time": 0.001999,
            "max_rss": 18888,
            "exit_code": 0,
            "failed": false
        },
        {
            "index": 1,
            "input": 20000.0,
            "run_time": 876825.0,
            "start_time": 1679838016991442546,
            "stop_time": 1679838016992319371,
            "ram_samples": [],
            "cpu_samples": [
                0.0,
                0.0,
                0.0,
                0.0,
                0.0,
                0.0,
                0.0,
                0.0,
                0.0,
                0.0,
                0.0,
                0.0,
                0.0,
                0.0,
                0.0,
                0.0
            ],
            "average_cpu_busy": 0.0,
            "user_cpu_time": 0.002107,
            "sys_cpu_time": 0.0,
            "total_cpu_time": 0.002107,
            "max_rss": 18888,
            "exit_code": 0,
            "failed": false
        },
        {
            "index": 2,
            "input": 20000.0,
            "run_time": 821181.0,
            "start_time": 1679838016996654261,
            "stop_time": 1679838016997475442,
            "ram_samples": [],
            "cpu_samples": [
                0.0,
                0.0,
                0.0,
                0.0,
                0.0,
                0.0,
                0.0,
                0.0,
                0.0,
                0.0,
                0.0,
                0.0,
                0.0,
                0.0,
                0.0,
                0.0
            ],
            "average_cpu_busy": 0.0,
            "user_cpu_time": 0.00208,
            "sys_cpu_time": 0.0,
            "total_cpu_time": 0.00208,
            "max_rss": 18888,
            "exit_code": 0,
            "failed": false
        },
        {
            "index": 3,
            "input": 20000.0,
            "run_time": 917130.0,
            "start_time": 1679838017001759296,
            "stop_time": 1679838017002676426,
            "ram_samples": [],
            "cpu_samples": [
                0.0,
                0.0,
                0.0,
                0.0,
                0.0,
                0.0,
                0.0,
                0.0,
                0.0,
                0.0,
                0.0,
                0.0,
                0.0,
                0.0,
                0.0,
                0.0
            ],
            "average_cpu_busy": 0.0,
            "user_cpu_time": 0.0,
            "sys_cpu_time": 0.002105,
            "total_cpu_time": 0.002105,
            "max_rss": 18888,
            "exit_code": 0,
            "failed": false
        },
        {
            "index": 4,
            "input": 20000.0,
            "run_time": 882815.0,
            "start_time": 1679838017007322581,
            "stop_time": 1679838017008205396,
            "ram_samples": [],
            "cpu_samples": [
                0.0,
                0.0,
                0.0,
                0.0,
                0.0,
                0.0,
                0.0,
                0.0,
                0.0,
                0.0,
                0.0,
                0.0,
                0.0,
                0.0,
                0.0,
                0.0
            ],
            "average_cpu_busy": 0.0,
            "user_cpu_time": 0.002111,
            "sys_cpu_time": 0.0,
            "total_cpu_time": 0.002111,
            "max_rss": 18892,
            "exit_code": 0,
            "failed": false
        },
        {
            "index": 5,
            "input": 20000.0,
            "run_time": 825308.0,
            "start_time": 1679838017012556237,
            "stop_time": 1679838017013381545,
            "ram_samples": [],
            "cpu_samples": [
                0.0,
                0.0,
                0.0,
                0.0,
                0.0,
                0.0,
                0.0,
                0.0,
                0.0,
                0.0,
                0.0,
                0.0,
                0.0,
                0.0,
                0.0,
                0.0
            ],
            "average_cpu_busy": 0.0,
            "user_cpu_time": 0.002075,
            "sys_cpu_time": 0.0,
            "total_cpu_time": 0.002075,
            "max_rss": 18896,
            "exit_code": 0,
            "failed": false
        }
    ]
}