{
    "bench": "nbody-1.rust",
    "language": "rust",
    "input": 50000.0,
    "average_run_time": 886269.0,
    "maximum_run_time": 989807.0,
    "minimum_run_time": 859091.0,
    "average_cpu_time": 0.0043890000000000005,
    "minimum_cpu_time": 0.004331,
    "maximum_cpu_time": 0.00447,
    "average_cpu_busy": 0,
    "average_ram_load": 0,
    "run_results": [
        {
            "index": 0,
            "input": 50000.0,
            "run_time": 868359.0,
            "start_time": 1680003238319965911,
            "stop_time": 1680003238320834270,
            "ram_samples": [],
            "cpu_samples": [
                0.0,
                0.0,
                0.0,
                0.0,
                0.0,
                0.0,
                0.0,
                0.0,
                0.0,
                0.0,
                0.0,
                0.0,
                0.0,
                0.0,
                0.0,
                0.0
            ],
            "average_cpu_busy": 0.0,
            "user_cpu_time": 0.004339,
            "sys_cpu_time": 0.0,
            "total_cpu_time": 0.004339,
            "max_rss": 20756,
            "exit_code": 0,
            "failed": false
        },
        {
            "index": 1,
            "input": 50000.0,
            "run_time": 872406.0,
            "start_time": 1680003238328104365,
            "stop_time": 1680003238328976771,
            "ram_samples": [],
            "cpu_samples": [
                0.0,
                0.0,
                0.0,
                0.0,
                0.0,
                0.0,
                0.0,
                0.0,
                0.0,
                0.0,
                0.0,
                0.0,
                0.0,
                0.0,
                0.0,
                0.0
            ],
            "average_cpu_busy": 0.0,
            "user_cpu_time": 0.004402,
            "sys_cpu_time": 0.0,
            "total_cpu_time": 0.004402,
            "max_rss": 20756,
            "exit_code": 0,
            "failed": false
        },
        {
            "index": 2,
            "input": 50000.0,
            "run_time": 863419.0,
            "start_time": 1680003238335815829,
            "stop_time": 1680003238336679248,
            "ram_samples": [],
            "cpu_samples": [
                0.0,
                0.0,
                0.0,
                0.0,
                0.0,
                0.0,
                0.0,
                0.0,
                0.0,
                0.0,
                0.0,
                0.0,
                0.0,
                0.0,
                0.0,
                0.0
            ],
            "average_cpu_busy": 0.0,
            "user_cpu_time": 0.004385,
            "sys_cpu_time": 0.0,
            "total_cpu_time": 0.004385,
            "max_rss": 20756,
            "exit_code": 0,
            "failed": false
        },
        {
            "index": 3,
            "input": 50000.0,
            "run_time": 859091.0,
            "start_time": 1680003238343704384,
            "stop_time": 1680003238344563475,
            "ram_samples": [],
            "cpu_samples": [
                0.0,
                0.0,
                0.0,
                0.0,
                0.0,
                0.0,
                0.0,
                0.0,
                0.0,
                0.0,
                0.0,
                0.0,
                0.0,
                0.0,
                0.0,
                0.0
            ],
            "average_cpu_busy": 0.0,
            "user_cpu_time": 0.0044069999999999995,
            "sys_cpu_time": 0.0,
            "total_cpu_time": 0.0044069999999999995,
            "max_rss": 20756,
            "exit_code": 0,
            "failed": false
        },
        {
            "index": 4,
            "input": 50000.0,
            "run_time": 864532.0,
            "start_time": 1680003238351401340,
            "stop_time": 1680003238352265872,
            "ram_samples": [],
            "cpu_samples": [
                0.0,
                0.0,
                0.0,
                0.0,
                0.0,
                0.0,
                0.0,
                0.0,
                0.0,
                0.0,
                0.0,
                0.0,
                0.0,
                0.0,
                0.0,
                0.0
            ],
            "average_cpu_busy": 0.0,
            "user_cpu_time": 0.004331,
            "sys_cpu_time": 0.0,
            "total_cpu_time": 0.004331,
            "max_rss": 20756,
            "exit_code": 0,
            "failed": false
        },
        {
            "index": 5,
            "input": 50000.0,
            "run_time": 989807.0,
            "start_time": 1680003238359368553,
            "stop_time": 1680003238360358360,
            "ram_samples": [],
            "cpu_samples": [
                0.0,
                0.0,
                0.0,
                0.0,
                0.0,
                0.0,
                0.0,
                0.0,
                0.0,
                0.0,
                0.0,
                0.0,
                0.0,
                0.0,
                0.0,
                0.0
            ],
            "average_cpu_busy": 0.0,
            "user_cpu_time": 0.00447,
            "sys_cpu_time": 0.0,
            "total_cpu_time": 0.00447,
            "max_rss": 20756,
            "exit_code": 0,
            "failed": false
        }
    ]
}