{
    "bench": "nbody-3.cpp",
    "language": "cpp",
    "input": 10000.0,
    "average_run_time": 967223.8333333334,
    "maximum_run_time": 1269321.0,
    "minimum_run_time": 876584.0,
    "average_cpu_time": 0.001523833333333333,
    "minimum_cpu_time": 0.001187,
    "maximum_cpu_time": 0.002325,
    "average_cpu_busy": 0,
    "average_ram_load": 0,
    "run_results": [
        {
            "index": 0,
            "input": 10000.0,
            "run_time": 893996.0,
            "start_time": 1680003232155755984,
            "stop_time": 1680003232156649980,
            "ram_samples": [],
            "cpu_samples": [
                0.0,
                0.0,
                0.0,
                0.0,
                0.0,
                0.0,
                0.0,
                0.0,
                0.0,
                0.0,
                0.0,
                0.0,
                0.0,
                0.0,
                0.0,
                0.0
            ],
            "average_cpu_busy": 0.0,
            "user_cpu_time": 0.001273,
            "sys_cpu_time": 0.0,
            "total_cpu_time": 0.001273,
            "max_rss": 19524,
            "exit_code": 0,
            "failed": false
        },
        {
            "index": 1,
            "input": 10000.0,
            "run_time": 876584.0,
            "start_time": 1680003232160298183,
            "stop_time": 1680003232161174767,
            "ram_samples": [],
            "cpu_samples": [
                0.0,
                0.0,
                0.0,
                0.0,
                0.0,
                0.0,
                0.0,
                0.0,
                0.0,
                0.0,
                0.0,
                0.0,
                0.0,
                0.0,
                0.0,
                0.0
            ],
            "average_cpu_busy": 0.0,
            "user_cpu_time": 0.001304,
            "sys_cpu_time": 0.0,
            "total_cpu_time": 0.001304,
            "max_rss": 19524,
            "exit_code": 0,
            "failed": false
        },
        {
            "index": 2,
            "input": 10000.0,
            "run_time": 1269321.0,
            "start_time": 1680003232165954201,
            "stop_time": 1680003232167223522,
            "ram_samples": [],
            "cpu_samples": [
                0.0,
                0.0,
                0.0,
                0.0,
                0.0,
                0.0,
                0.0,
                0.0,
                0.0,
                0.0,
                0.0,
                0.0,
                0.0,
                0.0,
                0.0,
                0.0
            ],
            "average_cpu_busy": 0.0,
            "user_cpu_time": 0.001187,
            "sys_cpu_time": 0.0,
            "total_cpu_time": 0.001187,
            "max_rss": 19524,
            "exit_code": 0,
            "failed": false
        },
        {
            "index": 3,
            "input": 10000.0,
            "run_time": 924433.0,
            "start_time": 1680003232170894357,
            "stop_time": 1680003232171818790,
            "ram_samples": [],
            "cpu_samples": [
                0.0,
                0.0,
                0.0,
                0.0,
                0.0,
                0.0,
                0.0,
                0.0,
                0.0,
                0.0,
                0.0,
                0.0,
                0.0,
                0.0,
                0.0,
                0.0
            ],
            "average_cpu_busy": 0.0,
            "user_cpu_time": 0.00182,
            "sys_cpu_time": 0.0,
            "total_cpu_time": 0.00182,
            "max_rss": 19524,
            "exit_code": 0,
            "failed": false
        },
        {
            "index": 4,
            "input": 10000.0,
            "run_time": 936366.0,
            "start_time": 1680003232176150836,
            "stop_time": 1680003232177087202,
            "ram_samples": [],
            "cpu_samples": [
                0.0,
                0.0,
                0.0,
                0.0,
                0.0,
                0.0,
                0.0,
                0.0,
                0.0,
                0.0,
                0.0,
                0.0,
                0.0,
                0.0,
                0.0,
                0.0
            ],
            "average_cpu_busy": 0.0,
            "user_cpu_time": 0.002325,
            "sys_cpu_time": 0.0,
            "total_cpu_time": 0.002325,
            "max_rss": 19528,
            "exit_code": 0,
            "failed": false
        },
        {
            "index": 5,
            "input": 10000.0,
            "run_time": 902643.0,
            "start_time": 1680003232181947708,
            "stop_time": 1680003232182850351,
            "ram_samples": [],
            "cpu_samples": [
                0.0,
                0.0,
                0.0,
                0.0,
                0.0,
                0.0,
                0.0,
                0.0,
                0.0,
                0.0,
                0.0,
                0.0,
                0.0,
                0.0,
                0.0,
                0.0
            ],
            "average_cpu_busy": 0.0,
            "user_cpu_time": 0.0,
            "sys_cpu_time": 0.0012339999999999999,
            "total_cpu_time": 0.0012339999999999999,
            "max_rss": 19528,
            "exit_code": 0,
            "failed": false
        }
    ]
}