{
    "bench": "nbody-2.ada",
    "language": "ada",
    "input": 10000.0,
    "average_runtime": 1063853.6666666667,
    "average_cpu_busy": 6.778446666666666e-07,
    "average_ram_load": 0,
    "run_results": [
        {
            "index": 0,
            "input": 10000.0,
            "run_time": 1016767.0,
            "start_time": 1679835071153971585,
            "stop_time": 1679835071154988352,
            "ram_samples": [],
            "cpu_samples": [
                100.0,
                0.0,
                0.0,
                0.0,
                100.0,
                100.0,
                0.0,
                0.0,
                0.0,
                0.0,
                0.0,
                0.0,
                100.0,
                0.0,
                0.0,
                0.0
            ],
            "average_cpu_busy": 4.0670679999999995e-06,
            "user_cpu_time": 0.0,
            "sys_cpu_time": 0.001937,
            "total_cpu_time": 0.001937,
            "max_rss": 18456,
            "exit_code": 0,
            "failed": false
        },
        {
            "index": 1,
            "input": 10000.0,
            "run_time": 884308.0,
            "start_time": 1679835071160012926,
            "stop_time": 1679835071160897234,
            "ram_samples": [],
            "cpu_samples": [
                0.0,
                0.0,
                0.0,
                0.0,
                0.0,
                0.0,
                0.0,
                0.0,
                0.0,
                0.0,
                0.0,
                0.0,
                0.0,
                0.0,
                0.0,
                0.0
            ],
            "average_cpu_busy": 0.0,
            "user_cpu_time": 0.001767,
            "sys_cpu_time": 0.0,
            "total_cpu_time": 0.001767,
            "max_rss": 18456,
            "exit_code": 0,
            "failed": false
        },
        {
            "index": 2,
            "input": 10000.0,
            "run_time": 1077180.0,
            "start_time": 1679835071165836398,
            "stop_time": 1679835071166913578,
            "ram_samples": [],
            "cpu_samples": [
                0.0,
                0.0,
                0.0,
                0.0,
                0.0,
                0.0,
                0.0,
                0.0,
                0.0,
                0.0,
                0.0,
                0.0,
                0.0,
                0.0,
                0.0,
                0.0
            ],
            "average_cpu_busy": 0.0,
            "user_cpu_time": 0.0,
            "sys_cpu_time": 0.001715,
            "total_cpu_time": 0.001715,
            "max_rss": 18464,
            "exit_code": 0,
            "failed": false
        },
        {
            "index": 3,
            "input": 10000.0,
            "run_time": 1122215.0,
            "start_time": 1679835071172448860,
            "stop_time": 1679835071173571075,
            "ram_samples": [],
            "cpu_samples": [
                0.0,
                0.0,
                0.0,
                0.0,
                0.0,
                0.0,
                0.0,
                0.0,
                0.0,
                0.0,
                0.0,
                0.0,
                0.0,
                0.0,
                0.0,
                0.0
            ],
            "average_cpu_busy": 0.0,
            "user_cpu_time": 0.002026,
            "sys_cpu_time": 0.0,
            "total_cpu_time": 0.002026,
            "max_rss": 18464,
            "exit_code": 0,
            "failed": false
        },
        {
            "index": 4,
            "input": 10000.0,
            "run_time": 1192196.0,
            "start_time": 1679835071178849956,
            "stop_time": 1679835071180042152,
            "ram_samples": [],
            "cpu_samples": [
                0.0,
                0.0,
                0.0,
                0.0,
                0.0,
                0.0,
                0.0,
                0.0,
                0.0,
                0.0,
                0.0,
                0.0,
                0.0,
                0.0,
                0.0,
                0.0
            ],
            "average_cpu_busy": 0.0,
            "user_cpu_time": 0.001849,
            "sys_cpu_time": 0.0,
            "total_cpu_time": 0.001849,
            "max_rss": 18464,
            "exit_code": 0,
            "failed": false
        },
        {
            "index": 5,
            "input": 10000.0,
            "run_time": 1090456.0,
            "start_time": 1679835071184806267,
            "stop_time": 1679835071185896723,
            "ram_samples": [],
            "cpu_samples": [
                0.0,
                0.0,
                0.0,
                0.0,
                0.0,
                0.0,
                0.0,
                0.0,
                0.0,
                0.0,
                0.0,
                0.0,
                0.0,
                0.0,
                0.0,
                0.0
            ],
            "average_cpu_busy": 0.0,
            "user_cpu_time": 0.0023929999999999997,
            "sys_cpu_time": 0.0,
            "total_cpu_time": 0.0023929999999999997,
            "max_rss": 18464,
            "exit_code": 0,
            "failed": false
        }
    ],
    "maximum_runtime": 1192196.0,
    "minimum_runtime": 884308.0
}