{
    "bench": "nbody-1.ada",
    "language": "ada",
    "input": 20000.0,
    "average_runtime": 953558.6666666666,
    "average_cpu_busy": 0.0,
    "average_ram_load": 0,
    "run_results": [
        {
            "index": 0,
            "input": 20000.0,
            "run_time": 1032026.0,
            "start_time": 1679835070380454037,
            "stop_time": 1679835070381486063,
            "ram_samples": [],
            "cpu_samples": [
                0.0,
                0.0,
                0.0,
                0.0,
                0.0,
                0.0,
                0.0,
                0.0,
                0.0,
                0.0,
                0.0,
                0.0,
                0.0,
                0.0,
                0.0,
                0.0
            ],
            "average_cpu_busy": 0.0,
            "user_cpu_time": 0.003529,
            "sys_cpu_time": 0.0,
            "total_cpu_time": 0.003529,
            "max_rss": 18352,
            "exit_code": 0,
            "failed": false
        },
        {
            "index": 1,
            "input": 20000.0,
            "run_time": 1011397.0,
            "start_time": 1679835070387922925,
            "stop_time": 1679835070388934322,
            "ram_samples": [],
            "cpu_samples": [
                0.0,
                0.0,
                0.0,
                0.0,
                0.0,
                0.0,
                0.0,
                0.0,
                0.0,
                0.0,
                0.0,
                0.0,
                0.0,
                0.0,
                0.0,
                0.0
            ],
            "average_cpu_busy": 0.0,
            "user_cpu_time": 0.003587,
            "sys_cpu_time": 0.0,
            "total_cpu_time": 0.003587,
            "max_rss": 18352,
            "exit_code": 0,
            "failed": false
        },
        {
            "index": 2,
            "input": 20000.0,
            "run_time": 871254.0,
            "start_time": 1679835070396027055,
            "stop_time": 1679835070396898309,
            "ram_samples": [],
            "cpu_samples": [
                0.0,
                0.0,
                0.0,
                0.0,
                0.0,
                0.0,
                0.0,
                0.0,
                0.0,
                0.0,
                0.0,
                0.0,
                0.0,
                0.0,
                0.0,
                0.0
            ],
            "average_cpu_busy": 0.0,
            "user_cpu_time": 0.003052,
            "sys_cpu_time": 0.0,
            "total_cpu_time": 0.003052,
            "max_rss": 18352,
            "exit_code": 0,
            "failed": false
        },
        {
            "index": 3,
            "input": 20000.0,
            "run_time": 866806.0,
            "start_time": 1679835070402827720,
            "stop_time": 1679835070403694526,
            "ram_samples": [],
            "cpu_samples": [
                0.0,
                0.0,
                0.0,
                0.0,
                0.0,
                0.0,
                0.0,
                0.0,
                0.0,
                0.0,
                0.0,
                0.0,
                0.0,
                0.0,
                0.0,
                0.0
            ],
            "average_cpu_busy": 0.0,
            "user_cpu_time": 0.003119,
            "sys_cpu_time": 0.0,
            "total_cpu_time": 0.003119,
            "max_rss": 18352,
            "exit_code": 0,
            "failed": false
        },
        {
            "index": 4,
            "input": 20000.0,
            "run_time": 971973.0,
            "start_time": 1679835070408966053,
            "stop_time": 1679835070409938026,
            "ram_samples": [],
            "cpu_samples": [
                0.0,
                0.0,
                0.0,
                0.0,
                0.0,
                0.0,
                0.0,
                0.0,
                0.0,
                0.0,
                0.0,
                0.0,
                0.0,
                0.0,
                0.0,
                0.0
            ],
            "average_cpu_busy": 0.0,
            "user_cpu_time": 0.0035889999999999997,
            "sys_cpu_time": 0.0,
            "total_cpu_time": 0.0035889999999999997,
            "max_rss": 18352,
            "exit_code": 0,
            "failed": false
        },
        {
            "index": 5,
            "input": 20000.0,
            "run_time": 967896.0,
            "start_time": 1679835070415824747,
            "stop_time": 1679835070416792643,
            "ram_samples": [],
            "cpu_samples": [
                0.0,
                0.0,
                0.0,
                0.0,
                0.0,
                0.0,
                0.0,
                0.0,
                0.0,
                0.0,
                0.0,
                0.0,
                0.0,
                0.0,
                0.0,
                0.0
            ],
            "average_cpu_busy": 0.0,
            "user_cpu_time": 0.0032779999999999997,
            "sys_cpu_time": 0.0,
            "total_cpu_time": 0.0032779999999999997,
            "max_rss": 18356,
            "exit_code": 0,
            "failed": false
        }
    ],
    "maximum_runtime": 1032026.0,
    "minimum_runtime": 866806.0
}