{
    "bench": "nbody-3.java",
    "language": "java",
    "input": 10000.0,
    "average_runtime": 1160525.0,
    "average_cpu_busy": 1.9516933333333336e-07,
    "average_ram_load": 0,
    "run_results": [
        {
            "index": 0,
            "input": 10000.0,
            "run_time": 1124559.0,
            "start_time": 1679756190320920092,
            "stop_time": 1679756190322044651,
            "ram_samples": [],
            "cpu_samples": [
                0.0,
                0.0,
                0.0,
                0.0,
                0.0,
                0.0,
                0.0,
                0.0,
                0.0,
                0.0,
                0.0,
                0.0,
                0.0,
                0.0,
                0.0,
                0.0
            ],
            "average_cpu_busy": 0.0,
            "user_cpu_time": 0.010086999999999999,
            "sys_cpu_time": 0.010086999999999999,
            "total_cpu_time": 0.020173999999999997,
            "max_rss": 38144,
            "exit_code": 256,
            "failed": false
        },
        {
            "index": 1,
            "input": 10000.0,
            "run_time": 1186144.0,
            "start_time": 1679756190342788117,
            "stop_time": 1679756190343974261,
            "ram_samples": [],
            "cpu_samples": [
                0.0,
                0.0,
                0.0,
                0.0,
                0.0,
                0.0,
                0.0,
                0.0,
                0.0,
                0.0,
                0.0,
                0.0,
                0.0,
                0.0,
                0.0,
                0.0
            ],
            "average_cpu_busy": 0.0,
            "user_cpu_time": 0.0,
            "sys_cpu_time": 0.019621,
            "total_cpu_time": 0.019621,
            "max_rss": 37888,
            "exit_code": 256,
            "failed": false
        },
        {
            "index": 2,
            "input": 10000.0,
            "run_time": 1229707.0,
            "start_time": 1679756190364073599,
            "stop_time": 1679756190365303306,
            "ram_samples": [],
            "cpu_samples": [
                0.0,
                0.0,
                0.0,
                0.0,
                0.0,
                0.0,
                0.0,
                0.0,
                0.0,
                0.0,
                0.0,
                0.0,
                0.0,
                0.0,
                0.0,
                0.0
            ],
            "average_cpu_busy": 0.0,
            "user_cpu_time": 0.008272,
            "sys_cpu_time": 0.012409,
            "total_cpu_time": 0.020680999999999998,
            "max_rss": 38016,
            "exit_code": 256,
            "failed": false
        },
        {
            "index": 3,
            "input": 10000.0,
            "run_time": 1171016.0,
            "start_time": 1679756190386236387,
            "stop_time": 1679756190387407403,
            "ram_samples": [],
            "cpu_samples": [
                0.0,
                0.0,
                0.0,
                0.0,
                0.0,
                0.0,
                0.0,
                100.0,
                0.0,
                0.0,
                0.0,
                0.0,
                0.0,
                0.0,
                0.0,
                0.0
            ],
            "average_cpu_busy": 1.1710160000000001e-06,
            "user_cpu_time": 0.015867,
            "sys_cpu_time": 0.003966,
            "total_cpu_time": 0.019833,
            "max_rss": 38144,
            "exit_code": 256,
            "failed": false
        },
        {
            "index": 4,
            "input": 10000.0,
            "run_time": 1117456.0,
            "start_time": 1679756190407459232,
            "stop_time": 1679756190408576688,
            "ram_samples": [],
            "cpu_samples": [
                0.0,
                0.0,
                0.0,
                0.0,
                0.0,
                0.0,
                0.0,
                0.0,
                0.0,
                0.0,
                0.0,
                0.0,
                0.0,
                0.0,
                0.0,
                0.0
            ],
            "average_cpu_busy": 0.0,
            "user_cpu_time": 0.005046,
            "sys_cpu_time": 0.015139999999999999,
            "total_cpu_time": 0.020186,
            "max_rss": 37888,
            "exit_code": 256,
            "failed": false
        },
        {
            "index": 5,
            "input": 10000.0,
            "run_time": 1134268.0,
            "start_time": 1679756190429270791,
            "stop_time": 1679756190430405059,
            "ram_samples": [],
            "cpu_samples": [
                0.0,
                0.0,
                0.0,
                0.0,
                0.0,
                0.0,
                0.0,
                0.0,
                0.0,
                0.0,
                0.0,
                0.0,
                0.0,
                0.0,
                0.0,
                0.0
            ],
            "average_cpu_busy": 0.0,
            "user_cpu_time": 0.008527,
            "sys_cpu_time": 0.01137,
            "total_cpu_time": 0.019896999999999998,
            "max_rss": 38016,
            "exit_code": 256,
            "failed": false
        }
    ]
}