{
    "bench": "nbody-4.c",
    "language": "c",
    "input": 40000.0,
    "average_run_time": 891230.0,
    "maximum_run_time": 932930.0,
    "minimum_run_time": 857088.0,
    "average_cpu_time": 0.0026426666666666664,
    "minimum_cpu_time": 0.002575,
    "maximum_cpu_time": 0.002787,
    "average_cpu_busy": 0,
    "average_ram_load": 0,
    "run_results": [
        {
            "index": 0,
            "input": 40000.0,
            "run_time": 905629.0,
            "start_time": 1680003232866946993,
            "stop_time": 1680003232867852622,
            "ram_samples": [],
            "cpu_samples": [
                0.0,
                0.0,
                0.0,
                0.0,
                0.0,
                0.0,
                0.0,
                0.0,
                0.0,
                0.0,
                0.0,
                0.0,
                0.0,
                0.0,
                0.0,
                0.0
            ],
            "average_cpu_busy": 0.0,
            "user_cpu_time": 0.002577,
            "sys_cpu_time": 0.0,
            "total_cpu_time": 0.002577,
            "max_rss": 19664,
            "exit_code": 0,
            "failed": false
        },
        {
            "index": 1,
            "input": 40000.0,
            "run_time": 857088.0,
            "start_time": 1680003232872661401,
            "stop_time": 1680003232873518489,
            "ram_samples": [],
            "cpu_samples": [
                0.0,
                0.0,
                0.0,
                0.0,
                0.0,
                0.0,
                0.0,
                0.0,
                0.0,
                0.0,
                0.0,
                0.0,
                0.0,
                0.0,
                0.0,
                0.0
            ],
            "average_cpu_busy": 0.0,
            "user_cpu_time": 0.0026449999999999998,
            "sys_cpu_time": 0.0,
            "total_cpu_time": 0.0026449999999999998,
            "max_rss": 19668,
            "exit_code": 0,
            "failed": false
        },
        {
            "index": 2,
            "input": 40000.0,
            "run_time": 932930.0,
            "start_time": 1680003232878630857,
            "stop_time": 1680003232879563787,
            "ram_samples": [],
            "cpu_samples": [
                0.0,
                0.0,
                0.0,
                0.0,
                0.0,
                0.0,
                0.0,
                0.0,
                0.0,
                0.0,
                0.0,
                0.0,
                0.0,
                0.0,
                0.0,
                0.0
            ],
            "average_cpu_busy": 0.0,
            "user_cpu_time": 0.002787,
            "sys_cpu_time": 0.0,
            "total_cpu_time": 0.002787,
            "max_rss": 19668,
            "exit_code": 0,
            "failed": false
        },
        {
            "index": 3,
            "input": 40000.0,
            "run_time": 860874.0,
            "start_time": 1680003232885036652,
            "stop_time": 1680003232885897526,
            "ram_samples": [],
            "cpu_samples": [
                0.0,
                0.0,
                0.0,
                0.0,
                0.0,
                0.0,
                0.0,
                0.0,
                0.0,
                0.0,
                0.0,
                0.0,
                0.0,
                0.0,
                0.0,
                0.0
            ],
            "average_cpu_busy": 0.0,
            "user_cpu_time": 0.002597,
            "sys_cpu_time": 0.0,
            "total_cpu_time": 0.002597,
            "max_rss": 19668,
            "exit_code": 0,
            "failed": false
        },
        {
            "index": 4,
            "input": 40000.0,
            "run_time": 882425.0,
            "start_time": 1680003232891108420,
            "stop_time": 1680003232891990845,
            "ram_samples": [],
            "cpu_samples": [
                0.0,
                0.0,
                0.0,
                0.0,
                0.0,
                0.0,
                0.0,
                0.0,
                0.0,
                0.0,
                0.0,
                0.0,
                0.0,
                0.0,
                0.0,
                0.0
            ],
            "average_cpu_busy": 0.0,
            "user_cpu_time": 0.002575,
            "sys_cpu_time": 0.0,
            "total_cpu_time": 0.002575,
            "max_rss": 19668,
            "exit_code": 0,
            "failed": false
        },
        {
            "index": 5,
            "input": 40000.0,
            "run_time": 908434.0,
            "start_time": 1680003232897135754,
            "stop_time": 1680003232898044188,
            "ram_samples": [],
            "cpu_samples": [
                0.0,
                0.0,
                0.0,
                0.0,
                0.0,
                0.0,
                0.0,
                0.0,
                0.0,
                0.0,
                0.0,
                0.0,
                0.0,
                0.0,
                0.0,
                0.0
            ],
            "average_cpu_busy": 0.0,
            "user_cpu_time": 0.002675,
            "sys_cpu_time": 0.0,
            "total_cpu_time": 0.002675,
            "max_rss": 19672,
            "exit_code": 0,
            "failed": false
        }
    ]
}