{
    "bench": "nbody-3.ada",
    "language": "ada",
    "input": 10000.0,
    "average_runtime": 929065.8333333334,
    "average_cpu_busy": 0.0,
    "average_ram_load": 0,
    "run_results": [
        {
            "index": 0,
            "input": 10000.0,
            "run_time": 936957.0,
            "start_time": 1679756194272885436,
            "stop_time": 1679756194273822393,
            "ram_samples": [],
            "cpu_samples": [
                0.0,
                0.0,
                0.0,
                0.0,
                0.0,
                0.0,
                0.0,
                0.0,
                0.0,
                0.0,
                0.0,
                0.0,
                0.0,
                0.0,
                0.0,
                0.0
            ],
            "average_cpu_busy": 0.0,
            "user_cpu_time": 0.002828,
            "sys_cpu_time": 0.0,
            "total_cpu_time": 0.002828,
            "max_rss": 18564,
            "exit_code": 0,
            "failed": false
        },
        {
            "index": 1,
            "input": 10000.0,
            "run_time": 1015285.0,
            "start_time": 1679756194279652738,
            "stop_time": 1679756194280668023,
            "ram_samples": [],
            "cpu_samples": [
                0.0,
                0.0,
                0.0,
                0.0,
                0.0,
                0.0,
                0.0,
                0.0,
                0.0,
                0.0,
                0.0,
                0.0,
                0.0,
                0.0,
                0.0,
                0.0
            ],
            "average_cpu_busy": 0.0,
            "user_cpu_time": 0.001836,
            "sys_cpu_time": 0.0,
            "total_cpu_time": 0.001836,
            "max_rss": 18568,
            "exit_code": 0,
            "failed": false
        },
        {
            "index": 2,
            "input": 10000.0,
            "run_time": 938901.0,
            "start_time": 1679756194284954512,
            "stop_time": 1679756194285893413,
            "ram_samples": [],
            "cpu_samples": [
                0.0,
                0.0,
                0.0,
                0.0,
                0.0,
                0.0,
                0.0,
                0.0,
                0.0,
                0.0,
                0.0,
                0.0,
                0.0,
                0.0,
                0.0,
                0.0
            ],
            "average_cpu_busy": 0.0,
            "user_cpu_time": 0.0020239999999999998,
            "sys_cpu_time": 0.0,
            "total_cpu_time": 0.0020239999999999998,
            "max_rss": 18572,
            "exit_code": 0,
            "failed": false
        },
        {
            "index": 3,
            "input": 10000.0,
            "run_time": 866936.0,
            "start_time": 1679756194290225789,
            "stop_time": 1679756194291092725,
            "ram_samples": [],
            "cpu_samples": [
                0.0,
                0.0,
                0.0,
                0.0,
                0.0,
                0.0,
                0.0,
                0.0,
                0.0,
                0.0,
                0.0,
                0.0,
                0.0,
                0.0,
                0.0,
                0.0
            ],
            "average_cpu_busy": 0.0,
            "user_cpu_time": 0.0020989999999999997,
            "sys_cpu_time": 0.0,
            "total_cpu_time": 0.0020989999999999997,
            "max_rss": 18572,
            "exit_code": 0,
            "failed": false
        },
        {
            "index": 4,
            "input": 10000.0,
            "run_time": 916048.0,
            "start_time": 1679756194295416935,
            "stop_time": 1679756194296332983,
            "ram_samples": [],
            "cpu_samples": [
                0.0,
                0.0,
                0.0,
                0.0,
                0.0,
                0.0,
                0.0,
                0.0,
                0.0,
                0.0,
                0.0,
                0.0,
                0.0,
                0.0,
                0.0,
                0.0
            ],
            "average_cpu_busy": 0.0,
            "user_cpu_time": 0.0020499999999999997,
            "sys_cpu_time": 0.0,
            "total_cpu_time": 0.0020499999999999997,
            "max_rss": 18572,
            "exit_code": 0,
            "failed": false
        },
        {
            "index": 5,
            "input": 10000.0,
            "run_time": 900268.0,
            "start_time": 1679756194300673094,
            "stop_time": 1679756194301573362,
            "ram_samples": [],
            "cpu_samples": [
                0.0,
                0.0,
                0.0,
                0.0,
                0.0,
                0.0,
                0.0,
                0.0,
                0.0,
                0.0,
                0.0,
                0.0,
                0.0,
                0.0,
                0.0,
                0.0
            ],
            "average_cpu_busy": 0.0,
            "user_cpu_time": 0.0018889999999999998,
            "sys_cpu_time": 0.0,
            "total_cpu_time": 0.0018889999999999998,
            "max_rss": 18572,
            "exit_code": 0,
            "failed": false
        }
    ]
}