{
    "bench": "nbody-4.c",
    "language": "c",
    "input": 10000.0,
    "average_run_time": 898714.1666666666,
    "maximum_run_time": 1203467.0,
    "minimum_run_time": 796424.0,
    "average_cpu_time": 0.0011315,
    "minimum_cpu_time": 0.0009029999999999999,
    "maximum_cpu_time": 0.0015409999999999998,
    "average_cpu_busy": 0,
    "average_ram_load": 0,
    "run_results": [
        {
            "index": 0,
            "input": 10000.0,
            "run_time": 1203467.0,
            "start_time": 1679838013513305842,
            "stop_time": 1679838013514509309,
            "ram_samples": [],
            "cpu_samples": [
                0.0,
                0.0,
                0.0,
                0.0,
                0.0,
                0.0,
                0.0,
                0.0,
                0.0,
                0.0,
                0.0,
                0.0,
                0.0,
                0.0,
                0.0,
                0.0
            ],
            "average_cpu_busy": 0.0,
            "user_cpu_time": 0.0,
            "sys_cpu_time": 0.0015409999999999998,
            "total_cpu_time": 0.0015409999999999998,
            "max_rss": 18428,
            "exit_code": 0,
            "failed": false
        },
        {
            "index": 1,
            "input": 10000.0,
            "run_time": 892865.0,
            "start_time": 1679838013518697614,
            "stop_time": 1679838013519590479,
            "ram_samples": [],
            "cpu_samples": [
                0.0,
                0.0,
                0.0,
                0.0,
                0.0,
                0.0,
                0.0,
                0.0,
                0.0,
                0.0,
                0.0,
                0.0,
                0.0,
                0.0,
                0.0,
                0.0
            ],
            "average_cpu_busy": 0.0,
            "user_cpu_time": 0.001001,
            "sys_cpu_time": 0.0,
            "total_cpu_time": 0.001001,
            "max_rss": 18428,
            "exit_code": 0,
            "failed": false
        },
        {
            "index": 2,
            "input": 10000.0,
            "run_time": 826120.0,
            "start_time": 1679838013522944760,
            "stop_time": 1679838013523770880,
            "ram_samples": [],
            "cpu_samples": [
                0.0,
                0.0,
                0.0,
                0.0,
                0.0,
                0.0,
                0.0,
                0.0,
                0.0,
                0.0,
                0.0,
                0.0,
                0.0,
                0.0,
                0.0,
                0.0
            ],
            "average_cpu_busy": 0.0,
            "user_cpu_time": 0.0009509999999999999,
            "sys_cpu_time": 0.0,
            "total_cpu_time": 0.0009509999999999999,
            "max_rss": 18432,
            "exit_code": 0,
            "failed": false
        },
        {
            "index": 3,
            "input": 10000.0,
            "run_time": 796424.0,
            "start_time": 1679838013527406979,
            "stop_time": 1679838013528203403,
            "ram_samples": [],
            "cpu_samples": [
                0.0,
                0.0,
                0.0,
                0.0,
                0.0,
                0.0,
                0.0,
                0.0,
                0.0,
                0.0,
                0.0,
                0.0,
                0.0,
                0.0,
                0.0,
                0.0
            ],
            "average_cpu_busy": 0.0,
            "user_cpu_time": 0.0009029999999999999,
            "sys_cpu_time": 0.0,
            "total_cpu_time": 0.0009029999999999999,
            "max_rss": 18432,
            "exit_code": 0,
            "failed": false
        },
        {
            "index": 4,
            "input": 10000.0,
            "run_time": 823565.0,
            "start_time": 1679838013531229669,
            "stop_time": 1679838013532053234,
            "ram_samples": [],
            "cpu_samples": [
                0.0,
                0.0,
                0.0,
                0.0,
                0.0,
                0.0,
                0.0,
                0.0,
                0.0,
                0.0,
                0.0,
                0.0,
                0.0,
                0.0,
                0.0,
                0.0
            ],
            "average_cpu_busy": 0.0,
            "user_cpu_time": 0.00101,
            "sys_cpu_time": 0.0,
            "total_cpu_time": 0.00101,
            "max_rss": 18432,
            "exit_code": 0,
            "failed": false
        },
        {
            "index": 5,
            "input": 10000.0,
            "run_time": 849844.0,
            "start_time": 1679838013535300534,
            "stop_time": 1679838013536150378,
            "ram_samples": [],
            "cpu_samples": [
                0.0,
                0.0,
                0.0,
                0.0,
                0.0,
                0.0,
                0.0,
                0.0,
                0.0,
                0.0,
                0.0,
                0.0,
                0.0,
                0.0,
                0.0,
                0.0
            ],
            "average_cpu_busy": 0.0,
            "user_cpu_time": 0.001383,
            "sys_cpu_time": 0.0,
            "total_cpu_time": 0.001383,
            "max_rss": 18432,
            "exit_code": 0,
            "failed": false
        }
    ]
}