{
    "bench": "nbody-3.rust",
    "language": "rust",
    "input": 20000.0,
    "average_runtime": 910995.3333333334,
    "average_cpu_busy": 1.5606933333333334e-07,
    "average_ram_load": 0,
    "run_results": [
        {
            "index": 0,
            "input": 20000.0,
            "run_time": 936416.0,
            "start_time": 1679756194574253714,
            "stop_time": 1679756194575190130,
            "ram_samples": [],
            "cpu_samples": [
                0.0,
                0.0,
                0.0,
                0.0,
                0.0,
                0.0,
                100.0,
                0.0,
                0.0,
                0.0,
                0.0,
                0.0,
                0.0,
                0.0,
                0.0,
                0.0
            ],
            "average_cpu_busy": 9.364160000000001e-07,
            "user_cpu_time": 0.002039,
            "sys_cpu_time": 0.0,
            "total_cpu_time": 0.002039,
            "max_rss": 18628,
            "exit_code": 0,
            "failed": false
        },
        {
            "index": 1,
            "input": 20000.0,
            "run_time": 875001.0,
            "start_time": 1679756194579591395,
            "stop_time": 1679756194580466396,
            "ram_samples": [],
            "cpu_samples": [
                0.0,
                0.0,
                0.0,
                0.0,
                0.0,
                0.0,
                0.0,
                0.0,
                0.0,
                0.0,
                0.0,
                0.0,
                0.0,
                0.0,
                0.0,
                0.0
            ],
            "average_cpu_busy": 0.0,
            "user_cpu_time": 0.002041,
            "sys_cpu_time": 0.0,
            "total_cpu_time": 0.002041,
            "max_rss": 18628,
            "exit_code": 0,
            "failed": false
        },
        {
            "index": 2,
            "input": 20000.0,
            "run_time": 966433.0,
            "start_time": 1679756194584947771,
            "stop_time": 1679756194585914204,
            "ram_samples": [],
            "cpu_samples": [
                0.0,
                0.0,
                0.0,
                0.0,
                0.0,
                0.0,
                0.0,
                0.0,
                0.0,
                0.0,
                0.0,
                0.0,
                0.0,
                0.0,
                0.0,
                0.0
            ],
            "average_cpu_busy": 0.0,
            "user_cpu_time": 0.002204,
            "sys_cpu_time": 0.0,
            "total_cpu_time": 0.002204,
            "max_rss": 18628,
            "exit_code": 0,
            "failed": false
        },
        {
            "index": 3,
            "input": 20000.0,
            "run_time": 827713.0,
            "start_time": 1679756194590332400,
            "stop_time": 1679756194591160113,
            "ram_samples": [],
            "cpu_samples": [
                0.0,
                0.0,
                0.0,
                0.0,
                0.0,
                0.0,
                0.0,
                0.0,
                0.0,
                0.0,
                0.0,
                0.0,
                0.0,
                0.0,
                0.0,
                0.0
            ],
            "average_cpu_busy": 0.0,
            "user_cpu_time": 0.0019679999999999997,
            "sys_cpu_time": 0.0,
            "total_cpu_time": 0.0019679999999999997,
            "max_rss": 18628,
            "exit_code": 0,
            "failed": false
        },
        {
            "index": 4,
            "input": 20000.0,
            "run_time": 957826.0,
            "start_time": 1679756194595579502,
            "stop_time": 1679756194596537328,
            "ram_samples": [],
            "cpu_samples": [
                0.0,
                0.0,
                0.0,
                0.0,
                0.0,
                0.0,
                0.0,
                0.0,
                0.0,
                0.0,
                0.0,
                0.0,
                0.0,
                0.0,
                0.0,
                0.0
            ],
            "average_cpu_busy": 0.0,
            "user_cpu_time": 0.002061,
            "sys_cpu_time": 0.0,
            "total_cpu_time": 0.002061,
            "max_rss": 18632,
            "exit_code": 0,
            "failed": false
        },
        {
            "index": 5,
            "input": 20000.0,
            "run_time": 902583.0,
            "start_time": 1679756194601671167,
            "stop_time": 1679756194602573750,
            "ram_samples": [],
            "cpu_samples": [
                0.0,
                0.0,
                0.0,
                0.0,
                0.0,
                0.0,
                0.0,
                0.0,
                0.0,
                0.0,
                0.0,
                0.0,
                0.0,
                0.0,
                0.0,
                0.0
            ],
            "average_cpu_busy": 0.0,
            "user_cpu_time": 0.00201,
            "sys_cpu_time": 0.0,
            "total_cpu_time": 0.00201,
            "max_rss": 18636,
            "exit_code": 0,
            "failed": false
        }
    ]
}