{
    "bench": "nbody-2.rust",
    "language": "rust",
    "input": 10000.0,
    "average_runtime": 917489.5,
    "average_cpu_busy": 0.0,
    "average_ram_load": 0,
    "run_results": [
        {
            "index": 0,
            "input": 10000.0,
            "run_time": 1035925.0,
            "start_time": 1679663713820992000,
            "stop_time": 1679663713822027925,
            "ram_samples": [],
            "cpu_samples": [
                0.0,
                0.0,
                0.0,
                0.0,
                0.0,
                0.0,
                0.0,
                0.0,
                0.0,
                0.0,
                0.0,
                0.0,
                0.0,
                0.0,
                0.0,
                0.0
            ],
            "average_cpu_busy": 0.0,
            "user_cpu_time": 0.0012029999999999999,
            "sys_cpu_time": 0.0,
            "total_cpu_time": 0.0012029999999999999,
            "max_rss": 18188,
            "exit_code": 0,
            "failed": false
        },
        {
            "index": 1,
            "input": 10000.0,
            "run_time": 932358.0,
            "start_time": 1679663713825356232,
            "stop_time": 1679663713826288590,
            "ram_samples": [],
            "cpu_samples": [
                0.0,
                0.0,
                0.0,
                0.0,
                0.0,
                0.0,
                0.0,
                0.0,
                0.0,
                0.0,
                0.0,
                0.0,
                0.0,
                0.0,
                0.0,
                0.0
            ],
            "average_cpu_busy": 0.0,
            "user_cpu_time": 0.0009989999999999999,
            "sys_cpu_time": 0.0,
            "total_cpu_time": 0.0009989999999999999,
            "max_rss": 18188,
            "exit_code": 0,
            "failed": false
        },
        {
            "index": 2,
            "input": 10000.0,
            "run_time": 926677.0,
            "start_time": 1679663713830009486,
            "stop_time": 1679663713830936163,
            "ram_samples": [],
            "cpu_samples": [
                0.0,
                0.0,
                0.0,
                0.0,
                0.0,
                0.0,
                0.0,
                0.0,
                0.0,
                0.0,
                0.0,
                0.0,
                0.0,
                0.0,
                0.0,
                0.0
            ],
            "average_cpu_busy": 0.0,
            "user_cpu_time": 0.002022,
            "sys_cpu_time": 0.0,
            "total_cpu_time": 0.002022,
            "max_rss": 18196,
            "exit_code": 0,
            "failed": false
        },
        {
            "index": 3,
            "input": 10000.0,
            "run_time": 868366.0,
            "start_time": 1679663713835020753,
            "stop_time": 1679663713835889119,
            "ram_samples": [],
            "cpu_samples": [
                0.0,
                0.0,
                0.0,
                0.0,
                0.0,
                0.0,
                0.0,
                0.0,
                0.0,
                0.0,
                0.0,
                0.0,
                0.0,
                0.0,
                0.0,
                0.0
            ],
            "average_cpu_busy": 0.0,
            "user_cpu_time": 0.0010069999999999999,
            "sys_cpu_time": 0.0,
            "total_cpu_time": 0.0010069999999999999,
            "max_rss": 18196,
            "exit_code": 0,
            "failed": false
        },
        {
            "index": 4,
            "input": 10000.0,
            "run_time": 868596.0,
            "start_time": 1679663713839122445,
            "stop_time": 1679663713839991041,
            "ram_samples": [],
            "cpu_samples": [
                0.0,
                0.0,
                0.0,
                0.0,
                0.0,
                0.0,
                0.0,
                0.0,
                0.0,
                0.0,
                0.0,
                0.0,
                0.0,
                0.0,
                0.0,
                0.0
            ],
            "average_cpu_busy": 0.0,
            "user_cpu_time": 0.000988,
            "sys_cpu_time": 0.0,
            "total_cpu_time": 0.000988,
            "max_rss": 18196,
            "exit_code": 0,
            "failed": false
        },
        {
            "index": 5,
            "input": 10000.0,
            "run_time": 873015.0,
            "start_time": 1679663713844208233,
            "stop_time": 1679663713845081248,
            "ram_samples": [],
            "cpu_samples": [
                0.0,
                0.0,
                0.0,
                0.0,
                0.0,
                0.0,
                0.0,
                0.0,
                0.0,
                0.0,
                0.0,
                0.0,
                0.0,
                0.0,
                0.0,
                0.0
            ],
            "average_cpu_busy": 0.0,
            "user_cpu_time": 0.0010789999999999999,
            "sys_cpu_time": 0.0,
            "total_cpu_time": 0.0010789999999999999,
            "max_rss": 18196,
            "exit_code": 0,
            "failed": false
        }
    ]
}