{
    "bench": "nbody-1.ada",
    "language": "ada",
    "input": 10000.0,
    "average_runtime": 999995.5,
    "average_cpu_busy": 1.6273533333333332e-07,
    "average_ram_load": 0,
    "run_results": [
        {
            "index": 0,
            "input": 10000.0,
            "run_time": 976412.0,
            "start_time": 1679835070341850042,
            "stop_time": 1679835070342826454,
            "ram_samples": [],
            "cpu_samples": [
                0.0,
                0.0,
                0.0,
                0.0,
                0.0,
                0.0,
                0.0,
                0.0,
                0.0,
                0.0,
                0.0,
                0.0,
                100.0,
                0.0,
                0.0,
                0.0
            ],
            "average_cpu_busy": 9.76412e-07,
            "user_cpu_time": 0.0,
            "sys_cpu_time": 0.002392,
            "total_cpu_time": 0.002392,
            "max_rss": 18340,
            "exit_code": 0,
            "failed": false
        },
        {
            "index": 1,
            "input": 10000.0,
            "run_time": 1194600.0,
            "start_time": 1679835070348262690,
            "stop_time": 1679835070349457290,
            "ram_samples": [],
            "cpu_samples": [
                0.0,
                0.0,
                0.0,
                0.0,
                0.0,
                0.0,
                0.0,
                0.0,
                0.0,
                0.0,
                0.0,
                0.0,
                0.0,
                0.0,
                0.0,
                0.0
            ],
            "average_cpu_busy": 0.0,
            "user_cpu_time": 0.002405,
            "sys_cpu_time": 0.0,
            "total_cpu_time": 0.002405,
            "max_rss": 18340,
            "exit_code": 0,
            "failed": false
        },
        {
            "index": 2,
            "input": 10000.0,
            "run_time": 1027807.0,
            "start_time": 1679835070355142574,
            "stop_time": 1679835070356170381,
            "ram_samples": [],
            "cpu_samples": [
                0.0,
                0.0,
                0.0,
                0.0,
                0.0,
                0.0,
                0.0,
                0.0,
                0.0,
                0.0,
                0.0,
                0.0,
                0.0,
                0.0,
                0.0,
                0.0
            ],
            "average_cpu_busy": 0.0,
            "user_cpu_time": 0.002058,
            "sys_cpu_time": 0.0,
            "total_cpu_time": 0.002058,
            "max_rss": 18340,
            "exit_code": 0,
            "failed": false
        },
        {
            "index": 3,
            "input": 10000.0,
            "run_time": 927480.0,
            "start_time": 1679835070360862782,
            "stop_time": 1679835070361790262,
            "ram_samples": [],
            "cpu_samples": [
                0.0,
                0.0,
                0.0,
                0.0,
                0.0,
                0.0,
                0.0,
                0.0,
                0.0,
                0.0,
                0.0,
                0.0,
                0.0,
                0.0,
                0.0,
                0.0
            ],
            "average_cpu_busy": 0.0,
            "user_cpu_time": 0.002417,
            "sys_cpu_time": 0.0,
            "total_cpu_time": 0.002417,
            "max_rss": 18340,
            "exit_code": 0,
            "failed": false
        },
        {
            "index": 4,
            "input": 10000.0,
            "run_time": 964198.0,
            "start_time": 1679835070367022826,
            "stop_time": 1679835070367987024,
            "ram_samples": [],
            "cpu_samples": [
                0.0,
                0.0,
                0.0,
                0.0,
                0.0,
                0.0,
                0.0,
                0.0,
                0.0,
                0.0,
                0.0,
                0.0,
                0.0,
                0.0,
                0.0,
                0.0
            ],
            "average_cpu_busy": 0.0,
            "user_cpu_time": 0.002193,
            "sys_cpu_time": 0.0,
            "total_cpu_time": 0.002193,
            "max_rss": 18340,
            "exit_code": 0,
            "failed": false
        },
        {
            "index": 5,
            "input": 10000.0,
            "run_time": 909476.0,
            "start_time": 1679835070373441635,
            "stop_time": 1679835070374351111,
            "ram_samples": [],
            "cpu_samples": [
                0.0,
                0.0,
                0.0,
                0.0,
                0.0,
                0.0,
                0.0,
                0.0,
                0.0,
                0.0,
                0.0,
                0.0,
                0.0,
                0.0,
                0.0,
                0.0
            ],
            "average_cpu_busy": 0.0,
            "user_cpu_time": 0.002263,
            "sys_cpu_time": 0.0,
            "total_cpu_time": 0.002263,
            "max_rss": 18348,
            "exit_code": 0,
            "failed": false
        }
    ],
    "maximum_runtime": 1194600.0,
    "minimum_runtime": 909476.0
}