{
    "bench": "nbody-4.java",
    "language": "java",
    "input": 10000.0,
    "average_runtime": 1160868.8333333333,
    "average_cpu_busy": 2.0650399999999995e-07,
    "average_ram_load": 0,
    "run_results": [
        {
            "index": 0,
            "input": 10000.0,
            "run_time": 1128427.0,
            "start_time": 1679756193313096643,
            "stop_time": 1679756193314225070,
            "ram_samples": [],
            "cpu_samples": [
                0.0,
                0.0,
                0.0,
                0.0,
                0.0,
                0.0,
                0.0,
                0.0,
                0.0,
                0.0,
                0.0,
                0.0,
                0.0,
                0.0,
                0.0,
                0.0
            ],
            "average_cpu_busy": 0.0,
            "user_cpu_time": 0.005876,
            "sys_cpu_time": 0.014691,
            "total_cpu_time": 0.020567,
            "max_rss": 38016,
            "exit_code": 256,
            "failed": false
        },
        {
            "index": 1,
            "input": 10000.0,
            "run_time": 1136812.0,
            "start_time": 1679756193335166086,
            "stop_time": 1679756193336302898,
            "ram_samples": [],
            "cpu_samples": [
                0.0,
                0.0,
                0.0,
                0.0,
                0.0,
                0.0,
                0.0,
                0.0,
                0.0,
                0.0,
                0.0,
                0.0,
                0.0,
                0.0,
                0.0,
                0.0
            ],
            "average_cpu_busy": 0.0,
            "user_cpu_time": 0.020824,
            "sys_cpu_time": 0.0,
            "total_cpu_time": 0.020824,
            "max_rss": 38144,
            "exit_code": 256,
            "failed": false
        },
        {
            "index": 2,
            "input": 10000.0,
            "run_time": 1239024.0,
            "start_time": 1679756193357666938,
            "stop_time": 1679756193358905962,
            "ram_samples": [],
            "cpu_samples": [
                0.0,
                0.0,
                100.0,
                0.0,
                0.0,
                0.0,
                0.0,
                0.0,
                0.0,
                0.0,
                0.0,
                0.0,
                0.0,
                0.0,
                0.0,
                0.0
            ],
            "average_cpu_busy": 1.2390239999999997e-06,
            "user_cpu_time": 0.008213999999999999,
            "sys_cpu_time": 0.012322,
            "total_cpu_time": 0.020536,
            "max_rss": 38144,
            "exit_code": 256,
            "failed": false
        },
        {
            "index": 3,
            "input": 10000.0,
            "run_time": 1174773.0,
            "start_time": 1679756193380088291,
            "stop_time": 1679756193381263064,
            "ram_samples": [],
            "cpu_samples": [
                0.0,
                0.0,
                0.0,
                0.0,
                0.0,
                0.0,
                0.0,
                0.0,
                0.0,
                0.0,
                0.0,
                0.0,
                0.0,
                0.0,
                0.0,
                0.0
            ],
            "average_cpu_busy": 0.0,
            "user_cpu_time": 0.015679,
            "sys_cpu_time": 0.003919,
            "total_cpu_time": 0.019597999999999997,
            "max_rss": 37888,
            "exit_code": 256,
            "failed": false
        },
        {
            "index": 4,
            "input": 10000.0,
            "run_time": 1147842.0,
            "start_time": 1679756193401408539,
            "stop_time": 1679756193402556381,
            "ram_samples": [],
            "cpu_samples": [
                0.0,
                0.0,
                0.0,
                0.0,
                0.0,
                0.0,
                0.0,
                0.0,
                0.0,
                0.0,
                0.0,
                0.0,
                0.0,
                0.0,
                0.0,
                0.0
            ],
            "average_cpu_busy": 0.0,
            "user_cpu_time": 0.007996999999999999,
            "sys_cpu_time": 0.011994999999999999,
            "total_cpu_time": 0.019991999999999996,
            "max_rss": 38144,
            "exit_code": 256,
            "failed": false
        },
        {
            "index": 5,
            "input": 10000.0,
            "run_time": 1138335.0,
            "start_time": 1679756193423094723,
            "stop_time": 1679756193424233058,
            "ram_samples": [],
            "cpu_samples": [
                0.0,
                0.0,
                0.0,
                0.0,
                0.0,
                0.0,
                0.0,
                0.0,
                0.0,
                0.0,
                0.0,
                0.0,
                0.0,
                0.0,
                0.0,
                0.0
            ],
            "average_cpu_busy": 0.0,
            "user_cpu_time": 0.012830999999999999,
            "sys_cpu_time": 0.008553999999999999,
            "total_cpu_time": 0.021384999999999998,
            "max_rss": 37760,
            "exit_code": 256,
            "failed": false
        }
    ]
}