{
    "bench": "nbody-2.java",
    "language": "java",
    "input": 20000.0,
    "average_runtime": 1189963.5,
    "average_cpu_busy": 0.0,
    "average_ram_load": 0,
    "run_results": [
        {
            "index": 0,
            "input": 20000.0,
            "run_time": 1219558.0,
            "start_time": 1679835075901593199,
            "stop_time": 1679835075902812757,
            "ram_samples": [],
            "cpu_samples": [
                0.0,
                0.0,
                0.0,
                0.0,
                0.0,
                0.0,
                0.0,
                0.0,
                0.0,
                0.0,
                0.0,
                0.0,
                0.0,
                0.0,
                0.0,
                0.0
            ],
            "average_cpu_busy": 0.0,
            "user_cpu_time": 0.009047,
            "sys_cpu_time": 0.013569999999999999,
            "total_cpu_time": 0.022616999999999998,
            "max_rss": 38016,
            "exit_code": 256,
            "failed": false
        },
        {
            "index": 1,
            "input": 20000.0,
            "run_time": 1081458.0,
            "start_time": 1679835075925271690,
            "stop_time": 1679835075926353148,
            "ram_samples": [],
            "cpu_samples": [
                0.0,
                0.0,
                0.0,
                0.0,
                0.0,
                0.0,
                0.0,
                0.0,
                0.0,
                0.0,
                0.0,
                0.0,
                0.0,
                0.0,
                0.0,
                0.0
            ],
            "average_cpu_busy": 0.0,
            "user_cpu_time": 0.010811999999999999,
            "sys_cpu_time": 0.010811999999999999,
            "total_cpu_time": 0.021623999999999997,
            "max_rss": 38144,
            "exit_code": 256,
            "failed": false
        },
        {
            "index": 2,
            "input": 20000.0,
            "run_time": 1244814.0,
            "start_time": 1679835075948986990,
            "stop_time": 1679835075950231804,
            "ram_samples": [],
            "cpu_samples": [
                0.0,
                0.0,
                0.0,
                0.0,
                0.0,
                0.0,
                0.0,
                0.0,
                0.0,
                0.0,
                0.0,
                0.0,
                0.0,
                0.0,
                0.0,
                0.0
            ],
            "average_cpu_busy": 0.0,
            "user_cpu_time": 0.016732999999999998,
            "sys_cpu_time": 0.004183,
            "total_cpu_time": 0.020915999999999997,
            "max_rss": 38016,
            "exit_code": 256,
            "failed": false
        },
        {
            "index": 3,
            "input": 20000.0,
            "run_time": 1268910.0,
            "start_time": 1679835075971887040,
            "stop_time": 1679835075973155950,
            "ram_samples": [],
            "cpu_samples": [
                0.0,
                0.0,
                0.0,
                0.0,
                0.0,
                0.0,
                0.0,
                0.0,
                0.0,
                0.0,
                0.0,
                0.0,
                0.0,
                0.0,
                0.0,
                0.0
            ],
            "average_cpu_busy": 0.0,
            "user_cpu_time": 0.010693,
            "sys_cpu_time": 0.010693,
            "total_cpu_time": 0.021386,
            "max_rss": 37888,
            "exit_code": 256,
            "failed": false
        },
        {
            "index": 4,
            "input": 20000.0,
            "run_time": 1254022.0,
            "start_time": 1679835075994794585,
            "stop_time": 1679835075996048607,
            "ram_samples": [],
            "cpu_samples": [
                0.0,
                0.0,
                0.0,
                0.0,
                0.0,
                0.0,
                0.0,
                0.0,
                0.0,
                0.0,
                0.0,
                0.0,
                0.0,
                0.0,
                0.0,
                0.0
            ],
            "average_cpu_busy": 0.0,
            "user_cpu_time": 0.0050669999999999995,
            "sys_cpu_time": 0.015201999999999999,
            "total_cpu_time": 0.020269,
            "max_rss": 38272,
            "exit_code": 256,
            "failed": false
        },
        {
            "index": 5,
            "input": 20000.0,
            "run_time": 1071019.0,
            "start_time": 1679835076017273025,
            "stop_time": 1679835076018344044,
            "ram_samples": [],
            "cpu_samples": [
                0.0,
                0.0,
                0.0,
                0.0,
                0.0,
                0.0,
                0.0,
                0.0,
                0.0,
                0.0,
                0.0,
                0.0,
                0.0,
                0.0,
                0.0,
                0.0
            ],
            "average_cpu_busy": 0.0,
            "user_cpu_time": 0.012523999999999999,
            "sys_cpu_time": 0.008348999999999999,
            "total_cpu_time": 0.020872999999999996,
            "max_rss": 38144,
            "exit_code": 256,
            "failed": false
        }
    ],
    "maximum_runtime": 1268910.0,
    "minimum_runtime": 1071019.0
}