{
    "bench": "nbody-3.rust",
    "language": "rust",
    "input": 20000.0,
    "average_runtime": 853026.6666666666,
    "average_cpu_busy": 0.0,
    "average_ram_load": 0,
    "run_results": [
        {
            "index": 0,
            "input": 20000.0,
            "run_time": 808797.0,
            "start_time": 1679835073120107834,
            "stop_time": 1679835073120916631,
            "ram_samples": [],
            "cpu_samples": [
                0.0,
                0.0,
                0.0,
                0.0,
                0.0,
                0.0,
                0.0,
                0.0,
                0.0,
                0.0,
                0.0,
                0.0,
                0.0,
                0.0,
                0.0,
                0.0
            ],
            "average_cpu_busy": 0.0,
            "user_cpu_time": 0.001929,
            "sys_cpu_time": 0.0,
            "total_cpu_time": 0.001929,
            "max_rss": 18684,
            "exit_code": 0,
            "failed": false
        },
        {
            "index": 1,
            "input": 20000.0,
            "run_time": 849874.0,
            "start_time": 1679835073125106289,
            "stop_time": 1679835073125956163,
            "ram_samples": [],
            "cpu_samples": [
                0.0,
                0.0,
                0.0,
                0.0,
                0.0,
                0.0,
                0.0,
                0.0,
                0.0,
                0.0,
                0.0,
                0.0,
                0.0,
                0.0,
                0.0,
                0.0
            ],
            "average_cpu_busy": 0.0,
            "user_cpu_time": 0.001957,
            "sys_cpu_time": 0.0,
            "total_cpu_time": 0.001957,
            "max_rss": 18684,
            "exit_code": 0,
            "failed": false
        },
        {
            "index": 2,
            "input": 20000.0,
            "run_time": 778921.0,
            "start_time": 1679835073129952068,
            "stop_time": 1679835073130730989,
            "ram_samples": [],
            "cpu_samples": [
                0.0,
                0.0,
                0.0,
                0.0,
                0.0,
                0.0,
                0.0,
                0.0,
                0.0,
                0.0,
                0.0,
                0.0,
                0.0,
                0.0,
                0.0,
                0.0
            ],
            "average_cpu_busy": 0.0,
            "user_cpu_time": 0.0,
            "sys_cpu_time": 0.001911,
            "total_cpu_time": 0.001911,
            "max_rss": 18684,
            "exit_code": 0,
            "failed": false
        },
        {
            "index": 3,
            "input": 20000.0,
            "run_time": 920386.0,
            "start_time": 1679835073134866395,
            "stop_time": 1679835073135786781,
            "ram_samples": [],
            "cpu_samples": [
                0.0,
                0.0,
                0.0,
                0.0,
                0.0,
                0.0,
                0.0,
                0.0,
                0.0,
                0.0,
                0.0,
                0.0,
                0.0,
                0.0,
                0.0,
                0.0
            ],
            "average_cpu_busy": 0.0,
            "user_cpu_time": 0.001996,
            "sys_cpu_time": 0.0,
            "total_cpu_time": 0.001996,
            "max_rss": 18688,
            "exit_code": 0,
            "failed": false
        },
        {
            "index": 4,
            "input": 20000.0,
            "run_time": 802475.0,
            "start_time": 1679835073139922748,
            "stop_time": 1679835073140725223,
            "ram_samples": [],
            "cpu_samples": [
                0.0,
                0.0,
                0.0,
                0.0,
                0.0,
                0.0,
                0.0,
                0.0,
                0.0,
                0.0,
                0.0,
                0.0,
                0.0,
                0.0,
                0.0,
                0.0
            ],
            "average_cpu_busy": 0.0,
            "user_cpu_time": 0.001924,
            "sys_cpu_time": 0.0,
            "total_cpu_time": 0.001924,
            "max_rss": 18688,
            "exit_code": 0,
            "failed": false
        },
        {
            "index": 5,
            "input": 20000.0,
            "run_time": 957707.0,
            "start_time": 1679835073145291317,
            "stop_time": 1679835073146249024,
            "ram_samples": [],
            "cpu_samples": [
                0.0,
                0.0,
                0.0,
                0.0,
                0.0,
                0.0,
                0.0,
                0.0,
                0.0,
                0.0,
                0.0,
                0.0,
                0.0,
                0.0,
                0.0,
                0.0
            ],
            "average_cpu_busy": 0.0,
            "user_cpu_time": 0.002338,
            "sys_cpu_time": 0.0,
            "total_cpu_time": 0.002338,
            "max_rss": 18696,
            "exit_code": 0,
            "failed": false
        }
    ],
    "maximum_runtime": 957707.0,
    "minimum_runtime": 778921.0
}