{
    "bench": "nbody-5.ada",
    "language": "ada",
    "input": 20000.0,
    "average_runtime": 908025.1666666666,
    "average_cpu_busy": 0.0,
    "average_ram_load": 0,
    "run_results": [
        {
            "index": 0,
            "input": 20000.0,
            "run_time": 906379.0,
            "start_time": 1679663714351122044,
            "stop_time": 1679663714352028423,
            "ram_samples": [],
            "cpu_samples": [
                0.0,
                0.0,
                0.0,
                0.0,
                0.0,
                0.0,
                0.0,
                0.0,
                0.0,
                0.0,
                0.0,
                0.0,
                0.0,
                0.0,
                0.0,
                0.0
            ],
            "average_cpu_busy": 0.0,
            "user_cpu_time": 0.002647,
            "sys_cpu_time": 0.0,
            "total_cpu_time": 0.002647,
            "max_rss": 18268,
            "exit_code": 0,
            "failed": false
        },
        {
            "index": 1,
            "input": 20000.0,
            "run_time": 886250.0,
            "start_time": 1679663714357200596,
            "stop_time": 1679663714358086846,
            "ram_samples": [],
            "cpu_samples": [
                0.0,
                0.0,
                0.0,
                0.0,
                0.0,
                0.0,
                0.0,
                0.0,
                0.0,
                0.0,
                0.0,
                0.0,
                0.0,
                0.0,
                0.0,
                0.0
            ],
            "average_cpu_busy": 0.0,
            "user_cpu_time": 0.002632,
            "sys_cpu_time": 0.0,
            "total_cpu_time": 0.002632,
            "max_rss": 18272,
            "exit_code": 0,
            "failed": false
        },
        {
            "index": 2,
            "input": 20000.0,
            "run_time": 885078.0,
            "start_time": 1679663714363361725,
            "stop_time": 1679663714364246803,
            "ram_samples": [],
            "cpu_samples": [
                0.0,
                0.0,
                0.0,
                0.0,
                0.0,
                0.0,
                0.0,
                0.0,
                0.0,
                0.0,
                0.0,
                0.0,
                0.0,
                0.0,
                0.0,
                0.0
            ],
            "average_cpu_busy": 0.0,
            "user_cpu_time": 0.003571,
            "sys_cpu_time": 0.0,
            "total_cpu_time": 0.003571,
            "max_rss": 18272,
            "exit_code": 0,
            "failed": false
        },
        {
            "index": 3,
            "input": 20000.0,
            "run_time": 999546.0,
            "start_time": 1679663714370116386,
            "stop_time": 1679663714371115932,
            "ram_samples": [],
            "cpu_samples": [
                0.0,
                0.0,
                0.0,
                0.0,
                0.0,
                0.0,
                0.0,
                0.0,
                0.0,
                0.0,
                0.0,
                0.0,
                0.0,
                0.0,
                0.0,
                0.0
            ],
            "average_cpu_busy": 0.0,
            "user_cpu_time": 0.0026939999999999998,
            "sys_cpu_time": 0.0,
            "total_cpu_time": 0.0026939999999999998,
            "max_rss": 18268,
            "exit_code": 0,
            "failed": false
        },
        {
            "index": 4,
            "input": 20000.0,
            "run_time": 891681.0,
            "start_time": 1679663714375987211,
            "stop_time": 1679663714376878892,
            "ram_samples": [],
            "cpu_samples": [
                0.0,
                0.0,
                0.0,
                0.0,
                0.0,
                0.0,
                0.0,
                0.0,
                0.0,
                0.0,
                0.0,
                0.0,
                0.0,
                0.0,
                0.0,
                0.0
            ],
            "average_cpu_busy": 0.0,
            "user_cpu_time": 0.0027849999999999997,
            "sys_cpu_time": 0.0,
            "total_cpu_time": 0.0027849999999999997,
            "max_rss": 18268,
            "exit_code": 0,
            "failed": false
        },
        {
            "index": 5,
            "input": 20000.0,
            "run_time": 879217.0,
            "start_time": 1679663714381970952,
            "stop_time": 1679663714382850169,
            "ram_samples": [],
            "cpu_samples": [
                0.0,
                0.0,
                0.0,
                0.0,
                0.0,
                0.0,
                0.0,
                0.0,
                0.0,
                0.0,
                0.0,
                0.0,
                0.0,
                0.0,
                0.0,
                0.0
            ],
            "average_cpu_busy": 0.0,
            "user_cpu_time": 0.0026869999999999997,
            "sys_cpu_time": 0.0,
            "total_cpu_time": 0.0026869999999999997,
            "max_rss": 18272,
            "exit_code": 0,
            "failed": false
        }
    ]
}