{
    "bench": "nbody-3.c",
    "language": "c",
    "input": 50000.0,
    "average_run_time": 918401.1666666666,
    "maximum_run_time": 950533.0,
    "minimum_run_time": 892975.0,
    "average_cpu_time": 0.005261166666666667,
    "minimum_cpu_time": 0.005212,
    "maximum_cpu_time": 0.005338,
    "average_cpu_busy": 0,
    "average_ram_load": 0,
    "run_results": [
        {
            "index": 0,
            "input": 50000.0,
            "run_time": 923422.0,
            "start_time": 1680003234066527282,
            "stop_time": 1680003234067450704,
            "ram_samples": [],
            "cpu_samples": [
                0.0,
                0.0,
                0.0,
                0.0,
                0.0,
                0.0,
                0.0,
                0.0,
                0.0,
                0.0,
                0.0,
                0.0,
                0.0,
                0.0,
                0.0,
                0.0
            ],
            "average_cpu_busy": 0.0,
            "user_cpu_time": 0.0052309999999999995,
            "sys_cpu_time": 0.0,
            "total_cpu_time": 0.0052309999999999995,
            "max_rss": 19948,
            "exit_code": 0,
            "failed": false
        },
        {
            "index": 1,
            "input": 50000.0,
            "run_time": 910458.0,
            "start_time": 1680003234075376790,
            "stop_time": 1680003234076287248,
            "ram_samples": [],
            "cpu_samples": [
                0.0,
                0.0,
                0.0,
                0.0,
                0.0,
                0.0,
                0.0,
                0.0,
                0.0,
                0.0,
                0.0,
                0.0,
                0.0,
                0.0,
                0.0,
                0.0
            ],
            "average_cpu_busy": 0.0,
            "user_cpu_time": 0.005215,
            "sys_cpu_time": 0.0,
            "total_cpu_time": 0.005215,
            "max_rss": 19948,
            "exit_code": 0,
            "failed": false
        },
        {
            "index": 2,
            "input": 50000.0,
            "run_time": 892975.0,
            "start_time": 1680003234084142531,
            "stop_time": 1680003234085035506,
            "ram_samples": [],
            "cpu_samples": [
                0.0,
                0.0,
                0.0,
                0.0,
                0.0,
                0.0,
                0.0,
                0.0,
                0.0,
                0.0,
                0.0,
                0.0,
                0.0,
                0.0,
                0.0,
                0.0
            ],
            "average_cpu_busy": 0.0,
            "user_cpu_time": 0.005338,
            "sys_cpu_time": 0.0,
            "total_cpu_time": 0.005338,
            "max_rss": 19948,
            "exit_code": 0,
            "failed": false
        },
        {
            "index": 3,
            "input": 50000.0,
            "run_time": 950533.0,
            "start_time": 1680003234093126140,
            "stop_time": 1680003234094076673,
            "ram_samples": [],
            "cpu_samples": [
                0.0,
                0.0,
                0.0,
                0.0,
                0.0,
                0.0,
                0.0,
                0.0,
                0.0,
                0.0,
                0.0,
                0.0,
                0.0,
                0.0,
                0.0,
                0.0
            ],
            "average_cpu_busy": 0.0,
            "user_cpu_time": 0.005307,
            "sys_cpu_time": 0.0,
            "total_cpu_time": 0.005307,
            "max_rss": 19948,
            "exit_code": 0,
            "failed": false
        },
        {
            "index": 4,
            "input": 50000.0,
            "run_time": 928462.0,
            "start_time": 1680003234101999192,
            "stop_time": 1680003234102927654,
            "ram_samples": [],
            "cpu_samples": [
                0.0,
                100.0,
                0.0,
                0.0,
                0.0,
                0.0,
                0.0,
                0.0,
                0.0,
                0.0,
                0.0,
                0.0,
                0.0,
                0.0,
                0.0,
                0.0
            ],
            "average_cpu_busy": 9.28462e-07,
            "user_cpu_time": 0.002632,
            "sys_cpu_time": 0.002632,
            "total_cpu_time": 0.005264,
            "max_rss": 19948,
            "exit_code": 0,
            "failed": false
        },
        {
            "index": 5,
            "input": 50000.0,
            "run_time": 904557.0,
            "start_time": 1680003234110855312,
            "stop_time": 1680003234111759869,
            "ram_samples": [],
            "cpu_samples": [
                0.0,
                0.0,
                0.0,
                0.0,
                0.0,
                0.0,
                0.0,
                0.0,
                0.0,
                0.0,
                0.0,
                0.0,
                0.0,
                0.0,
                0.0,
                0.0
            ],
            "average_cpu_busy": 0.0,
            "user_cpu_time": 0.005212,
            "sys_cpu_time": 0.0,
            "total_cpu_time": 0.005212,
            "max_rss": 19956,
            "exit_code": 0,
            "failed": false
        }
    ]
}