{
    "bench": "nbody-2.java",
    "language": "java",
    "input": 50000.0,
    "average_run_time": 1142082.1666666667,
    "maximum_run_time": 1183219.0,
    "minimum_run_time": 1099232.0,
    "average_cpu_time": 0.020162166666666665,
    "minimum_cpu_time": 0.019711,
    "maximum_cpu_time": 0.020999999999999998,
    "average_cpu_busy": 0,
    "average_ram_load": 0,
    "run_results": [
        {
            "index": 0,
            "input": 50000.0,
            "run_time": 1171888.0,
            "start_time": 1680003242202409302,
            "stop_time": 1680003242203581190,
            "ram_samples": [],
            "cpu_samples": [
                0.0,
                0.0,
                0.0,
                0.0,
                0.0,
                0.0,
                0.0,
                0.0,
                0.0,
                0.0,
                0.0,
                0.0,
                0.0,
                0.0,
                0.0,
                0.0
            ],
            "average_cpu_busy": 0.0,
            "user_cpu_time": 0.01995,
            "sys_cpu_time": 0.0,
            "total_cpu_time": 0.01995,
            "max_rss": 38016,
            "exit_code": 256,
            "failed": false
        },
        {
            "index": 1,
            "input": 50000.0,
            "run_time": 1099232.0,
            "start_time": 1680003242224033439,
            "stop_time": 1680003242225132671,
            "ram_samples": [],
            "cpu_samples": [
                0.0,
                0.0,
                0.0,
                0.0,
                0.0,
                0.0,
                0.0,
                0.0,
                0.0,
                0.0,
                0.0,
                0.0,
                0.0,
                0.0,
                0.0,
                0.0
            ],
            "average_cpu_busy": 0.0,
            "user_cpu_time": 0.019711,
            "sys_cpu_time": 0.0,
            "total_cpu_time": 0.019711,
            "max_rss": 37888,
            "exit_code": 256,
            "failed": false
        },
        {
            "index": 2,
            "input": 50000.0,
            "run_time": 1148163.0,
            "start_time": 1680003242245469835,
            "stop_time": 1680003242246617998,
            "ram_samples": [],
            "cpu_samples": [
                0.0,
                0.0,
                0.0,
                0.0,
                0.0,
                0.0,
                0.0,
                0.0,
                0.0,
                0.0,
                0.0,
                0.0,
                0.0,
                0.0,
                0.0,
                0.0
            ],
            "average_cpu_busy": 0.0,
            "user_cpu_time": 0.001235,
            "sys_cpu_time": 0.019764999999999998,
            "total_cpu_time": 0.020999999999999998,
            "max_rss": 37888,
            "exit_code": 256,
            "failed": false
        },
        {
            "index": 3,
            "input": 50000.0,
            "run_time": 1134268.0,
            "start_time": 1680003242267447405,
            "stop_time": 1680003242268581673,
            "ram_samples": [],
            "cpu_samples": [
                0.0,
                0.0,
                0.0,
                0.0,
                0.0,
                0.0,
                0.0,
                0.0,
                0.0,
                0.0,
                0.0,
                0.0,
                0.0,
                0.0,
                0.0,
                0.0
            ],
            "average_cpu_busy": 0.0,
            "user_cpu_time": 0.015286999999999999,
            "sys_cpu_time": 0.005095,
            "total_cpu_time": 0.020381999999999997,
            "max_rss": 38016,
            "exit_code": 256,
            "failed": false
        },
        {
            "index": 4,
            "input": 50000.0,
            "run_time": 1115723.0,
            "start_time": 1680003242289367007,
            "stop_time": 1680003242290482730,
            "ram_samples": [],
            "cpu_samples": [
                0.0,
                0.0,
                0.0,
                0.0,
                0.0,
                0.0,
                0.0,
                0.0,
                0.0,
                0.0,
                0.0,
                0.0,
                0.0,
                0.0,
                0.0,
                0.0
            ],
            "average_cpu_busy": 0.0,
            "user_cpu_time": 0.013405,
            "sys_cpu_time": 0.006702,
            "total_cpu_time": 0.020107,
            "max_rss": 37888,
            "exit_code": 256,
            "failed": false
        },
        {
            "index": 5,
            "input": 50000.0,
            "run_time": 1183219.0,
            "start_time": 1680003242311144332,
            "stop_time": 1680003242312327551,
            "ram_samples": [],
            "cpu_samples": [
                0.0,
                0.0,
                0.0,
                0.0,
                0.0,
                0.0,
                0.0,
                0.0,
                0.0,
                0.0,
                0.0,
                0.0,
                0.0,
                0.0,
                0.0,
                0.0
            ],
            "average_cpu_busy": 0.0,
            "user_cpu_time": 0.0,
            "sys_cpu_time": 0.019823,
            "total_cpu_time": 0.019823,
            "max_rss": 38272,
            "exit_code": 256,
            "failed": false
        }
    ]
}