{
    "bench": "nbody-2.rust",
    "language": "rust",
    "input": 50000.0,
    "average_run_time": 915603.8333333334,
    "maximum_run_time": 1006809.0,
    "minimum_run_time": 863108.0,
    "average_cpu_time": 0.0032345,
    "minimum_cpu_time": 0.0031699999999999996,
    "maximum_cpu_time": 0.003333,
    "average_cpu_busy": 0,
    "average_ram_load": 0,
    "run_results": [
        {
            "index": 0,
            "input": 50000.0,
            "run_time": 889067.0,
            "start_time": 1680003234495763716,
            "stop_time": 1680003234496652783,
            "ram_samples": [],
            "cpu_samples": [
                0.0,
                0.0,
                0.0,
                0.0,
                0.0,
                0.0,
                0.0,
                0.0,
                0.0,
                0.0,
                0.0,
                0.0,
                0.0,
                0.0,
                0.0,
                0.0
            ],
            "average_cpu_busy": 0.0,
            "user_cpu_time": 0.003209,
            "sys_cpu_time": 0.0,
            "total_cpu_time": 0.003209,
            "max_rss": 20044,
            "exit_code": 0,
            "failed": false
        },
        {
            "index": 1,
            "input": 50000.0,
            "run_time": 916609.0,
            "start_time": 1680003234502598144,
            "stop_time": 1680003234503514753,
            "ram_samples": [],
            "cpu_samples": [
                0.0,
                0.0,
                0.0,
                0.0,
                0.0,
                0.0,
                0.0,
                0.0,
                0.0,
                0.0,
                0.0,
                0.0,
                0.0,
                0.0,
                0.0,
                0.0
            ],
            "average_cpu_busy": 0.0,
            "user_cpu_time": 0.0,
            "sys_cpu_time": 0.003263,
            "total_cpu_time": 0.003263,
            "max_rss": 20048,
            "exit_code": 0,
            "failed": false
        },
        {
            "index": 2,
            "input": 50000.0,
            "run_time": 919324.0,
            "start_time": 1680003234509849665,
            "stop_time": 1680003234510768989,
            "ram_samples": [],
            "cpu_samples": [
                0.0,
                0.0,
                0.0,
                0.0,
                0.0,
                0.0,
                0.0,
                0.0,
                0.0,
                0.0,
                0.0,
                0.0,
                0.0,
                0.0,
                0.0,
                0.0
            ],
            "average_cpu_busy": 0.0,
            "user_cpu_time": 0.0,
            "sys_cpu_time": 0.0031699999999999996,
            "total_cpu_time": 0.0031699999999999996,
            "max_rss": 20048,
            "exit_code": 0,
            "failed": false
        },
        {
            "index": 3,
            "input": 50000.0,
            "run_time": 898706.0,
            "start_time": 1680003234516596980,
            "stop_time": 1680003234517495686,
            "ram_samples": [],
            "cpu_samples": [
                0.0,
                0.0,
                0.0,
                0.0,
                0.0,
                0.0,
                0.0,
                0.0,
                0.0,
                0.0,
                0.0,
                0.0,
                0.0,
                0.0,
                0.0,
                0.0
            ],
            "average_cpu_busy": 0.0,
            "user_cpu_time": 0.003333,
            "sys_cpu_time": 0.0,
            "total_cpu_time": 0.003333,
            "max_rss": 20052,
            "exit_code": 0,
            "failed": false
        },
        {
            "index": 4,
            "input": 50000.0,
            "run_time": 1006809.0,
            "start_time": 1680003234523634519,
            "stop_time": 1680003234524641328,
            "ram_samples": [],
            "cpu_samples": [
                0.0,
                0.0,
                0.0,
                0.0,
                0.0,
                0.0,
                0.0,
                0.0,
                0.0,
                0.0,
                0.0,
                0.0,
                0.0,
                0.0,
                0.0,
                0.0
            ],
            "average_cpu_busy": 0.0,
            "user_cpu_time": 0.003232,
            "sys_cpu_time": 0.0,
            "total_cpu_time": 0.003232,
            "max_rss": 20056,
            "exit_code": 0,
            "failed": false
        },
        {
            "index": 5,
            "input": 50000.0,
            "run_time": 863108.0,
            "start_time": 1680003234530432550,
            "stop_time": 1680003234531295658,
            "ram_samples": [],
            "cpu_samples": [
                0.0,
                0.0,
                0.0,
                0.0,
                0.0,
                0.0,
                0.0,
                0.0,
                0.0,
                0.0,
                0.0,
                0.0,
                0.0,
                0.0,
                0.0,
                0.0
            ],
            "average_cpu_busy": 0.0,
            "user_cpu_time": 0.0031999999999999997,
            "sys_cpu_time": 0.0,
            "total_cpu_time": 0.0031999999999999997,
            "max_rss": 20056,
            "exit_code": 0,
            "failed": false
        }
    ]
}