{
    "bench": "nbody-1.java",
    "language": "java",
    "input": 10000.0,
    "average_runtime": 1280014.1666666667,
    "average_cpu_busy": 7.245123333333334e-07,
    "average_ram_load": 0,
    "run_results": [
        {
            "index": 0,
            "input": 10000.0,
            "run_time": 1283978.0,
            "start_time": 1679835073787916637,
            "stop_time": 1679835073789200615,
            "ram_samples": [],
            "cpu_samples": [
                0.0,
                0.0,
                0.0,
                0.0,
                0.0,
                0.0,
                0.0,
                0.0,
                0.0,
                0.0,
                0.0,
                0.0,
                0.0,
                0.0,
                0.0,
                0.0
            ],
            "average_cpu_busy": 0.0,
            "user_cpu_time": 0.023829,
            "sys_cpu_time": 0.035743,
            "total_cpu_time": 0.059572,
            "max_rss": 42872,
            "exit_code": 256,
            "failed": false
        },
        {
            "index": 1,
            "input": 10000.0,
            "run_time": 1462343.0,
            "start_time": 1679835073841706033,
            "stop_time": 1679835073843168376,
            "ram_samples": [],
            "cpu_samples": [
                0.0,
                100.0,
                0.0,
                0.0,
                100.0,
                0.0,
                0.0,
                0.0,
                0.0,
                0.0,
                0.0,
                0.0,
                0.0,
                0.0,
                0.0,
                0.0
            ],
            "average_cpu_busy": 2.9246859999999997e-06,
            "user_cpu_time": 0.040782,
            "sys_cpu_time": 0.016312,
            "total_cpu_time": 0.057094,
            "max_rss": 42620,
            "exit_code": 256,
            "failed": false
        },
        {
            "index": 2,
            "input": 10000.0,
            "run_time": 1422388.0,
            "start_time": 1679835073893949860,
            "stop_time": 1679835073895372248,
            "ram_samples": [],
            "cpu_samples": [
                0.0,
                100.0,
                0.0,
                0.0,
                0.0,
                0.0,
                0.0,
                0.0,
                0.0,
                0.0,
                0.0,
                0.0,
                0.0,
                0.0,
                0.0,
                0.0
            ],
            "average_cpu_busy": 1.4223879999999998e-06,
            "user_cpu_time": 0.059237,
            "sys_cpu_time": 0.0,
            "total_cpu_time": 0.059237,
            "max_rss": 42364,
            "exit_code": 256,
            "failed": false
        },
        {
            "index": 3,
            "input": 10000.0,
            "run_time": 1101306.0,
            "start_time": 1679835073948538665,
            "stop_time": 1679835073949639971,
            "ram_samples": [],
            "cpu_samples": [
                0.0,
                0.0,
                0.0,
                0.0,
                0.0,
                0.0,
                0.0,
                0.0,
                0.0,
                0.0,
                0.0,
                0.0,
                0.0,
                0.0,
                0.0,
                0.0
            ],
            "average_cpu_busy": 0.0,
            "user_cpu_time": 0.0468,
            "sys_cpu_time": 0.0117,
            "total_cpu_time": 0.0585,
            "max_rss": 42880,
            "exit_code": 256,
            "failed": false
        },
        {
            "index": 4,
            "input": 10000.0,
            "run_time": 1119459.0,
            "start_time": 1679835074002601284,
            "stop_time": 1679835074003720743,
            "ram_samples": [],
            "cpu_samples": [
                0.0,
                0.0,
                0.0,
                0.0,
                0.0,
                0.0,
                0.0,
                0.0,
                0.0,
                0.0,
                0.0,
                0.0,
                0.0,
                0.0,
                0.0,
                0.0
            ],
            "average_cpu_busy": 0.0,
            "user_cpu_time": 0.038708,
            "sys_cpu_time": 0.012902,
            "total_cpu_time": 0.05161,
            "max_rss": 42880,
            "exit_code": 256,
            "failed": false
        },
        {
            "index": 5,
            "input": 10000.0,
            "run_time": 1290611.0,
            "start_time": 1679835074050553271,
            "stop_time": 1679835074051843882,
            "ram_samples": [],
            "cpu_samples": [
                0.0,
                0.0,
                0.0,
                0.0,
                0.0,
                0.0,
                0.0,
                0.0,
                0.0,
                0.0,
                0.0,
                0.0,
                0.0,
                0.0,
                0.0,
                0.0
            ],
            "average_cpu_busy": 0.0,
            "user_cpu_time": 0.028283,
            "sys_cpu_time": 0.023569,
            "total_cpu_time": 0.051851999999999995,
            "max_rss": 42872,
            "exit_code": 256,
            "failed": false
        }
    ],
    "maximum_runtime": 1462343.0,
    "minimum_runtime": 1101306.0
}