{
    "bench": "nbody-7.c",
    "language": "c",
    "input": 10000.0,
    "average_runtime": 958700.1666666666,
    "average_cpu_busy": 0.0,
    "average_ram_load": 0,
    "run_results": [
        {
            "index": 0,
            "input": 10000.0,
            "run_time": 1117556.0,
            "start_time": 1679835069896847518,
            "stop_time": 1679835069897965074,
            "ram_samples": [],
            "cpu_samples": [
                0.0,
                0.0,
                0.0,
                0.0,
                0.0,
                0.0,
                0.0,
                0.0,
                0.0,
                0.0,
                0.0,
                0.0,
                0.0,
                0.0,
                0.0,
                0.0
            ],
            "average_cpu_busy": 0.0,
            "user_cpu_time": 0.0014169999999999999,
            "sys_cpu_time": 0.0,
            "total_cpu_time": 0.0014169999999999999,
            "max_rss": 18296,
            "exit_code": 0,
            "failed": false
        },
        {
            "index": 1,
            "input": 10000.0,
            "run_time": 817373.0,
            "start_time": 1679835069901788045,
            "stop_time": 1679835069902605418,
            "ram_samples": [],
            "cpu_samples": [
                0.0,
                0.0,
                0.0,
                0.0,
                0.0,
                0.0,
                0.0,
                0.0,
                0.0,
                0.0,
                0.0,
                0.0,
                0.0,
                0.0,
                0.0,
                0.0
            ],
            "average_cpu_busy": 0.0,
            "user_cpu_time": 0.001352,
            "sys_cpu_time": 0.0,
            "total_cpu_time": 0.001352,
            "max_rss": 18304,
            "exit_code": 0,
            "failed": false
        },
        {
            "index": 2,
            "input": 10000.0,
            "run_time": 973927.0,
            "start_time": 1679835069906684478,
            "stop_time": 1679835069907658405,
            "ram_samples": [],
            "cpu_samples": [
                0.0,
                0.0,
                0.0,
                0.0,
                0.0,
                0.0,
                0.0,
                0.0,
                0.0,
                0.0,
                0.0,
                0.0,
                0.0,
                0.0,
                0.0,
                0.0
            ],
            "average_cpu_busy": 0.0,
            "user_cpu_time": 0.002041,
            "sys_cpu_time": 0.0,
            "total_cpu_time": 0.002041,
            "max_rss": 18304,
            "exit_code": 0,
            "failed": false
        },
        {
            "index": 3,
            "input": 10000.0,
            "run_time": 953870.0,
            "start_time": 1679835069912093062,
            "stop_time": 1679835069913046932,
            "ram_samples": [],
            "cpu_samples": [
                0.0,
                0.0,
                0.0,
                0.0,
                0.0,
                0.0,
                0.0,
                0.0,
                0.0,
                0.0,
                0.0,
                0.0,
                0.0,
                0.0,
                0.0,
                0.0
            ],
            "average_cpu_busy": 0.0,
            "user_cpu_time": 0.001414,
            "sys_cpu_time": 0.0,
            "total_cpu_time": 0.001414,
            "max_rss": 18304,
            "exit_code": 0,
            "failed": false
        },
        {
            "index": 4,
            "input": 10000.0,
            "run_time": 872427.0,
            "start_time": 1679835069916407985,
            "stop_time": 1679835069917280412,
            "ram_samples": [],
            "cpu_samples": [
                0.0,
                0.0,
                0.0,
                0.0,
                0.0,
                0.0,
                0.0,
                0.0,
                0.0,
                0.0,
                0.0,
                0.0,
                0.0,
                0.0,
                0.0,
                0.0
            ],
            "average_cpu_busy": 0.0,
            "user_cpu_time": 0.001452,
            "sys_cpu_time": 0.0,
            "total_cpu_time": 0.001452,
            "max_rss": 18308,
            "exit_code": 0,
            "failed": false
        },
        {
            "index": 5,
            "input": 10000.0,
            "run_time": 1017048.0,
            "start_time": 1679835069921519492,
            "stop_time": 1679835069922536540,
            "ram_samples": [],
            "cpu_samples": [
                0.0,
                0.0,
                0.0,
                0.0,
                0.0,
                0.0,
                0.0,
                0.0,
                0.0,
                0.0,
                0.0,
                0.0,
                0.0,
                0.0,
                0.0,
                0.0
            ],
            "average_cpu_busy": 0.0,
            "user_cpu_time": 0.0,
            "sys_cpu_time": 0.0020529999999999997,
            "total_cpu_time": 0.0020529999999999997,
            "max_rss": 18308,
            "exit_code": 0,
            "failed": false
        }
    ],
    "maximum_runtime": 1117556.0,
    "minimum_runtime": 817373.0
}