{
    "bench": "nbody-2.java",
    "language": "java",
    "input": 10000.0,
    "average_runtime": 1158130.8333333333,
    "average_cpu_busy": 1.9297533333333336e-07,
    "average_ram_load": 0,
    "run_results": [
        {
            "index": 0,
            "input": 10000.0,
            "run_time": 1157852.0,
            "start_time": 1679835075761654033,
            "stop_time": 1679835075762811885,
            "ram_samples": [],
            "cpu_samples": [
                0.0,
                0.0,
                0.0,
                0.0,
                0.0,
                0.0,
                0.0,
                0.0,
                0.0,
                0.0,
                0.0,
                0.0,
                100.0,
                0.0,
                0.0,
                0.0
            ],
            "average_cpu_busy": 1.1578520000000001e-06,
            "user_cpu_time": 0.008525999999999999,
            "sys_cpu_time": 0.012789,
            "total_cpu_time": 0.021315,
            "max_rss": 38016,
            "exit_code": 256,
            "failed": false
        },
        {
            "index": 1,
            "input": 10000.0,
            "run_time": 1065569.0,
            "start_time": 1679835075784025813,
            "stop_time": 1679835075785091382,
            "ram_samples": [],
            "cpu_samples": [
                0.0,
                0.0,
                0.0,
                0.0,
                0.0,
                0.0,
                0.0,
                0.0,
                0.0,
                0.0,
                0.0,
                0.0,
                0.0,
                0.0,
                0.0,
                0.0
            ],
            "average_cpu_busy": 0.0,
            "user_cpu_time": 0.018525,
            "sys_cpu_time": 0.004631,
            "total_cpu_time": 0.023156,
            "max_rss": 38016,
            "exit_code": 256,
            "failed": false
        },
        {
            "index": 2,
            "input": 10000.0,
            "run_time": 1173000.0,
            "start_time": 1679835075808196327,
            "stop_time": 1679835075809369327,
            "ram_samples": [],
            "cpu_samples": [
                0.0,
                0.0,
                0.0,
                0.0,
                0.0,
                0.0,
                0.0,
                0.0,
                0.0,
                0.0,
                0.0,
                0.0,
                0.0,
                0.0,
                0.0,
                0.0
            ],
            "average_cpu_busy": 0.0,
            "user_cpu_time": 0.008215,
            "sys_cpu_time": 0.012322,
            "total_cpu_time": 0.020537,
            "max_rss": 38016,
            "exit_code": 256,
            "failed": false
        },
        {
            "index": 3,
            "input": 10000.0,
            "run_time": 1249304.0,
            "start_time": 1679835075830699753,
            "stop_time": 1679835075831949057,
            "ram_samples": [],
            "cpu_samples": [
                0.0,
                0.0,
                0.0,
                0.0,
                0.0,
                0.0,
                0.0,
                0.0,
                0.0,
                0.0,
                0.0,
                0.0,
                0.0,
                0.0,
                0.0,
                0.0
            ],
            "average_cpu_busy": 0.0,
            "user_cpu_time": 0.012957,
            "sys_cpu_time": 0.008638,
            "total_cpu_time": 0.021595,
            "max_rss": 38016,
            "exit_code": 256,
            "failed": false
        },
        {
            "index": 4,
            "input": 10000.0,
            "run_time": 1197867.0,
            "start_time": 1679835075854260934,
            "stop_time": 1679835075855458801,
            "ram_samples": [],
            "cpu_samples": [
                0.0,
                0.0,
                0.0,
                0.0,
                0.0,
                0.0,
                0.0,
                0.0,
                0.0,
                0.0,
                0.0,
                0.0,
                0.0,
                0.0,
                0.0,
                0.0
            ],
            "average_cpu_busy": 0.0,
            "user_cpu_time": 0.010466999999999999,
            "sys_cpu_time": 0.010466999999999999,
            "total_cpu_time": 0.020933999999999998,
            "max_rss": 38144,
            "exit_code": 256,
            "failed": false
        },
        {
            "index": 5,
            "input": 10000.0,
            "run_time": 1105193.0,
            "start_time": 1679835075877267625,
            "stop_time": 1679835075878372818,
            "ram_samples": [],
            "cpu_samples": [
                0.0,
                0.0,
                0.0,
                0.0,
                0.0,
                0.0,
                0.0,
                0.0,
                0.0,
                0.0,
                0.0,
                0.0,
                0.0,
                0.0,
                0.0,
                0.0
            ],
            "average_cpu_busy": 0.0,
            "user_cpu_time": 0.003603,
            "sys_cpu_time": 0.018019,
            "total_cpu_time": 0.021622,
            "max_rss": 38400,
            "exit_code": 256,
            "failed": false
        }
    ],
    "maximum_runtime": 1249304.0,
    "minimum_runtime": 1065569.0
}