{
    "bench": "nbody-4.c",
    "language": "c",
    "input": 20000.0,
    "average_runtime": 884417.0,
    "average_cpu_busy": 0.0,
    "average_ram_load": 0,
    "run_results": [
        {
            "index": 0,
            "input": 20000.0,
            "run_time": 924183.0,
            "start_time": 1679756191337235464,
            "stop_time": 1679756191338159647,
            "ram_samples": [],
            "cpu_samples": [
                0.0,
                0.0,
                0.0,
                0.0,
                0.0,
                0.0,
                0.0,
                0.0,
                0.0,
                0.0,
                0.0,
                0.0,
                0.0,
                0.0,
                0.0,
                0.0
            ],
            "average_cpu_busy": 0.0,
            "user_cpu_time": 0.0019379999999999998,
            "sys_cpu_time": 0.0,
            "total_cpu_time": 0.0019379999999999998,
            "max_rss": 18224,
            "exit_code": 0,
            "failed": false
        },
        {
            "index": 1,
            "input": 20000.0,
            "run_time": 938600.0,
            "start_time": 1679756191342469381,
            "stop_time": 1679756191343407981,
            "ram_samples": [],
            "cpu_samples": [
                0.0,
                0.0,
                0.0,
                0.0,
                0.0,
                0.0,
                0.0,
                0.0,
                0.0,
                0.0,
                0.0,
                0.0,
                0.0,
                0.0,
                0.0,
                0.0
            ],
            "average_cpu_busy": 0.0,
            "user_cpu_time": 0.0014579999999999999,
            "sys_cpu_time": 0.0,
            "total_cpu_time": 0.0014579999999999999,
            "max_rss": 18224,
            "exit_code": 0,
            "failed": false
        },
        {
            "index": 2,
            "input": 20000.0,
            "run_time": 886062.0,
            "start_time": 1679756191347373328,
            "stop_time": 1679756191348259390,
            "ram_samples": [],
            "cpu_samples": [
                0.0,
                0.0,
                0.0,
                0.0,
                0.0,
                0.0,
                0.0,
                0.0,
                0.0,
                0.0,
                0.0,
                0.0,
                0.0,
                0.0,
                0.0,
                0.0
            ],
            "average_cpu_busy": 0.0,
            "user_cpu_time": 0.0015279999999999998,
            "sys_cpu_time": 0.0,
            "total_cpu_time": 0.0015279999999999998,
            "max_rss": 18224,
            "exit_code": 0,
            "failed": false
        },
        {
            "index": 3,
            "input": 20000.0,
            "run_time": 820278.0,
            "start_time": 1679756191352055410,
            "stop_time": 1679756191352875688,
            "ram_samples": [],
            "cpu_samples": [
                0.0,
                0.0,
                0.0,
                0.0,
                0.0,
                0.0,
                0.0,
                0.0,
                0.0,
                0.0,
                0.0,
                0.0,
                0.0,
                0.0,
                0.0,
                0.0
            ],
            "average_cpu_busy": 0.0,
            "user_cpu_time": 0.001483,
            "sys_cpu_time": 0.0,
            "total_cpu_time": 0.001483,
            "max_rss": 18224,
            "exit_code": 0,
            "failed": false
        },
        {
            "index": 4,
            "input": 20000.0,
            "run_time": 874851.0,
            "start_time": 1679756191356417832,
            "stop_time": 1679756191357292683,
            "ram_samples": [],
            "cpu_samples": [
                0.0,
                0.0,
                0.0,
                0.0,
                0.0,
                0.0,
                0.0,
                0.0,
                0.0,
                0.0,
                0.0,
                0.0,
                0.0,
                0.0,
                0.0,
                0.0
            ],
            "average_cpu_busy": 0.0,
            "user_cpu_time": 0.001526,
            "sys_cpu_time": 0.0,
            "total_cpu_time": 0.001526,
            "max_rss": 18228,
            "exit_code": 0,
            "failed": false
        },
        {
            "index": 5,
            "input": 20000.0,
            "run_time": 862528.0,
            "start_time": 1679756191361256046,
            "stop_time": 1679756191362118574,
            "ram_samples": [],
            "cpu_samples": [
                0.0,
                0.0,
                0.0,
                0.0,
                0.0,
                0.0,
                0.0,
                0.0,
                0.0,
                0.0,
                0.0,
                0.0,
                0.0,
                0.0,
                0.0,
                0.0
            ],
            "average_cpu_busy": 0.0,
            "user_cpu_time": 0.001517,
            "sys_cpu_time": 0.0,
            "total_cpu_time": 0.001517,
            "max_rss": 18228,
            "exit_code": 0,
            "failed": false
        }
    ]
}