{
    "bench": "nbody-2.ada",
    "language": "ada",
    "input": 20000.0,
    "average_run_time": 865002.5,
    "maximum_run_time": 924624.0,
    "minimum_run_time": 835718.0,
    "average_cpu_time": 0.0022715,
    "minimum_cpu_time": 0.002143,
    "maximum_cpu_time": 0.002402,
    "average_cpu_busy": 0,
    "average_ram_load": 0,
    "run_results": [
        {
            "index": 0,
            "input": 20000.0,
            "run_time": 874671.0,
            "start_time": 1680003234784281802,
            "stop_time": 1680003234785156473,
            "ram_samples": [],
            "cpu_samples": [
                0.0,
                0.0,
                0.0,
                0.0,
                0.0,
                0.0,
                0.0,
                0.0,
                0.0,
                0.0,
                0.0,
                0.0,
                0.0,
                0.0,
                0.0,
                0.0
            ],
            "average_cpu_busy": 0.0,
            "user_cpu_time": 0.002402,
            "sys_cpu_time": 0.0,
            "total_cpu_time": 0.002402,
            "max_rss": 20076,
            "exit_code": 0,
            "failed": false
        },
        {
            "index": 1,
            "input": 20000.0,
            "run_time": 844995.0,
            "start_time": 1680003234790013432,
            "stop_time": 1680003234790858427,
            "ram_samples": [],
            "cpu_samples": [
                0.0,
                0.0,
                0.0,
                0.0,
                0.0,
                0.0,
                0.0,
                0.0,
                0.0,
                0.0,
                0.0,
                0.0,
                0.0,
                0.0,
                0.0,
                0.0
            ],
            "average_cpu_busy": 0.0,
            "user_cpu_time": 0.0,
            "sys_cpu_time": 0.002144,
            "total_cpu_time": 0.002144,
            "max_rss": 20076,
            "exit_code": 0,
            "failed": false
        },
        {
            "index": 2,
            "input": 20000.0,
            "run_time": 835718.0,
            "start_time": 1680003234795336085,
            "stop_time": 1680003234796171803,
            "ram_samples": [],
            "cpu_samples": [
                0.0,
                0.0,
                0.0,
                0.0,
                0.0,
                0.0,
                0.0,
                0.0,
                0.0,
                0.0,
                0.0,
                0.0,
                0.0,
                0.0,
                0.0,
                0.0
            ],
            "average_cpu_busy": 0.0,
            "user_cpu_time": 0.002143,
            "sys_cpu_time": 0.0,
            "total_cpu_time": 0.002143,
            "max_rss": 20076,
            "exit_code": 0,
            "failed": false
        },
        {
            "index": 3,
            "input": 20000.0,
            "run_time": 864952.0,
            "start_time": 1680003234801018904,
            "stop_time": 1680003234801883856,
            "ram_samples": [],
            "cpu_samples": [
                0.0,
                0.0,
                0.0,
                0.0,
                0.0,
                0.0,
                0.0,
                0.0,
                0.0,
                0.0,
                0.0,
                0.0,
                0.0,
                0.0,
                0.0,
                0.0
            ],
            "average_cpu_busy": 0.0,
            "user_cpu_time": 0.002227,
            "sys_cpu_time": 0.0,
            "total_cpu_time": 0.002227,
            "max_rss": 20080,
            "exit_code": 0,
            "failed": false
        },
        {
            "index": 4,
            "input": 20000.0,
            "run_time": 924624.0,
            "start_time": 1680003234806621953,
            "stop_time": 1680003234807546577,
            "ram_samples": [],
            "cpu_samples": [
                0.0,
                0.0,
                0.0,
                0.0,
                0.0,
                0.0,
                0.0,
                0.0,
                0.0,
                0.0,
                0.0,
                0.0,
                0.0,
                0.0,
                0.0,
                0.0
            ],
            "average_cpu_busy": 0.0,
            "user_cpu_time": 0.002356,
            "sys_cpu_time": 0.0,
            "total_cpu_time": 0.002356,
            "max_rss": 20080,
            "exit_code": 0,
            "failed": false
        },
        {
            "index": 5,
            "input": 20000.0,
            "run_time": 845055.0,
            "start_time": 1680003234812402234,
            "stop_time": 1680003234813247289,
            "ram_samples": [],
            "cpu_samples": [
                0.0,
                0.0,
                0.0,
                0.0,
                0.0,
                0.0,
                0.0,
                0.0,
                0.0,
                0.0,
                0.0,
                0.0,
                0.0,
                0.0,
                0.0,
                0.0
            ],
            "average_cpu_busy": 0.0,
            "user_cpu_time": 0.0023569999999999997,
            "sys_cpu_time": 0.0,
            "total_cpu_time": 0.0023569999999999997,
            "max_rss": 20080,
            "exit_code": 0,
            "failed": false
        }
    ]
}