{
    "bench": "nbody-2.java",
    "language": "java",
    "input": 20000.0,
    "average_runtime": 1131823.0,
    "average_cpu_busy": 0.0,
    "average_ram_load": 0,
    "run_results": [
        {
            "index": 0,
            "input": 20000.0,
            "run_time": 1153323.0,
            "start_time": 1679756197330828948,
            "stop_time": 1679756197331982271,
            "ram_samples": [],
            "cpu_samples": [
                0.0,
                0.0,
                0.0,
                0.0,
                0.0,
                0.0,
                0.0,
                0.0,
                0.0,
                0.0,
                0.0,
                0.0,
                0.0,
                0.0,
                0.0,
                0.0
            ],
            "average_cpu_busy": 0.0,
            "user_cpu_time": 0.0051849999999999995,
            "sys_cpu_time": 0.015555999999999999,
            "total_cpu_time": 0.020741,
            "max_rss": 37888,
            "exit_code": 256,
            "failed": false
        },
        {
            "index": 1,
            "input": 20000.0,
            "run_time": 1092439.0,
            "start_time": 1679756197353070934,
            "stop_time": 1679756197354163373,
            "ram_samples": [],
            "cpu_samples": [
                0.0,
                0.0,
                0.0,
                0.0,
                0.0,
                0.0,
                0.0,
                0.0,
                0.0,
                0.0,
                0.0,
                0.0,
                0.0,
                0.0,
                0.0,
                0.0
            ],
            "average_cpu_busy": 0.0,
            "user_cpu_time": 0.013352999999999999,
            "sys_cpu_time": 0.006676,
            "total_cpu_time": 0.020028999999999998,
            "max_rss": 38016,
            "exit_code": 256,
            "failed": false
        },
        {
            "index": 2,
            "input": 20000.0,
            "run_time": 1183450.0,
            "start_time": 1679756197374654646,
            "stop_time": 1679756197375838096,
            "ram_samples": [],
            "cpu_samples": [
                0.0,
                0.0,
                0.0,
                0.0,
                0.0,
                0.0,
                0.0,
                0.0,
                0.0,
                0.0,
                0.0,
                0.0,
                0.0,
                0.0,
                0.0,
                0.0
            ],
            "average_cpu_busy": 0.0,
            "user_cpu_time": 0.0,
            "sys_cpu_time": 0.019799,
            "total_cpu_time": 0.019799,
            "max_rss": 38016,
            "exit_code": 256,
            "failed": false
        },
        {
            "index": 3,
            "input": 20000.0,
            "run_time": 1118498.0,
            "start_time": 1679756197396236104,
            "stop_time": 1679756197397354602,
            "ram_samples": [],
            "cpu_samples": [
                0.0,
                0.0,
                0.0,
                0.0,
                0.0,
                0.0,
                0.0,
                0.0,
                0.0,
                0.0,
                0.0,
                0.0,
                0.0,
                0.0,
                0.0,
                0.0
            ],
            "average_cpu_busy": 0.0,
            "user_cpu_time": 0.0069949999999999995,
            "sys_cpu_time": 0.013989999999999999,
            "total_cpu_time": 0.020984999999999997,
            "max_rss": 38144,
            "exit_code": 256,
            "failed": false
        },
        {
            "index": 4,
            "input": 20000.0,
            "run_time": 1153634.0,
            "start_time": 1679756197418810854,
            "stop_time": 1679756197419964488,
            "ram_samples": [],
            "cpu_samples": [
                0.0,
                0.0,
                0.0,
                0.0,
                0.0,
                0.0,
                0.0,
                0.0,
                0.0,
                0.0,
                0.0,
                0.0,
                0.0,
                0.0,
                0.0,
                0.0
            ],
            "average_cpu_busy": 0.0,
            "user_cpu_time": 0.015306,
            "sys_cpu_time": 0.005102,
            "total_cpu_time": 0.020408,
            "max_rss": 37888,
            "exit_code": 256,
            "failed": false
        },
        {
            "index": 5,
            "input": 20000.0,
            "run_time": 1089594.0,
            "start_time": 1679756197440534288,
            "stop_time": 1679756197441623882,
            "ram_samples": [],
            "cpu_samples": [
                0.0,
                0.0,
                0.0,
                0.0,
                0.0,
                0.0,
                0.0,
                0.0,
                0.0,
                0.0,
                0.0,
                0.0,
                0.0,
                0.0,
                0.0,
                0.0
            ],
            "average_cpu_busy": 0.0,
            "user_cpu_time": 0.011977999999999999,
            "sys_cpu_time": 0.008983999999999999,
            "total_cpu_time": 0.020961999999999998,
            "max_rss": 38016,
            "exit_code": 256,
            "failed": false
        }
    ]
}