{
    "bench": "nbody-1.rust",
    "language": "rust",
    "input": 40000.0,
    "average_run_time": 872862.1666666666,
    "maximum_run_time": 908434.0,
    "minimum_run_time": 832221.0,
    "average_cpu_time": 0.0036438333333333327,
    "minimum_cpu_time": 0.00359,
    "maximum_cpu_time": 0.003675,
    "average_cpu_busy": 0,
    "average_ram_load": 0,
    "run_results": [
        {
            "index": 0,
            "input": 40000.0,
            "run_time": 832221.0,
            "start_time": 1680003238277229987,
            "stop_time": 1680003238278062208,
            "ram_samples": [],
            "cpu_samples": [
                0.0,
                0.0,
                0.0,
                0.0,
                0.0,
                0.0,
                0.0,
                0.0,
                0.0,
                0.0,
                0.0,
                0.0,
                0.0,
                0.0,
                0.0,
                0.0
            ],
            "average_cpu_busy": 0.0,
            "user_cpu_time": 0.0036379999999999997,
            "sys_cpu_time": 0.0,
            "total_cpu_time": 0.0036379999999999997,
            "max_rss": 20740,
            "exit_code": 0,
            "failed": false
        },
        {
            "index": 1,
            "input": 40000.0,
            "run_time": 869421.0,
            "start_time": 1680003238283986699,
            "stop_time": 1680003238284856120,
            "ram_samples": [],
            "cpu_samples": [
                0.0,
                0.0,
                0.0,
                0.0,
                0.0,
                0.0,
                0.0,
                0.0,
                0.0,
                0.0,
                0.0,
                0.0,
                0.0,
                0.0,
                0.0,
                0.0
            ],
            "average_cpu_busy": 0.0,
            "user_cpu_time": 0.003645,
            "sys_cpu_time": 0.0,
            "total_cpu_time": 0.003645,
            "max_rss": 20744,
            "exit_code": 0,
            "failed": false
        },
        {
            "index": 2,
            "input": 40000.0,
            "run_time": 863830.0,
            "start_time": 1680003238291024289,
            "stop_time": 1680003238291888119,
            "ram_samples": [],
            "cpu_samples": [
                0.0,
                0.0,
                0.0,
                0.0,
                0.0,
                0.0,
                0.0,
                0.0,
                0.0,
                0.0,
                0.0,
                0.0,
                0.0,
                0.0,
                0.0,
                0.0
            ],
            "average_cpu_busy": 0.0,
            "user_cpu_time": 0.003675,
            "sys_cpu_time": 0.0,
            "total_cpu_time": 0.003675,
            "max_rss": 20744,
            "exit_code": 0,
            "failed": false
        },
        {
            "index": 3,
            "input": 40000.0,
            "run_time": 908434.0,
            "start_time": 1680003238298165793,
            "stop_time": 1680003238299074227,
            "ram_samples": [],
            "cpu_samples": [
                0.0,
                0.0,
                0.0,
                0.0,
                0.0,
                0.0,
                0.0,
                0.0,
                0.0,
                0.0,
                0.0,
                0.0,
                0.0,
                0.0,
                0.0,
                0.0
            ],
            "average_cpu_busy": 0.0,
            "user_cpu_time": 0.00359,
            "sys_cpu_time": 0.0,
            "total_cpu_time": 0.00359,
            "max_rss": 20744,
            "exit_code": 0,
            "failed": false
        },
        {
            "index": 4,
            "input": 40000.0,
            "run_time": 874711.0,
            "start_time": 1680003238305196119,
            "stop_time": 1680003238306070830,
            "ram_samples": [],
            "cpu_samples": [
                0.0,
                0.0,
                0.0,
                0.0,
                0.0,
                0.0,
                0.0,
                0.0,
                0.0,
                0.0,
                0.0,
                0.0,
                0.0,
                0.0,
                0.0,
                0.0
            ],
            "average_cpu_busy": 0.0,
            "user_cpu_time": 0.003666,
            "sys_cpu_time": 0.0,
            "total_cpu_time": 0.003666,
            "max_rss": 20744,
            "exit_code": 0,
            "failed": false
        },
        {
            "index": 5,
            "input": 40000.0,
            "run_time": 888556.0,
            "start_time": 1680003238312288031,
            "stop_time": 1680003238313176587,
            "ram_samples": [],
            "cpu_samples": [
                0.0,
                0.0,
                0.0,
                0.0,
                0.0,
                0.0,
                0.0,
                0.0,
                0.0,
                0.0,
                0.0,
                0.0,
                0.0,
                0.0,
                0.0,
                0.0
            ],
            "average_cpu_busy": 0.0,
            "user_cpu_time": 0.003649,
            "sys_cpu_time": 0.0,
            "total_cpu_time": 0.003649,
            "max_rss": 20744,
            "exit_code": 0,
            "failed": false
        }
    ]
}