{
    "bench": "nbody-1.cpp",
    "language": "cpp",
    "input": 20000.0,
    "average_runtime": 927169.6666666666,
    "average_cpu_busy": 1.42687e-07,
    "average_ram_load": 0,
    "run_results": [
        {
            "index": 0,
            "input": 20000.0,
            "run_time": 1189539.0,
            "start_time": 1679663712072895857,
            "stop_time": 1679663712074085396,
            "ram_samples": [],
            "cpu_samples": [
                0.0,
                0.0,
                0.0,
                0.0,
                0.0,
                0.0,
                0.0,
                0.0,
                0.0,
                0.0,
                0.0,
                0.0,
                0.0,
                0.0,
                0.0,
                0.0
            ],
            "average_cpu_busy": 0.0,
            "user_cpu_time": 0.001852,
            "sys_cpu_time": 0.0,
            "total_cpu_time": 0.001852,
            "max_rss": 17968,
            "exit_code": 0,
            "failed": false
        },
        {
            "index": 1,
            "input": 20000.0,
            "run_time": 868777.0,
            "start_time": 1679663712078489785,
            "stop_time": 1679663712079358562,
            "ram_samples": [],
            "cpu_samples": [
                0.0,
                0.0,
                0.0,
                0.0,
                0.0,
                0.0,
                0.0,
                0.0,
                0.0,
                0.0,
                0.0,
                0.0,
                0.0,
                0.0,
                0.0,
                0.0
            ],
            "average_cpu_busy": 0.0,
            "user_cpu_time": 0.001856,
            "sys_cpu_time": 0.0,
            "total_cpu_time": 0.001856,
            "max_rss": 17968,
            "exit_code": 0,
            "failed": false
        },
        {
            "index": 2,
            "input": 20000.0,
            "run_time": 834251.0,
            "start_time": 1679663712083512293,
            "stop_time": 1679663712084346544,
            "ram_samples": [],
            "cpu_samples": [
                0.0,
                0.0,
                0.0,
                0.0,
                0.0,
                0.0,
                0.0,
                0.0,
                0.0,
                0.0,
                0.0,
                0.0,
                0.0,
                0.0,
                0.0,
                0.0
            ],
            "average_cpu_busy": 0.0,
            "user_cpu_time": 0.001874,
            "sys_cpu_time": 0.0,
            "total_cpu_time": 0.001874,
            "max_rss": 17972,
            "exit_code": 0,
            "failed": false
        },
        {
            "index": 3,
            "input": 20000.0,
            "run_time": 854369.0,
            "start_time": 1679663712088695276,
            "stop_time": 1679663712089549645,
            "ram_samples": [],
            "cpu_samples": [
                0.0,
                0.0,
                0.0,
                0.0,
                0.0,
                0.0,
                0.0,
                0.0,
                0.0,
                0.0,
                0.0,
                0.0,
                0.0,
                0.0,
                0.0,
                0.0
            ],
            "average_cpu_busy": 0.0,
            "user_cpu_time": 0.001816,
            "sys_cpu_time": 0.0,
            "total_cpu_time": 0.001816,
            "max_rss": 17968,
            "exit_code": 0,
            "failed": false
        },
        {
            "index": 4,
            "input": 20000.0,
            "run_time": 856122.0,
            "start_time": 1679663712093596042,
            "stop_time": 1679663712094452164,
            "ram_samples": [],
            "cpu_samples": [
                0.0,
                0.0,
                0.0,
                0.0,
                0.0,
                0.0,
                0.0,
                0.0,
                0.0,
                100.0,
                0.0,
                0.0,
                0.0,
                0.0,
                0.0,
                0.0
            ],
            "average_cpu_busy": 8.56122e-07,
            "user_cpu_time": 0.0,
            "sys_cpu_time": 0.001882,
            "total_cpu_time": 0.001882,
            "max_rss": 17976,
            "exit_code": 0,
            "failed": false
        },
        {
            "index": 5,
            "input": 20000.0,
            "run_time": 959960.0,
            "start_time": 1679663712098932258,
            "stop_time": 1679663712099892218,
            "ram_samples": [],
            "cpu_samples": [
                0.0,
                0.0,
                0.0,
                0.0,
                0.0,
                0.0,
                0.0,
                0.0,
                0.0,
                0.0,
                0.0,
                0.0,
                0.0,
                0.0,
                0.0,
                0.0
            ],
            "average_cpu_busy": 0.0,
            "user_cpu_time": 0.0018399999999999998,
            "sys_cpu_time": 0.0,
            "total_cpu_time": 0.0018399999999999998,
            "max_rss": 17972,
            "exit_code": 0,
            "failed": false
        }
    ]
}