{
    "bench": "nbody-2.rust",
    "language": "rust",
    "input": 40000.0,
    "average_run_time": 879055.5,
    "maximum_run_time": 951475.0,
    "minimum_run_time": 814748.0,
    "average_cpu_time": 0.0026826666666666665,
    "minimum_cpu_time": 0.002583,
    "maximum_cpu_time": 0.002881,
    "average_cpu_busy": 0,
    "average_ram_load": 0,
    "run_results": [
        {
            "index": 0,
            "input": 40000.0,
            "run_time": 912722.0,
            "start_time": 1680003234459502886,
            "stop_time": 1680003234460415608,
            "ram_samples": [],
            "cpu_samples": [
                0.0,
                0.0,
                0.0,
                0.0,
                0.0,
                0.0,
                0.0,
                0.0,
                0.0,
                0.0,
                0.0,
                0.0,
                0.0,
                0.0,
                0.0,
                0.0
            ],
            "average_cpu_busy": 0.0,
            "user_cpu_time": 0.0027199999999999998,
            "sys_cpu_time": 0.0,
            "total_cpu_time": 0.0027199999999999998,
            "max_rss": 19904,
            "exit_code": 0,
            "failed": false
        },
        {
            "index": 1,
            "input": 40000.0,
            "run_time": 852619.0,
            "start_time": 1680003234465372695,
            "stop_time": 1680003234466225314,
            "ram_samples": [],
            "cpu_samples": [
                0.0,
                0.0,
                0.0,
                0.0,
                0.0,
                0.0,
                0.0,
                0.0,
                0.0,
                0.0,
                0.0,
                0.0,
                0.0,
                0.0,
                0.0,
                0.0
            ],
            "average_cpu_busy": 0.0,
            "user_cpu_time": 0.002632,
            "sys_cpu_time": 0.0,
            "total_cpu_time": 0.002632,
            "max_rss": 20032,
            "exit_code": 0,
            "failed": false
        },
        {
            "index": 2,
            "input": 40000.0,
            "run_time": 814748.0,
            "start_time": 1680003234471036889,
            "stop_time": 1680003234471851637,
            "ram_samples": [],
            "cpu_samples": [
                0.0,
                0.0,
                0.0,
                0.0,
                0.0,
                0.0,
                0.0,
                0.0,
                0.0,
                0.0,
                0.0,
                0.0,
                0.0,
                0.0,
                0.0,
                0.0
            ],
            "average_cpu_busy": 0.0,
            "user_cpu_time": 0.002646,
            "sys_cpu_time": 0.0,
            "total_cpu_time": 0.002646,
            "max_rss": 20032,
            "exit_code": 0,
            "failed": false
        },
        {
            "index": 3,
            "input": 40000.0,
            "run_time": 814879.0,
            "start_time": 1680003234476749082,
            "stop_time": 1680003234477563961,
            "ram_samples": [],
            "cpu_samples": [
                0.0,
                0.0,
                0.0,
                0.0,
                0.0,
                0.0,
                0.0,
                0.0,
                0.0,
                0.0,
                0.0,
                0.0,
                0.0,
                0.0,
                0.0,
                0.0
            ],
            "average_cpu_busy": 0.0,
            "user_cpu_time": 0.002634,
            "sys_cpu_time": 0.0,
            "total_cpu_time": 0.002634,
            "max_rss": 20032,
            "exit_code": 0,
            "failed": false
        },
        {
            "index": 4,
            "input": 40000.0,
            "run_time": 951475.0,
            "start_time": 1680003234482566503,
            "stop_time": 1680003234483517978,
            "ram_samples": [],
            "cpu_samples": [
                0.0,
                0.0,
                0.0,
                0.0,
                0.0,
                0.0,
                0.0,
                0.0,
                0.0,
                0.0,
                0.0,
                0.0,
                0.0,
                0.0,
                0.0,
                0.0
            ],
            "average_cpu_busy": 0.0,
            "user_cpu_time": 0.002583,
            "sys_cpu_time": 0.0,
            "total_cpu_time": 0.002583,
            "max_rss": 20036,
            "exit_code": 0,
            "failed": false
        },
        {
            "index": 5,
            "input": 40000.0,
            "run_time": 927890.0,
            "start_time": 1680003234488798883,
            "stop_time": 1680003234489726773,
            "ram_samples": [],
            "cpu_samples": [
                0.0,
                0.0,
                0.0,
                0.0,
                0.0,
                0.0,
                0.0,
                0.0,
                0.0,
                0.0,
                0.0,
                0.0,
                0.0,
                0.0,
                0.0,
                0.0
            ],
            "average_cpu_busy": 0.0,
            "user_cpu_time": 0.002881,
            "sys_cpu_time": 0.0,
            "total_cpu_time": 0.002881,
            "max_rss": 20036,
            "exit_code": 0,
            "failed": false
        }
    ]
}