{
    "bench": "nbody-3.rust",
    "language": "rust",
    "input": 10000.0,
    "average_run_time": 971598.8333333334,
    "maximum_run_time": 1093401.0,
    "minimum_run_time": 908534.0,
    "average_cpu_time": 0.0016214999999999997,
    "minimum_cpu_time": 0.001256,
    "maximum_cpu_time": 0.002009,
    "average_cpu_busy": 0,
    "average_ram_load": 0,
    "run_results": [
        {
            "index": 0,
            "input": 10000.0,
            "run_time": 1093401.0,
            "start_time": 1680003237786206487,
            "stop_time": 1680003237787299888,
            "ram_samples": [],
            "cpu_samples": [
                0.0,
                0.0,
                0.0,
                0.0,
                0.0,
                0.0,
                0.0,
                0.0,
                0.0,
                0.0,
                100.0,
                0.0,
                0.0,
                0.0,
                0.0,
                0.0
            ],
            "average_cpu_busy": 1.093401e-06,
            "user_cpu_time": 0.001984,
            "sys_cpu_time": 0.0,
            "total_cpu_time": 0.001984,
            "max_rss": 20596,
            "exit_code": 0,
            "failed": false
        },
        {
            "index": 1,
            "input": 10000.0,
            "run_time": 975088.0,
            "start_time": 1680003237791896309,
            "stop_time": 1680003237792871397,
            "ram_samples": [],
            "cpu_samples": [
                0.0,
                0.0,
                0.0,
                0.0,
                0.0,
                0.0,
                0.0,
                0.0,
                0.0,
                0.0,
                0.0,
                0.0,
                0.0,
                0.0,
                0.0,
                0.0
            ],
            "average_cpu_busy": 0.0,
            "user_cpu_time": 0.002009,
            "sys_cpu_time": 0.0,
            "total_cpu_time": 0.002009,
            "max_rss": 20600,
            "exit_code": 0,
            "failed": false
        },
        {
            "index": 2,
            "input": 10000.0,
            "run_time": 908534.0,
            "start_time": 1680003237797324069,
            "stop_time": 1680003237798232603,
            "ram_samples": [],
            "cpu_samples": [
                0.0,
                0.0,
                0.0,
                0.0,
                0.0,
                0.0,
                0.0,
                0.0,
                0.0,
                0.0,
                0.0,
                0.0,
                0.0,
                0.0,
                0.0,
                0.0
            ],
            "average_cpu_busy": 0.0,
            "user_cpu_time": 0.0,
            "sys_cpu_time": 0.0017879999999999999,
            "total_cpu_time": 0.0017879999999999999,
            "max_rss": 20600,
            "exit_code": 0,
            "failed": false
        },
        {
            "index": 3,
            "input": 10000.0,
            "run_time": 917942.0,
            "start_time": 1680003237802660107,
            "stop_time": 1680003237803578049,
            "ram_samples": [],
            "cpu_samples": [
                0.0,
                0.0,
                0.0,
                0.0,
                0.0,
                0.0,
                0.0,
                0.0,
                0.0,
                0.0,
                0.0,
                0.0,
                0.0,
                0.0,
                0.0,
                0.0
            ],
            "average_cpu_busy": 0.0,
            "user_cpu_time": 0.001256,
            "sys_cpu_time": 0.0,
            "total_cpu_time": 0.001256,
            "max_rss": 20600,
            "exit_code": 0,
            "failed": false
        },
        {
            "index": 4,
            "input": 10000.0,
            "run_time": 968967.0,
            "start_time": 1680003237807547544,
            "stop_time": 1680003237808516511,
            "ram_samples": [],
            "cpu_samples": [
                0.0,
                0.0,
                0.0,
                0.0,
                0.0,
                0.0,
                0.0,
                0.0,
                0.0,
                0.0,
                0.0,
                0.0,
                0.0,
                0.0,
                0.0,
                0.0
            ],
            "average_cpu_busy": 0.0,
            "user_cpu_time": 0.001333,
            "sys_cpu_time": 0.0,
            "total_cpu_time": 0.001333,
            "max_rss": 20600,
            "exit_code": 0,
            "failed": false
        },
        {
            "index": 5,
            "input": 10000.0,
            "run_time": 965661.0,
            "start_time": 1680003237812853475,
            "stop_time": 1680003237813819136,
            "ram_samples": [],
            "cpu_samples": [
                0.0,
                0.0,
                0.0,
                0.0,
                0.0,
                0.0,
                0.0,
                0.0,
                0.0,
                0.0,
                0.0,
                0.0,
                0.0,
                0.0,
                0.0,
                0.0
            ],
            "average_cpu_busy": 0.0,
            "user_cpu_time": 0.001359,
            "sys_cpu_time": 0.0,
            "total_cpu_time": 0.001359,
            "max_rss": 20600,
            "exit_code": 0,
            "failed": false
        }
    ]
}