{
    "bench": "nbody-4.c",
    "language": "c",
    "input": 10000.0,
    "average_runtime": 1017996.0,
    "average_cpu_busy": 0.0,
    "average_ram_load": 0,
    "run_results": [
        {
            "index": 0,
            "input": 10000.0,
            "run_time": 1039760.0,
            "start_time": 1679756191308596560,
            "stop_time": 1679756191309636320,
            "ram_samples": [],
            "cpu_samples": [
                0.0,
                0.0,
                0.0,
                0.0,
                0.0,
                0.0,
                0.0,
                0.0,
                0.0,
                0.0,
                0.0,
                0.0,
                0.0,
                0.0,
                0.0,
                0.0
            ],
            "average_cpu_busy": 0.0,
            "user_cpu_time": 0.001008,
            "sys_cpu_time": 0.0,
            "total_cpu_time": 0.001008,
            "max_rss": 18204,
            "exit_code": 0,
            "failed": false
        },
        {
            "index": 1,
            "input": 10000.0,
            "run_time": 1148714.0,
            "start_time": 1679756191313606376,
            "stop_time": 1679756191314755090,
            "ram_samples": [],
            "cpu_samples": [
                0.0,
                0.0,
                0.0,
                0.0,
                0.0,
                0.0,
                0.0,
                0.0,
                0.0,
                0.0,
                0.0,
                0.0,
                0.0,
                0.0,
                0.0,
                0.0
            ],
            "average_cpu_busy": 0.0,
            "user_cpu_time": 0.0,
            "sys_cpu_time": 0.0016669999999999999,
            "total_cpu_time": 0.0016669999999999999,
            "max_rss": 18208,
            "exit_code": 0,
            "failed": false
        },
        {
            "index": 2,
            "input": 10000.0,
            "run_time": 1016717.0,
            "start_time": 1679756191318832698,
            "stop_time": 1679756191319849415,
            "ram_samples": [],
            "cpu_samples": [
                0.0,
                0.0,
                0.0,
                0.0,
                0.0,
                0.0,
                0.0,
                0.0,
                0.0,
                0.0,
                0.0,
                0.0,
                0.0,
                0.0,
                0.0,
                0.0
            ],
            "average_cpu_busy": 0.0,
            "user_cpu_time": 0.0010119999999999999,
            "sys_cpu_time": 0.0,
            "total_cpu_time": 0.0010119999999999999,
            "max_rss": 18208,
            "exit_code": 0,
            "failed": false
        },
        {
            "index": 3,
            "input": 10000.0,
            "run_time": 1039660.0,
            "start_time": 1679756191323226970,
            "stop_time": 1679756191324266630,
            "ram_samples": [],
            "cpu_samples": [
                0.0,
                0.0,
                0.0,
                0.0,
                0.0,
                0.0,
                0.0,
                0.0,
                0.0,
                0.0,
                0.0,
                0.0,
                0.0,
                0.0,
                0.0,
                0.0
            ],
            "average_cpu_busy": 0.0,
            "user_cpu_time": 0.000991,
            "sys_cpu_time": 0.0,
            "total_cpu_time": 0.000991,
            "max_rss": 18208,
            "exit_code": 0,
            "failed": false
        },
        {
            "index": 4,
            "input": 10000.0,
            "run_time": 968376.0,
            "start_time": 1679756191327621362,
            "stop_time": 1679756191328589738,
            "ram_samples": [],
            "cpu_samples": [
                0.0,
                0.0,
                0.0,
                0.0,
                0.0,
                0.0,
                0.0,
                0.0,
                0.0,
                0.0,
                0.0,
                0.0,
                0.0,
                0.0,
                0.0,
                0.0
            ],
            "average_cpu_busy": 0.0,
            "user_cpu_time": 0.0009069999999999999,
            "sys_cpu_time": 0.0,
            "total_cpu_time": 0.0009069999999999999,
            "max_rss": 18208,
            "exit_code": 0,
            "failed": false
        },
        {
            "index": 5,
            "input": 10000.0,
            "run_time": 894749.0,
            "start_time": 1679756191332095894,
            "stop_time": 1679756191332990643,
            "ram_samples": [],
            "cpu_samples": [
                0.0,
                0.0,
                0.0,
                0.0,
                0.0,
                0.0,
                0.0,
                0.0,
                0.0,
                0.0,
                0.0,
                0.0,
                0.0,
                0.0,
                0.0,
                0.0
            ],
            "average_cpu_busy": 0.0,
            "user_cpu_time": 0.0009469999999999999,
            "sys_cpu_time": 0.0,
            "total_cpu_time": 0.0009469999999999999,
            "max_rss": 18208,
            "exit_code": 0,
            "failed": false
        }
    ]
}