{
    "bench": "nbody-3.cpp",
    "language": "cpp",
    "input": 20000.0,
    "average_runtime": 1069425.6666666667,
    "average_cpu_busy": 4.032228333333334e-07,
    "average_ram_load": 0,
    "run_results": [
        {
            "index": 0,
            "input": 20000.0,
            "run_time": 916148.0,
            "start_time": 1679835069240100983,
            "stop_time": 1679835069241017131,
            "ram_samples": [],
            "cpu_samples": [
                0.0,
                0.0,
                0.0,
                0.0,
                0.0,
                0.0,
                0.0,
                0.0,
                0.0,
                0.0,
                0.0,
                0.0,
                0.0,
                0.0,
                0.0,
                0.0
            ],
            "average_cpu_busy": 0.0,
            "user_cpu_time": 0.0,
            "sys_cpu_time": 0.0019429999999999998,
            "total_cpu_time": 0.0019429999999999998,
            "max_rss": 18236,
            "exit_code": 0,
            "failed": false
        },
        {
            "index": 1,
            "input": 20000.0,
            "run_time": 1175565.0,
            "start_time": 1679835069245964851,
            "stop_time": 1679835069247140416,
            "ram_samples": [],
            "cpu_samples": [
                0.0,
                0.0,
                0.0,
                0.0,
                0.0,
                0.0,
                0.0,
                0.0,
                0.0,
                0.0,
                0.0,
                0.0,
                0.0,
                0.0,
                0.0,
                100.0
            ],
            "average_cpu_busy": 1.175565e-06,
            "user_cpu_time": 0.002378,
            "sys_cpu_time": 0.0,
            "total_cpu_time": 0.002378,
            "max_rss": 18240,
            "exit_code": 0,
            "failed": false
        },
        {
            "index": 2,
            "input": 20000.0,
            "run_time": 968547.0,
            "start_time": 1679835069252031820,
            "stop_time": 1679835069253000367,
            "ram_samples": [],
            "cpu_samples": [
                0.0,
                0.0,
                0.0,
                0.0,
                0.0,
                0.0,
                0.0,
                0.0,
                0.0,
                0.0,
                0.0,
                0.0,
                0.0,
                0.0,
                0.0,
                0.0
            ],
            "average_cpu_busy": 0.0,
            "user_cpu_time": 0.002013,
            "sys_cpu_time": 0.0,
            "total_cpu_time": 0.002013,
            "max_rss": 18244,
            "exit_code": 0,
            "failed": false
        },
        {
            "index": 3,
            "input": 20000.0,
            "run_time": 951384.0,
            "start_time": 1679835069256910140,
            "stop_time": 1679835069257861524,
            "ram_samples": [],
            "cpu_samples": [
                0.0,
                0.0,
                0.0,
                0.0,
                0.0,
                0.0,
                0.0,
                0.0,
                0.0,
                0.0,
                0.0,
                0.0,
                0.0,
                0.0,
                0.0,
                0.0
            ],
            "average_cpu_busy": 0.0,
            "user_cpu_time": 0.001967,
            "sys_cpu_time": 0.0,
            "total_cpu_time": 0.001967,
            "max_rss": 18248,
            "exit_code": 0,
            "failed": false
        },
        {
            "index": 4,
            "input": 20000.0,
            "run_time": 1243772.0,
            "start_time": 1679835069262056062,
            "stop_time": 1679835069263299834,
            "ram_samples": [],
            "cpu_samples": [
                0.0,
                0.0,
                100.0,
                0.0,
                0.0,
                0.0,
                0.0,
                0.0,
                0.0,
                0.0,
                0.0,
                0.0,
                0.0,
                0.0,
                0.0,
                0.0
            ],
            "average_cpu_busy": 1.2437720000000001e-06,
            "user_cpu_time": 0.002157,
            "sys_cpu_time": 0.0,
            "total_cpu_time": 0.002157,
            "max_rss": 18248,
            "exit_code": 0,
            "failed": false
        },
        {
            "index": 5,
            "input": 20000.0,
            "run_time": 1161138.0,
            "start_time": 1679835069267808430,
            "stop_time": 1679835069268969568,
            "ram_samples": [],
            "cpu_samples": [
                0.0,
                0.0,
                0.0,
                0.0,
                0.0,
                0.0,
                0.0,
                0.0,
                0.0,
                0.0,
                0.0,
                0.0,
                0.0,
                0.0,
                0.0,
                0.0
            ],
            "average_cpu_busy": 0.0,
            "user_cpu_time": 0.0023,
            "sys_cpu_time": 0.0,
            "total_cpu_time": 0.0023,
            "max_rss": 18248,
            "exit_code": 0,
            "failed": false
        }
    ],
    "maximum_runtime": 1243772.0,
    "minimum_runtime": 916148.0
}