{
    "bench": "nbody-1.ada",
    "language": "ada",
    "input": 10000.0,
    "average_runtime": 886537.1666666666,
    "average_cpu_busy": 1.4142150000000002e-07,
    "average_ram_load": 0,
    "run_results": [
        {
            "index": 0,
            "input": 10000.0,
            "run_time": 1000688.0,
            "start_time": 1679663713364346700,
            "stop_time": 1679663713365347388,
            "ram_samples": [],
            "cpu_samples": [
                0.0,
                0.0,
                0.0,
                0.0,
                0.0,
                0.0,
                0.0,
                0.0,
                0.0,
                0.0,
                0.0,
                0.0,
                0.0,
                0.0,
                0.0,
                0.0
            ],
            "average_cpu_busy": 0.0,
            "user_cpu_time": 0.002735,
            "sys_cpu_time": 0.0,
            "total_cpu_time": 0.002735,
            "max_rss": 18108,
            "exit_code": 0,
            "failed": false
        },
        {
            "index": 1,
            "input": 10000.0,
            "run_time": 895978.0,
            "start_time": 1679663713370378232,
            "stop_time": 1679663713371274210,
            "ram_samples": [],
            "cpu_samples": [
                0.0,
                0.0,
                0.0,
                0.0,
                0.0,
                0.0,
                0.0,
                0.0,
                0.0,
                0.0,
                0.0,
                0.0,
                0.0,
                0.0,
                0.0,
                0.0
            ],
            "average_cpu_busy": 0.0,
            "user_cpu_time": 0.0018859999999999999,
            "sys_cpu_time": 0.0,
            "total_cpu_time": 0.0018859999999999999,
            "max_rss": 18108,
            "exit_code": 0,
            "failed": false
        },
        {
            "index": 2,
            "input": 10000.0,
            "run_time": 864328.0,
            "start_time": 1679663713375556687,
            "stop_time": 1679663713376421015,
            "ram_samples": [],
            "cpu_samples": [
                0.0,
                0.0,
                0.0,
                0.0,
                0.0,
                0.0,
                0.0,
                0.0,
                0.0,
                0.0,
                0.0,
                0.0,
                0.0,
                0.0,
                0.0,
                0.0
            ],
            "average_cpu_busy": 0.0,
            "user_cpu_time": 0.0020469999999999998,
            "sys_cpu_time": 0.0,
            "total_cpu_time": 0.0020469999999999998,
            "max_rss": 18108,
            "exit_code": 0,
            "failed": false
        },
        {
            "index": 3,
            "input": 10000.0,
            "run_time": 809834.0,
            "start_time": 1679663713380696639,
            "stop_time": 1679663713381506473,
            "ram_samples": [],
            "cpu_samples": [
                0.0,
                0.0,
                0.0,
                0.0,
                0.0,
                0.0,
                0.0,
                0.0,
                0.0,
                0.0,
                0.0,
                0.0,
                0.0,
                0.0,
                0.0,
                0.0
            ],
            "average_cpu_busy": 0.0,
            "user_cpu_time": 0.0019329999999999998,
            "sys_cpu_time": 0.0,
            "total_cpu_time": 0.0019329999999999998,
            "max_rss": 18108,
            "exit_code": 0,
            "failed": false
        },
        {
            "index": 4,
            "input": 10000.0,
            "run_time": 848529.0,
            "start_time": 1679663713385619827,
            "stop_time": 1679663713386468356,
            "ram_samples": [],
            "cpu_samples": [
                0.0,
                0.0,
                0.0,
                0.0,
                0.0,
                0.0,
                0.0,
                100.0,
                0.0,
                0.0,
                0.0,
                0.0,
                0.0,
                0.0,
                0.0,
                0.0
            ],
            "average_cpu_busy": 8.485290000000001e-07,
            "user_cpu_time": 0.0,
            "sys_cpu_time": 0.001893,
            "total_cpu_time": 0.001893,
            "max_rss": 18108,
            "exit_code": 0,
            "failed": false
        },
        {
            "index": 5,
            "input": 10000.0,
            "run_time": 899866.0,
            "start_time": 1679663713390684535,
            "stop_time": 1679663713391584401,
            "ram_samples": [],
            "cpu_samples": [
                0.0,
                0.0,
                0.0,
                0.0,
                0.0,
                0.0,
                0.0,
                0.0,
                0.0,
                0.0,
                0.0,
                0.0,
                0.0,
                0.0,
                0.0,
                0.0
            ],
            "average_cpu_busy": 0.0,
            "user_cpu_time": 0.001958,
            "sys_cpu_time": 0.0,
            "total_cpu_time": 0.001958,
            "max_rss": 18112,
            "exit_code": 0,
            "failed": false
        }
    ]
}