{
    "bench": "nbody-4.java",
    "language": "java",
    "input": 10000.0,
    "average_run_time": 1168459.5,
    "maximum_run_time": 1291032.0,
    "minimum_run_time": 1107276.0,
    "average_cpu_time": 0.0199515,
    "minimum_cpu_time": 0.019666,
    "maximum_cpu_time": 0.020772,
    "average_cpu_busy": 0,
    "average_ram_load": 0,
    "run_results": [
        {
            "index": 0,
            "input": 10000.0,
            "run_time": 1291032.0,
            "start_time": 1679838015467167018,
            "stop_time": 1679838015468458050,
            "ram_samples": [],
            "cpu_samples": [
                0.0,
                0.0,
                0.0,
                0.0,
                0.0,
                0.0,
                0.0,
                0.0,
                0.0,
                0.0,
                0.0,
                0.0,
                0.0,
                0.0,
                0.0,
                0.0
            ],
            "average_cpu_busy": 0.0,
            "user_cpu_time": 0.008309,
            "sys_cpu_time": 0.012463,
            "total_cpu_time": 0.020772,
            "max_rss": 37888,
            "exit_code": 256,
            "failed": false
        },
        {
            "index": 1,
            "input": 10000.0,
            "run_time": 1156809.0,
            "start_time": 1679838015490060928,
            "stop_time": 1679838015491217737,
            "ram_samples": [],
            "cpu_samples": [
                0.0,
                0.0,
                0.0,
                0.0,
                0.0,
                0.0,
                0.0,
                0.0,
                0.0,
                0.0,
                0.0,
                0.0,
                0.0,
                0.0,
                0.0,
                0.0
            ],
            "average_cpu_busy": 0.0,
            "user_cpu_time": 0.019787,
            "sys_cpu_time": 0.0,
            "total_cpu_time": 0.019787,
            "max_rss": 38016,
            "exit_code": 256,
            "failed": false
        },
        {
            "index": 2,
            "input": 10000.0,
            "run_time": 1128346.0,
            "start_time": 1679838015511560231,
            "stop_time": 1679838015512688577,
            "ram_samples": [],
            "cpu_samples": [
                0.0,
                0.0,
                0.0,
                0.0,
                0.0,
                0.0,
                0.0,
                0.0,
                0.0,
                0.0,
                0.0,
                0.0,
                0.0,
                0.0,
                0.0,
                0.0
            ],
            "average_cpu_busy": 0.0,
            "user_cpu_time": 0.014828,
            "sys_cpu_time": 0.004941999999999999,
            "total_cpu_time": 0.01977,
            "max_rss": 37888,
            "exit_code": 256,
            "failed": false
        },
        {
            "index": 3,
            "input": 10000.0,
            "run_time": 1114119.0,
            "start_time": 1679838015532992970,
            "stop_time": 1679838015534107089,
            "ram_samples": [],
            "cpu_samples": [
                0.0,
                0.0,
                0.0,
                0.0,
                0.0,
                0.0,
                0.0,
                0.0,
                0.0,
                0.0,
                0.0,
                0.0,
                0.0,
                0.0,
                0.0,
                0.0
            ],
            "average_cpu_busy": 0.0,
            "user_cpu_time": 0.013111,
            "sys_cpu_time": 0.006555,
            "total_cpu_time": 0.019666,
            "max_rss": 37888,
            "exit_code": 256,
            "failed": false
        },
        {
            "index": 4,
            "input": 10000.0,
            "run_time": 1213175.0,
            "start_time": 1679838015554128892,
            "stop_time": 1679838015555342067,
            "ram_samples": [],
            "cpu_samples": [
                0.0,
                0.0,
                0.0,
                0.0,
                100.0,
                0.0,
                0.0,
                0.0,
                100.0,
                0.0,
                0.0,
                0.0,
                0.0,
                0.0,
                0.0,
                0.0
            ],
            "average_cpu_busy": 2.4263499999999996e-06,
            "user_cpu_time": 0.014861999999999998,
            "sys_cpu_time": 0.004954,
            "total_cpu_time": 0.019816,
            "max_rss": 37760,
            "exit_code": 256,
            "failed": false
        },
        {
            "index": 5,
            "input": 10000.0,
            "run_time": 1107276.0,
            "start_time": 1679838015575395990,
            "stop_time": 1679838015576503266,
            "ram_samples": [],
            "cpu_samples": [
                0.0,
                0.0,
                0.0,
                0.0,
                0.0,
                0.0,
                0.0,
                0.0,
                0.0,
                0.0,
                0.0,
                0.0,
                0.0,
                0.0,
                0.0,
                0.0
            ],
            "average_cpu_busy": 0.0,
            "user_cpu_time": 0.009949,
            "sys_cpu_time": 0.009949,
            "total_cpu_time": 0.019898,
            "max_rss": 38144,
            "exit_code": 256,
            "failed": false
        }
    ]
}