{
    "bench": "nbody-3.c",
    "language": "c",
    "input": 10000.0,
    "average_runtime": 1063027.3333333333,
    "average_cpu_busy": 4.1157200000000003e-07,
    "average_ram_load": 0,
    "run_results": [
        {
            "index": 0,
            "input": 10000.0,
            "run_time": 1202826.0,
            "start_time": 1679835070522142273,
            "stop_time": 1679835070523345099,
            "ram_samples": [],
            "cpu_samples": [
                0.0,
                0.0,
                0.0,
                0.0,
                0.0,
                0.0,
                0.0,
                0.0,
                0.0,
                0.0,
                0.0,
                0.0,
                0.0,
                0.0,
                0.0,
                0.0
            ],
            "average_cpu_busy": 0.0,
            "user_cpu_time": 0.001526,
            "sys_cpu_time": 0.0,
            "total_cpu_time": 0.001526,
            "max_rss": 18372,
            "exit_code": 0,
            "failed": false
        },
        {
            "index": 1,
            "input": 10000.0,
            "run_time": 1140590.0,
            "start_time": 1679835070527968671,
            "stop_time": 1679835070529109261,
            "ram_samples": [],
            "cpu_samples": [
                0.0,
                0.0,
                0.0,
                0.0,
                0.0,
                0.0,
                0.0,
                0.0,
                0.0,
                0.0,
                0.0,
                0.0,
                0.0,
                0.0,
                0.0,
                0.0
            ],
            "average_cpu_busy": 0.0,
            "user_cpu_time": 0.001643,
            "sys_cpu_time": 0.0,
            "total_cpu_time": 0.001643,
            "max_rss": 18376,
            "exit_code": 0,
            "failed": false
        },
        {
            "index": 2,
            "input": 10000.0,
            "run_time": 1234716.0,
            "start_time": 1679835070533934250,
            "stop_time": 1679835070535168966,
            "ram_samples": [],
            "cpu_samples": [
                0.0,
                100.0,
                0.0,
                0.0,
                100.0,
                0.0,
                0.0,
                0.0,
                0.0,
                0.0,
                0.0,
                0.0,
                0.0,
                0.0,
                0.0,
                0.0
            ],
            "average_cpu_busy": 2.469432e-06,
            "user_cpu_time": 0.001612,
            "sys_cpu_time": 0.0,
            "total_cpu_time": 0.001612,
            "max_rss": 18376,
            "exit_code": 0,
            "failed": false
        },
        {
            "index": 3,
            "input": 10000.0,
            "run_time": 886463.0,
            "start_time": 1679835070541491965,
            "stop_time": 1679835070542378428,
            "ram_samples": [],
            "cpu_samples": [
                0.0,
                0.0,
                0.0,
                0.0,
                0.0,
                0.0,
                0.0,
                0.0,
                0.0,
                0.0,
                0.0,
                0.0,
                0.0,
                0.0,
                0.0,
                0.0
            ],
            "average_cpu_busy": 0.0,
            "user_cpu_time": 0.0014709999999999999,
            "sys_cpu_time": 0.0,
            "total_cpu_time": 0.0014709999999999999,
            "max_rss": 18376,
            "exit_code": 0,
            "failed": false
        },
        {
            "index": 4,
            "input": 10000.0,
            "run_time": 1017449.0,
            "start_time": 1679835070547173431,
            "stop_time": 1679835070548190880,
            "ram_samples": [],
            "cpu_samples": [
                0.0,
                0.0,
                0.0,
                0.0,
                0.0,
                0.0,
                0.0,
                0.0,
                0.0,
                0.0,
                0.0,
                0.0,
                0.0,
                0.0,
                0.0,
                0.0
            ],
            "average_cpu_busy": 0.0,
            "user_cpu_time": 0.001537,
            "sys_cpu_time": 0.0,
            "total_cpu_time": 0.001537,
            "max_rss": 18252,
            "exit_code": 0,
            "failed": false
        },
        {
            "index": 5,
            "input": 10000.0,
            "run_time": 896120.0,
            "start_time": 1679835070552624215,
            "stop_time": 1679835070553520335,
            "ram_samples": [],
            "cpu_samples": [
                0.0,
                0.0,
                0.0,
                0.0,
                0.0,
                0.0,
                0.0,
                0.0,
                0.0,
                0.0,
                0.0,
                0.0,
                0.0,
                0.0,
                0.0,
                0.0
            ],
            "average_cpu_busy": 0.0,
            "user_cpu_time": 0.0,
            "sys_cpu_time": 0.00146,
            "total_cpu_time": 0.00146,
            "max_rss": 18380,
            "exit_code": 0,
            "failed": false
        }
    ],
    "maximum_runtime": 1234716.0,
    "minimum_runtime": 886463.0
}