{
    "bench": "nbody-1.c",
    "language": "c",
    "input": 10000.0,
    "average_run_time": 949606.0,
    "maximum_run_time": 1233353.0,
    "minimum_run_time": 851667.0,
    "average_cpu_time": 0.0014054999999999998,
    "minimum_cpu_time": 0.0013419999999999999,
    "maximum_cpu_time": 0.001496,
    "average_cpu_busy": 0,
    "average_ram_load": 0,
    "run_results": [
        {
            "index": 0,
            "input": 10000.0,
            "run_time": 973596.0,
            "start_time": 1680003236778917935,
            "stop_time": 1680003236779891531,
            "ram_samples": [],
            "cpu_samples": [
                0.0,
                0.0,
                0.0,
                0.0,
                0.0,
                0.0,
                0.0,
                0.0,
                0.0,
                0.0,
                0.0,
                0.0,
                0.0,
                0.0,
                0.0,
                0.0
            ],
            "average_cpu_busy": 0.0,
            "user_cpu_time": 0.001379,
            "sys_cpu_time": 0.0,
            "total_cpu_time": 0.001379,
            "max_rss": 20424,
            "exit_code": 0,
            "failed": false
        },
        {
            "index": 1,
            "input": 10000.0,
            "run_time": 856206.0,
            "start_time": 1680003236783779864,
            "stop_time": 1680003236784636070,
            "ram_samples": [],
            "cpu_samples": [
                0.0,
                0.0,
                0.0,
                0.0,
                0.0,
                0.0,
                0.0,
                0.0,
                0.0,
                0.0,
                0.0,
                0.0,
                0.0,
                0.0,
                0.0,
                0.0
            ],
            "average_cpu_busy": 0.0,
            "user_cpu_time": 0.001367,
            "sys_cpu_time": 0.0,
            "total_cpu_time": 0.001367,
            "max_rss": 20424,
            "exit_code": 0,
            "failed": false
        },
        {
            "index": 2,
            "input": 10000.0,
            "run_time": 851667.0,
            "start_time": 1680003236788946895,
            "stop_time": 1680003236789798562,
            "ram_samples": [],
            "cpu_samples": [
                0.0,
                0.0,
                0.0,
                0.0,
                0.0,
                0.0,
                0.0,
                0.0,
                0.0,
                0.0,
                0.0,
                0.0,
                0.0,
                0.0,
                0.0,
                0.0
            ],
            "average_cpu_busy": 0.0,
            "user_cpu_time": 0.0013419999999999999,
            "sys_cpu_time": 0.0,
            "total_cpu_time": 0.0013419999999999999,
            "max_rss": 20424,
            "exit_code": 0,
            "failed": false
        },
        {
            "index": 3,
            "input": 10000.0,
            "run_time": 888617.0,
            "start_time": 1680003236793620140,
            "stop_time": 1680003236794508757,
            "ram_samples": [],
            "cpu_samples": [
                0.0,
                0.0,
                0.0,
                0.0,
                0.0,
                0.0,
                0.0,
                0.0,
                0.0,
                0.0,
                0.0,
                0.0,
                0.0,
                0.0,
                0.0,
                0.0
            ],
            "average_cpu_busy": 0.0,
            "user_cpu_time": 0.0013909999999999999,
            "sys_cpu_time": 0.0,
            "total_cpu_time": 0.0013909999999999999,
            "max_rss": 20424,
            "exit_code": 0,
            "failed": false
        },
        {
            "index": 4,
            "input": 10000.0,
            "run_time": 1233353.0,
            "start_time": 1680003236799389351,
            "stop_time": 1680003236800622704,
            "ram_samples": [],
            "cpu_samples": [
                0.0,
                0.0,
                0.0,
                0.0,
                0.0,
                0.0,
                0.0,
                0.0,
                0.0,
                0.0,
                0.0,
                0.0,
                0.0,
                0.0,
                0.0,
                0.0
            ],
            "average_cpu_busy": 0.0,
            "user_cpu_time": 0.001496,
            "sys_cpu_time": 0.0,
            "total_cpu_time": 0.001496,
            "max_rss": 20424,
            "exit_code": 0,
            "failed": false
        },
        {
            "index": 5,
            "input": 10000.0,
            "run_time": 894197.0,
            "start_time": 1680003236805237750,
            "stop_time": 1680003236806131947,
            "ram_samples": [],
            "cpu_samples": [
                0.0,
                0.0,
                0.0,
                0.0,
                0.0,
                0.0,
                0.0,
                0.0,
                0.0,
                0.0,
                0.0,
                0.0,
                0.0,
                0.0,
                0.0,
                0.0
            ],
            "average_cpu_busy": 0.0,
            "user_cpu_time": 0.0014579999999999999,
            "sys_cpu_time": 0.0,
            "total_cpu_time": 0.0014579999999999999,
            "max_rss": 20424,
            "exit_code": 0,
            "failed": false
        }
    ]
}