{
    "bench": "nbody-3.cpp",
    "language": "cpp",
    "input": 10000.0,
    "average_runtime": 936427.8333333334,
    "average_cpu_busy": 1.5253266666666666e-07,
    "average_ram_load": 0,
    "run_results": [
        {
            "index": 0,
            "input": 10000.0,
            "run_time": 906420.0,
            "start_time": 1679756190803452937,
            "stop_time": 1679756190804359357,
            "ram_samples": [],
            "cpu_samples": [
                0.0,
                0.0,
                0.0,
                0.0,
                0.0,
                0.0,
                0.0,
                0.0,
                0.0,
                0.0,
                0.0,
                0.0,
                0.0,
                0.0,
                0.0,
                0.0
            ],
            "average_cpu_busy": 0.0,
            "user_cpu_time": 0.001259,
            "sys_cpu_time": 0.0,
            "total_cpu_time": 0.001259,
            "max_rss": 18160,
            "exit_code": 0,
            "failed": false
        },
        {
            "index": 1,
            "input": 10000.0,
            "run_time": 857307.0,
            "start_time": 1679756190808050941,
            "stop_time": 1679756190808908248,
            "ram_samples": [],
            "cpu_samples": [
                0.0,
                0.0,
                0.0,
                0.0,
                0.0,
                0.0,
                0.0,
                0.0,
                0.0,
                0.0,
                0.0,
                0.0,
                0.0,
                0.0,
                0.0,
                0.0
            ],
            "average_cpu_busy": 0.0,
            "user_cpu_time": 0.0012159999999999999,
            "sys_cpu_time": 0.0,
            "total_cpu_time": 0.0012159999999999999,
            "max_rss": 18160,
            "exit_code": 0,
            "failed": false
        },
        {
            "index": 2,
            "input": 10000.0,
            "run_time": 899397.0,
            "start_time": 1679756190812940271,
            "stop_time": 1679756190813839668,
            "ram_samples": [],
            "cpu_samples": [
                0.0,
                0.0,
                0.0,
                0.0,
                0.0,
                0.0,
                0.0,
                0.0,
                0.0,
                0.0,
                0.0,
                0.0,
                0.0,
                0.0,
                0.0,
                0.0
            ],
            "average_cpu_busy": 0.0,
            "user_cpu_time": 0.0018809999999999999,
            "sys_cpu_time": 0.0,
            "total_cpu_time": 0.0018809999999999999,
            "max_rss": 18164,
            "exit_code": 0,
            "failed": false
        },
        {
            "index": 3,
            "input": 10000.0,
            "run_time": 915196.0,
            "start_time": 1679756190817970796,
            "stop_time": 1679756190818885992,
            "ram_samples": [],
            "cpu_samples": [
                0.0,
                0.0,
                0.0,
                0.0,
                0.0,
                0.0,
                0.0,
                0.0,
                0.0,
                0.0,
                0.0,
                0.0,
                100.0,
                0.0,
                0.0,
                0.0
            ],
            "average_cpu_busy": 9.15196e-07,
            "user_cpu_time": 0.0,
            "sys_cpu_time": 0.001248,
            "total_cpu_time": 0.001248,
            "max_rss": 18164,
            "exit_code": 0,
            "failed": false
        },
        {
            "index": 4,
            "input": 10000.0,
            "run_time": 1159675.0,
            "start_time": 1679756190822482067,
            "stop_time": 1679756190823641742,
            "ram_samples": [],
            "cpu_samples": [
                0.0,
                0.0,
                0.0,
                0.0,
                0.0,
                0.0,
                0.0,
                0.0,
                0.0,
                0.0,
                0.0,
                0.0,
                0.0,
                0.0,
                0.0,
                0.0
            ],
            "average_cpu_busy": 0.0,
            "user_cpu_time": 0.0012569999999999999,
            "sys_cpu_time": 0.0,
            "total_cpu_time": 0.0012569999999999999,
            "max_rss": 18168,
            "exit_code": 0,
            "failed": false
        },
        {
            "index": 5,
            "input": 10000.0,
            "run_time": 880572.0,
            "start_time": 1679756190827591630,
            "stop_time": 1679756190828472202,
            "ram_samples": [],
            "cpu_samples": [
                0.0,
                0.0,
                0.0,
                0.0,
                0.0,
                0.0,
                0.0,
                0.0,
                0.0,
                0.0,
                0.0,
                0.0,
                0.0,
                0.0,
                0.0,
                0.0
            ],
            "average_cpu_busy": 0.0,
            "user_cpu_time": 0.001243,
            "sys_cpu_time": 0.0,
            "total_cpu_time": 0.001243,
            "max_rss": 18168,
            "exit_code": 0,
            "failed": false
        }
    ]
}