{
    "bench": "nbody-2.ada",
    "language": "ada",
    "input": 20000.0,
    "average_runtime": 900578.8333333334,
    "average_cpu_busy": 0.0,
    "average_ram_load": 0,
    "run_results": [
        {
            "index": 0,
            "input": 20000.0,
            "run_time": 1016426.0,
            "start_time": 1679835071192208541,
            "stop_time": 1679835071193224967,
            "ram_samples": [],
            "cpu_samples": [
                0.0,
                0.0,
                0.0,
                0.0,
                0.0,
                0.0,
                0.0,
                0.0,
                0.0,
                0.0,
                0.0,
                0.0,
                0.0,
                0.0,
                0.0,
                0.0
            ],
            "average_cpu_busy": 0.0,
            "user_cpu_time": 0.002727,
            "sys_cpu_time": 0.0,
            "total_cpu_time": 0.002727,
            "max_rss": 18472,
            "exit_code": 0,
            "failed": false
        },
        {
            "index": 1,
            "input": 20000.0,
            "run_time": 926888.0,
            "start_time": 1679835071200051511,
            "stop_time": 1679835071200978399,
            "ram_samples": [],
            "cpu_samples": [
                0.0,
                0.0,
                0.0,
                0.0,
                0.0,
                0.0,
                0.0,
                0.0,
                0.0,
                0.0,
                0.0,
                0.0,
                0.0,
                0.0,
                0.0,
                0.0
            ],
            "average_cpu_busy": 0.0,
            "user_cpu_time": 0.0023439999999999997,
            "sys_cpu_time": 0.0,
            "total_cpu_time": 0.0023439999999999997,
            "max_rss": 18472,
            "exit_code": 0,
            "failed": false
        },
        {
            "index": 2,
            "input": 20000.0,
            "run_time": 869160.0,
            "start_time": 1679835071206529711,
            "stop_time": 1679835071207398871,
            "ram_samples": [],
            "cpu_samples": [
                0.0,
                0.0,
                0.0,
                0.0,
                0.0,
                0.0,
                0.0,
                0.0,
                0.0,
                0.0,
                0.0,
                0.0,
                0.0,
                0.0,
                0.0,
                0.0
            ],
            "average_cpu_busy": 0.0,
            "user_cpu_time": 0.002387,
            "sys_cpu_time": 0.0,
            "total_cpu_time": 0.002387,
            "max_rss": 18472,
            "exit_code": 0,
            "failed": false
        },
        {
            "index": 3,
            "input": 20000.0,
            "run_time": 806833.0,
            "start_time": 1679835071211981366,
            "stop_time": 1679835071212788199,
            "ram_samples": [],
            "cpu_samples": [
                0.0,
                0.0,
                0.0,
                0.0,
                0.0,
                0.0,
                0.0,
                0.0,
                0.0,
                0.0,
                0.0,
                0.0,
                0.0,
                0.0,
                0.0,
                0.0
            ],
            "average_cpu_busy": 0.0,
            "user_cpu_time": 0.0,
            "sys_cpu_time": 0.0021869999999999997,
            "total_cpu_time": 0.0021869999999999997,
            "max_rss": 18476,
            "exit_code": 0,
            "failed": false
        },
        {
            "index": 4,
            "input": 20000.0,
            "run_time": 850415.0,
            "start_time": 1679835071217611686,
            "stop_time": 1679835071218462101,
            "ram_samples": [],
            "cpu_samples": [
                0.0,
                0.0,
                0.0,
                0.0,
                0.0,
                0.0,
                0.0,
                0.0,
                0.0,
                0.0,
                0.0,
                0.0,
                0.0,
                0.0,
                0.0,
                0.0
            ],
            "average_cpu_busy": 0.0,
            "user_cpu_time": 0.002218,
            "sys_cpu_time": 0.0,
            "total_cpu_time": 0.002218,
            "max_rss": 18476,
            "exit_code": 0,
            "failed": false
        },
        {
            "index": 5,
            "input": 20000.0,
            "run_time": 933751.0,
            "start_time": 1679835071223533012,
            "stop_time": 1679835071224466763,
            "ram_samples": [],
            "cpu_samples": [
                0.0,
                0.0,
                0.0,
                0.0,
                0.0,
                0.0,
                0.0,
                0.0,
                0.0,
                0.0,
                0.0,
                0.0,
                0.0,
                0.0,
                0.0,
                0.0
            ],
            "average_cpu_busy": 0.0,
            "user_cpu_time": 0.002631,
            "sys_cpu_time": 0.0,
            "total_cpu_time": 0.002631,
            "max_rss": 18476,
            "exit_code": 0,
            "failed": false
        }
    ],
    "maximum_runtime": 1016426.0,
    "minimum_runtime": 806833.0
}