{
    "bench": "nbody-5.ada",
    "language": "ada",
    "input": 20000.0,
    "average_run_time": 899998.1666666666,
    "maximum_run_time": 1119250.0,
    "minimum_run_time": 826620.0,
    "average_cpu_time": 0.0027623333333333332,
    "minimum_cpu_time": 0.002623,
    "maximum_cpu_time": 0.0028409999999999998,
    "average_cpu_busy": 0,
    "average_ram_load": 0,
    "run_results": [
        {
            "index": 0,
            "input": 20000.0,
            "run_time": 851267.0,
            "start_time": 1680003235138940740,
            "stop_time": 1680003235139792007,
            "ram_samples": [],
            "cpu_samples": [
                0.0,
                0.0,
                0.0,
                0.0,
                0.0,
                0.0,
                0.0,
                0.0,
                0.0,
                0.0,
                0.0,
                0.0,
                0.0,
                0.0,
                0.0,
                0.0
            ],
            "average_cpu_busy": 0.0,
            "user_cpu_time": 0.0028409999999999998,
            "sys_cpu_time": 0.0,
            "total_cpu_time": 0.0028409999999999998,
            "max_rss": 20172,
            "exit_code": 0,
            "failed": false
        },
        {
            "index": 1,
            "input": 20000.0,
            "run_time": 866345.0,
            "start_time": 1680003235144977883,
            "stop_time": 1680003235145844228,
            "ram_samples": [],
            "cpu_samples": [
                0.0,
                0.0,
                0.0,
                0.0,
                0.0,
                0.0,
                0.0,
                0.0,
                0.0,
                0.0,
                0.0,
                0.0,
                0.0,
                0.0,
                0.0,
                0.0
            ],
            "average_cpu_busy": 0.0,
            "user_cpu_time": 0.0026869999999999997,
            "sys_cpu_time": 0.0,
            "total_cpu_time": 0.0026869999999999997,
            "max_rss": 20172,
            "exit_code": 0,
            "failed": false
        },
        {
            "index": 2,
            "input": 20000.0,
            "run_time": 869010.0,
            "start_time": 1680003235150981614,
            "stop_time": 1680003235151850624,
            "ram_samples": [],
            "cpu_samples": [
                0.0,
                0.0,
                0.0,
                0.0,
                0.0,
                0.0,
                0.0,
                0.0,
                0.0,
                0.0,
                0.0,
                0.0,
                0.0,
                0.0,
                0.0,
                0.0
            ],
            "average_cpu_busy": 0.0,
            "user_cpu_time": 0.0028209999999999997,
            "sys_cpu_time": 0.0,
            "total_cpu_time": 0.0028209999999999997,
            "max_rss": 20044,
            "exit_code": 0,
            "failed": false
        },
        {
            "index": 3,
            "input": 20000.0,
            "run_time": 826620.0,
            "start_time": 1680003235157083268,
            "stop_time": 1680003235157909888,
            "ram_samples": [],
            "cpu_samples": [
                0.0,
                0.0,
                0.0,
                0.0,
                0.0,
                0.0,
                0.0,
                0.0,
                0.0,
                0.0,
                0.0,
                0.0,
                0.0,
                0.0,
                0.0,
                0.0
            ],
            "average_cpu_busy": 0.0,
            "user_cpu_time": 0.002623,
            "sys_cpu_time": 0.0,
            "total_cpu_time": 0.002623,
            "max_rss": 20172,
            "exit_code": 0,
            "failed": false
        },
        {
            "index": 4,
            "input": 20000.0,
            "run_time": 1119250.0,
            "start_time": 1680003235162783589,
            "stop_time": 1680003235163902839,
            "ram_samples": [],
            "cpu_samples": [
                0.0,
                0.0,
                0.0,
                0.0,
                0.0,
                0.0,
                0.0,
                0.0,
                0.0,
                0.0,
                0.0,
                0.0,
                0.0,
                0.0,
                0.0,
                0.0
            ],
            "average_cpu_busy": 0.0,
            "user_cpu_time": 0.002838,
            "sys_cpu_time": 0.0,
            "total_cpu_time": 0.002838,
            "max_rss": 20172,
            "exit_code": 0,
            "failed": false
        },
        {
            "index": 5,
            "input": 20000.0,
            "run_time": 867497.0,
            "start_time": 1680003235169182441,
            "stop_time": 1680003235170049938,
            "ram_samples": [],
            "cpu_samples": [
                0.0,
                0.0,
                0.0,
                0.0,
                0.0,
                0.0,
                0.0,
                0.0,
                0.0,
                0.0,
                0.0,
                0.0,
                0.0,
                0.0,
                0.0,
                0.0
            ],
            "average_cpu_busy": 0.0,
            "user_cpu_time": 0.0,
            "sys_cpu_time": 0.002764,
            "total_cpu_time": 0.002764,
            "max_rss": 20180,
            "exit_code": 0,
            "failed": false
        }
    ]
}