{
    "bench": "nbody-3.cpp",
    "language": "cpp",
    "input": 20000.0,
    "average_run_time": 959200.8333333334,
    "maximum_run_time": 1009814.0,
    "minimum_run_time": 853481.0,
    "average_cpu_time": 0.0019701666666666665,
    "minimum_cpu_time": 0.001914,
    "maximum_cpu_time": 0.002019,
    "average_cpu_busy": 0,
    "average_ram_load": 0,
    "run_results": [
        {
            "index": 0,
            "input": 20000.0,
            "run_time": 970811.0,
            "start_time": 1679838013053367304,
            "stop_time": 1679838013054338115,
            "ram_samples": [],
            "cpu_samples": [
                0.0,
                0.0,
                0.0,
                0.0,
                0.0,
                0.0,
                0.0,
                0.0,
                0.0,
                0.0,
                0.0,
                0.0,
                0.0,
                0.0,
                0.0,
                0.0
            ],
            "average_cpu_busy": 0.0,
            "user_cpu_time": 0.0020169999999999997,
            "sys_cpu_time": 0.0,
            "total_cpu_time": 0.0020169999999999997,
            "max_rss": 18388,
            "exit_code": 0,
            "failed": false
        },
        {
            "index": 1,
            "input": 20000.0,
            "run_time": 1009814.0,
            "start_time": 1679838013058767372,
            "stop_time": 1679838013059777186,
            "ram_samples": [],
            "cpu_samples": [
                0.0,
                0.0,
                0.0,
                0.0,
                0.0,
                0.0,
                0.0,
                0.0,
                0.0,
                0.0,
                0.0,
                0.0,
                0.0,
                0.0,
                0.0,
                0.0
            ],
            "average_cpu_busy": 0.0,
            "user_cpu_time": 0.00196,
            "sys_cpu_time": 0.0,
            "total_cpu_time": 0.00196,
            "max_rss": 18388,
            "exit_code": 0,
            "failed": false
        },
        {
            "index": 2,
            "input": 20000.0,
            "run_time": 970440.0,
            "start_time": 1679838013064168743,
            "stop_time": 1679838013065139183,
            "ram_samples": [],
            "cpu_samples": [
                0.0,
                0.0,
                0.0,
                0.0,
                0.0,
                0.0,
                0.0,
                0.0,
                0.0,
                0.0,
                0.0,
                0.0,
                0.0,
                0.0,
                0.0,
                0.0
            ],
            "average_cpu_busy": 0.0,
            "user_cpu_time": 0.002019,
            "sys_cpu_time": 0.0,
            "total_cpu_time": 0.002019,
            "max_rss": 18396,
            "exit_code": 0,
            "failed": false
        },
        {
            "index": 3,
            "input": 20000.0,
            "run_time": 979307.0,
            "start_time": 1679838013069439889,
            "stop_time": 1679838013070419196,
            "ram_samples": [],
            "cpu_samples": [
                0.0,
                0.0,
                0.0,
                0.0,
                0.0,
                0.0,
                0.0,
                0.0,
                0.0,
                0.0,
                0.0,
                0.0,
                0.0,
                0.0,
                0.0,
                0.0
            ],
            "average_cpu_busy": 0.0,
            "user_cpu_time": 0.0019199999999999998,
            "sys_cpu_time": 0.0,
            "total_cpu_time": 0.0019199999999999998,
            "max_rss": 18396,
            "exit_code": 0,
            "failed": false
        },
        {
            "index": 4,
            "input": 20000.0,
            "run_time": 971352.0,
            "start_time": 1679838013074929275,
            "stop_time": 1679838013075900627,
            "ram_samples": [],
            "cpu_samples": [
                0.0,
                0.0,
                0.0,
                0.0,
                0.0,
                0.0,
                0.0,
                0.0,
                0.0,
                0.0,
                0.0,
                0.0,
                0.0,
                0.0,
                0.0,
                0.0
            ],
            "average_cpu_busy": 0.0,
            "user_cpu_time": 0.0019909999999999997,
            "sys_cpu_time": 0.0,
            "total_cpu_time": 0.0019909999999999997,
            "max_rss": 18396,
            "exit_code": 0,
            "failed": false
        },
        {
            "index": 5,
            "input": 20000.0,
            "run_time": 853481.0,
            "start_time": 1679838013080254533,
            "stop_time": 1679838013081108014,
            "ram_samples": [],
            "cpu_samples": [
                0.0,
                0.0,
                0.0,
                0.0,
                0.0,
                0.0,
                0.0,
                0.0,
                0.0,
                0.0,
                0.0,
                0.0,
                0.0,
                0.0,
                0.0,
                0.0
            ],
            "average_cpu_busy": 0.0,
            "user_cpu_time": 0.001914,
            "sys_cpu_time": 0.0,
            "total_cpu_time": 0.001914,
            "max_rss": 18396,
            "exit_code": 0,
            "failed": false
        }
    ]
}