{
    "bench": "nbody-3.rust",
    "input": 20000.0,
    "average_runtime": 849167.6666666666,
    "average_cpu_busy": 0.0,
    "average_ram_load": 0,
    "run_results": [
        {
            "index": 0,
            "input": 20000.0,
            "run_time": 845262.0,
            "start_time": 1679581691574764613,
            "stop_time": 1679581691575609875,
            "ram_samples": [],
            "cpu_samples": [
                0.0,
                0.0,
                0.0,
                0.0,
                0.0,
                0.0,
                0.0,
                0.0,
                0.0,
                0.0,
                0.0,
                0.0,
                0.0,
                0.0,
                0.0,
                0.0
            ],
            "average_cpu_busy": 0.0,
            "user_cpu_time": 0.0019529999999999999,
            "sys_cpu_time": 0.0,
            "total_cpu_time": 0.0019529999999999999,
            "max_rss": 18016,
            "exit_code": 0,
            "failed": false
        },
        {
            "index": 1,
            "input": 20000.0,
            "run_time": 851203.0,
            "start_time": 1679581691579886010,
            "stop_time": 1679581691580737213,
            "ram_samples": [],
            "cpu_samples": [
                0.0,
                0.0,
                0.0,
                0.0,
                0.0,
                0.0,
                0.0,
                0.0,
                0.0,
                0.0,
                0.0,
                0.0,
                0.0,
                0.0,
                0.0,
                0.0
            ],
            "average_cpu_busy": 0.0,
            "user_cpu_time": 0.0019399999999999999,
            "sys_cpu_time": 0.0,
            "total_cpu_time": 0.0019399999999999999,
            "max_rss": 18020,
            "exit_code": 0,
            "failed": false
        },
        {
            "index": 2,
            "input": 20000.0,
            "run_time": 855953.0,
            "start_time": 1679581691584918306,
            "stop_time": 1679581691585774259,
            "ram_samples": [],
            "cpu_samples": [
                0.0,
                0.0,
                0.0,
                0.0,
                0.0,
                0.0,
                0.0,
                0.0,
                0.0,
                0.0,
                0.0,
                0.0,
                0.0,
                0.0,
                0.0,
                0.0
            ],
            "average_cpu_busy": 0.0,
            "user_cpu_time": 0.002882,
            "sys_cpu_time": 0.0,
            "total_cpu_time": 0.002882,
            "max_rss": 18024,
            "exit_code": 0,
            "failed": false
        },
        {
            "index": 3,
            "input": 20000.0,
            "run_time": 850411.0,
            "start_time": 1679581691590928528,
            "stop_time": 1679581691591778939,
            "ram_samples": [],
            "cpu_samples": [
                0.0,
                0.0,
                0.0,
                0.0,
                0.0,
                0.0,
                0.0,
                0.0,
                0.0,
                0.0,
                0.0,
                0.0,
                0.0,
                0.0,
                0.0,
                0.0
            ],
            "average_cpu_busy": 0.0,
            "user_cpu_time": 0.001877,
            "sys_cpu_time": 0.0,
            "total_cpu_time": 0.001877,
            "max_rss": 18028,
            "exit_code": 0,
            "failed": false
        },
        {
            "index": 4,
            "input": 20000.0,
            "run_time": 848718.0,
            "start_time": 1679581691595957307,
            "stop_time": 1679581691596806025,
            "ram_samples": [],
            "cpu_samples": [
                0.0,
                0.0,
                0.0,
                0.0,
                0.0,
                0.0,
                0.0,
                0.0,
                0.0,
                0.0,
                0.0,
                0.0,
                0.0,
                0.0,
                0.0,
                0.0
            ],
            "average_cpu_busy": 0.0,
            "user_cpu_time": 0.0019299999999999999,
            "sys_cpu_time": 0.0,
            "total_cpu_time": 0.0019299999999999999,
            "max_rss": 18096,
            "exit_code": 0,
            "failed": false
        },
        {
            "index": 5,
            "input": 20000.0,
            "run_time": 843459.0,
            "start_time": 1679581691600867220,
            "stop_time": 1679581691601710679,
            "ram_samples": [],
            "cpu_samples": [
                0.0,
                0.0,
                0.0,
                0.0,
                0.0,
                0.0,
                0.0,
                0.0,
                0.0,
                0.0,
                0.0,
                0.0,
                0.0,
                0.0,
                0.0,
                0.0
            ],
            "average_cpu_busy": 0.0,
            "user_cpu_time": 0.0019299999999999999,
            "sys_cpu_time": 0.0,
            "total_cpu_time": 0.0019299999999999999,
            "max_rss": 18032,
            "exit_code": 0,
            "failed": false
        }
    ]
}