{
    "bench": "nbody-1.cpp",
    "language": "cpp",
    "input": 10000.0,
    "average_run_time": 956589.1666666666,
    "maximum_run_time": 1238032.0,
    "minimum_run_time": 802886.0,
    "average_cpu_time": 0.0013803333333333335,
    "minimum_cpu_time": 0.001096,
    "maximum_cpu_time": 0.002226,
    "average_cpu_busy": 0,
    "average_ram_load": 0,
    "run_results": [
        {
            "index": 0,
            "input": 10000.0,
            "run_time": 1238032.0,
            "start_time": 1680003230705855692,
            "stop_time": 1680003230707093724,
            "ram_samples": [],
            "cpu_samples": [
                0.0,
                0.0,
                0.0,
                0.0,
                0.0,
                0.0,
                0.0,
                0.0,
                0.0,
                0.0,
                0.0,
                0.0,
                0.0,
                0.0,
                0.0,
                0.0
            ],
            "average_cpu_busy": 0.0,
            "user_cpu_time": 0.001201,
            "sys_cpu_time": 0.0,
            "total_cpu_time": 0.001201,
            "max_rss": 19348,
            "exit_code": 0,
            "failed": false
        },
        {
            "index": 1,
            "input": 10000.0,
            "run_time": 931698.0,
            "start_time": 1680003230711468228,
            "stop_time": 1680003230712399926,
            "ram_samples": [],
            "cpu_samples": [
                0.0,
                0.0,
                0.0,
                0.0,
                0.0,
                0.0,
                0.0,
                0.0,
                0.0,
                0.0,
                0.0,
                0.0,
                0.0,
                0.0,
                0.0,
                0.0
            ],
            "average_cpu_busy": 0.0,
            "user_cpu_time": 0.001354,
            "sys_cpu_time": 0.0,
            "total_cpu_time": 0.001354,
            "max_rss": 19352,
            "exit_code": 0,
            "failed": false
        },
        {
            "index": 2,
            "input": 10000.0,
            "run_time": 802886.0,
            "start_time": 1680003230716010748,
            "stop_time": 1680003230716813634,
            "ram_samples": [],
            "cpu_samples": [
                0.0,
                0.0,
                0.0,
                0.0,
                0.0,
                0.0,
                0.0,
                0.0,
                0.0,
                0.0,
                0.0,
                0.0,
                0.0,
                0.0,
                0.0,
                0.0
            ],
            "average_cpu_busy": 0.0,
            "user_cpu_time": 0.001096,
            "sys_cpu_time": 0.0,
            "total_cpu_time": 0.001096,
            "max_rss": 19352,
            "exit_code": 0,
            "failed": false
        },
        {
            "index": 3,
            "input": 10000.0,
            "run_time": 931748.0,
            "start_time": 1680003230720113984,
            "stop_time": 1680003230721045732,
            "ram_samples": [],
            "cpu_samples": [
                0.0,
                0.0,
                0.0,
                0.0,
                0.0,
                0.0,
                0.0,
                0.0,
                0.0,
                0.0,
                0.0,
                0.0,
                0.0,
                0.0,
                0.0,
                0.0
            ],
            "average_cpu_busy": 0.0,
            "user_cpu_time": 0.002226,
            "sys_cpu_time": 0.0,
            "total_cpu_time": 0.002226,
            "max_rss": 19352,
            "exit_code": 0,
            "failed": false
        },
        {
            "index": 4,
            "input": 10000.0,
            "run_time": 913543.0,
            "start_time": 1680003230725747240,
            "stop_time": 1680003230726660783,
            "ram_samples": [],
            "cpu_samples": [
                0.0,
                0.0,
                0.0,
                0.0,
                0.0,
                0.0,
                0.0,
                0.0,
                0.0,
                0.0,
                0.0,
                0.0,
                0.0,
                0.0,
                0.0,
                0.0
            ],
            "average_cpu_busy": 0.0,
            "user_cpu_time": 0.0,
            "sys_cpu_time": 0.001192,
            "total_cpu_time": 0.001192,
            "max_rss": 19360,
            "exit_code": 0,
            "failed": false
        },
        {
            "index": 5,
            "input": 10000.0,
            "run_time": 921628.0,
            "start_time": 1680003230730280873,
            "stop_time": 1680003230731202501,
            "ram_samples": [],
            "cpu_samples": [
                0.0,
                0.0,
                0.0,
                0.0,
                0.0,
                0.0,
                0.0,
                100.0,
                0.0,
                0.0,
                0.0,
                0.0,
                0.0,
                0.0,
                0.0,
                0.0
            ],
            "average_cpu_busy": 9.21628e-07,
            "user_cpu_time": 0.0012129999999999999,
            "sys_cpu_time": 0.0,
            "total_cpu_time": 0.0012129999999999999,
            "max_rss": 19360,
            "exit_code": 0,
            "failed": false
        }
    ]
}