{
    "bench": "nbody-2.ada",
    "language": "ada",
    "input": 30000.0,
    "average_run_time": 859577.0,
    "maximum_run_time": 893926.0,
    "minimum_run_time": 821180.0,
    "average_cpu_time": 0.0028856666666666666,
    "minimum_cpu_time": 0.002764,
    "maximum_cpu_time": 0.002944,
    "average_cpu_busy": 0,
    "average_ram_load": 0,
    "run_results": [
        {
            "index": 0,
            "input": 30000.0,
            "run_time": 873268.0,
            "start_time": 1680003234818792750,
            "stop_time": 1680003234819666018,
            "ram_samples": [],
            "cpu_samples": [
                0.0,
                0.0,
                0.0,
                0.0,
                0.0,
                0.0,
                0.0,
                0.0,
                0.0,
                0.0,
                0.0,
                0.0,
                0.0,
                0.0,
                0.0,
                0.0
            ],
            "average_cpu_busy": 0.0,
            "user_cpu_time": 0.002943,
            "sys_cpu_time": 0.0,
            "total_cpu_time": 0.002943,
            "max_rss": 20104,
            "exit_code": 0,
            "failed": false
        },
        {
            "index": 1,
            "input": 30000.0,
            "run_time": 859652.0,
            "start_time": 1680003234825334139,
            "stop_time": 1680003234826193791,
            "ram_samples": [],
            "cpu_samples": [
                0.0,
                0.0,
                0.0,
                0.0,
                0.0,
                0.0,
                0.0,
                0.0,
                0.0,
                0.0,
                0.0,
                0.0,
                0.0,
                0.0,
                0.0,
                0.0
            ],
            "average_cpu_busy": 0.0,
            "user_cpu_time": 0.002892,
            "sys_cpu_time": 0.0,
            "total_cpu_time": 0.002892,
            "max_rss": 20104,
            "exit_code": 0,
            "failed": false
        },
        {
            "index": 2,
            "input": 30000.0,
            "run_time": 870002.0,
            "start_time": 1680003234831614578,
            "stop_time": 1680003234832484580,
            "ram_samples": [],
            "cpu_samples": [
                0.0,
                0.0,
                0.0,
                0.0,
                0.0,
                0.0,
                0.0,
                0.0,
                0.0,
                0.0,
                0.0,
                0.0,
                0.0,
                0.0,
                0.0,
                0.0
            ],
            "average_cpu_busy": 0.0,
            "user_cpu_time": 0.002892,
            "sys_cpu_time": 0.0,
            "total_cpu_time": 0.002892,
            "max_rss": 20104,
            "exit_code": 0,
            "failed": false
        },
        {
            "index": 3,
            "input": 30000.0,
            "run_time": 821180.0,
            "start_time": 1680003234837748783,
            "stop_time": 1680003234838569963,
            "ram_samples": [],
            "cpu_samples": [
                0.0,
                0.0,
                0.0,
                0.0,
                0.0,
                0.0,
                0.0,
                0.0,
                0.0,
                0.0,
                0.0,
                0.0,
                0.0,
                0.0,
                0.0,
                0.0
            ],
            "average_cpu_busy": 0.0,
            "user_cpu_time": 0.002879,
            "sys_cpu_time": 0.0,
            "total_cpu_time": 0.002879,
            "max_rss": 20108,
            "exit_code": 0,
            "failed": false
        },
        {
            "index": 4,
            "input": 30000.0,
            "run_time": 839434.0,
            "start_time": 1680003234843804431,
            "stop_time": 1680003234844643865,
            "ram_samples": [],
            "cpu_samples": [
                0.0,
                0.0,
                0.0,
                0.0,
                0.0,
                0.0,
                0.0,
                0.0,
                0.0,
                0.0,
                0.0,
                0.0,
                0.0,
                0.0,
                0.0,
                0.0
            ],
            "average_cpu_busy": 0.0,
            "user_cpu_time": 0.002944,
            "sys_cpu_time": 0.0,
            "total_cpu_time": 0.002944,
            "max_rss": 20108,
            "exit_code": 0,
            "failed": false
        },
        {
            "index": 5,
            "input": 30000.0,
            "run_time": 893926.0,
            "start_time": 1680003234850067418,
            "stop_time": 1680003234850961344,
            "ram_samples": [],
            "cpu_samples": [
                0.0,
                0.0,
                0.0,
                0.0,
                0.0,
                0.0,
                0.0,
                0.0,
                0.0,
                0.0,
                0.0,
                0.0,
                0.0,
                50.0,
                0.0,
                0.0
            ],
            "average_cpu_busy": 4.46963e-07,
            "user_cpu_time": 0.002764,
            "sys_cpu_time": 0.0,
            "total_cpu_time": 0.002764,
            "max_rss": 20108,
            "exit_code": 0,
            "failed": false
        }
    ]
}