{
    "bench": "nbody-1.rust",
    "language": "rust",
    "input": 10000.0,
    "average_run_time": 958835.0,
    "maximum_run_time": 1100524.0,
    "minimum_run_time": 907672.0,
    "average_cpu_time": 0.0015291666666666665,
    "minimum_cpu_time": 0.001281,
    "maximum_cpu_time": 0.002496,
    "average_cpu_busy": 0,
    "average_ram_load": 0,
    "run_results": [
        {
            "index": 0,
            "input": 10000.0,
            "run_time": 985729.0,
            "start_time": 1680003238175276856,
            "stop_time": 1680003238176262585,
            "ram_samples": [],
            "cpu_samples": [
                0.0,
                0.0,
                0.0,
                0.0,
                0.0,
                0.0,
                0.0,
                0.0,
                0.0,
                0.0,
                0.0,
                0.0,
                0.0,
                0.0,
                0.0,
                0.0
            ],
            "average_cpu_busy": 0.0,
            "user_cpu_time": 0.001344,
            "sys_cpu_time": 0.0,
            "total_cpu_time": 0.001344,
            "max_rss": 20684,
            "exit_code": 0,
            "failed": false
        },
        {
            "index": 1,
            "input": 10000.0,
            "run_time": 907672.0,
            "start_time": 1680003238180537523,
            "stop_time": 1680003238181445195,
            "ram_samples": [],
            "cpu_samples": [
                0.0,
                0.0,
                0.0,
                0.0,
                0.0,
                0.0,
                0.0,
                0.0,
                0.0,
                0.0,
                0.0,
                0.0,
                0.0,
                0.0,
                0.0,
                0.0
            ],
            "average_cpu_busy": 0.0,
            "user_cpu_time": 0.002496,
            "sys_cpu_time": 0.0,
            "total_cpu_time": 0.002496,
            "max_rss": 20684,
            "exit_code": 0,
            "failed": false
        },
        {
            "index": 2,
            "input": 10000.0,
            "run_time": 927609.0,
            "start_time": 1680003238186710341,
            "stop_time": 1680003238187637950,
            "ram_samples": [],
            "cpu_samples": [
                0.0,
                0.0,
                0.0,
                0.0,
                0.0,
                0.0,
                0.0,
                0.0,
                0.0,
                0.0,
                0.0,
                0.0,
                0.0,
                0.0,
                0.0,
                0.0
            ],
            "average_cpu_busy": 0.0,
            "user_cpu_time": 0.001336,
            "sys_cpu_time": 0.0,
            "total_cpu_time": 0.001336,
            "max_rss": 20684,
            "exit_code": 0,
            "failed": false
        },
        {
            "index": 3,
            "input": 10000.0,
            "run_time": 917852.0,
            "start_time": 1680003238191521384,
            "stop_time": 1680003238192439236,
            "ram_samples": [],
            "cpu_samples": [
                0.0,
                0.0,
                0.0,
                0.0,
                0.0,
                0.0,
                0.0,
                0.0,
                0.0,
                0.0,
                0.0,
                0.0,
                0.0,
                0.0,
                0.0,
                0.0
            ],
            "average_cpu_busy": 0.0,
            "user_cpu_time": 0.0014089999999999999,
            "sys_cpu_time": 0.0,
            "total_cpu_time": 0.0014089999999999999,
            "max_rss": 20684,
            "exit_code": 0,
            "failed": false
        },
        {
            "index": 4,
            "input": 10000.0,
            "run_time": 913624.0,
            "start_time": 1680003238196556277,
            "stop_time": 1680003238197469901,
            "ram_samples": [],
            "cpu_samples": [
                0.0,
                0.0,
                0.0,
                0.0,
                0.0,
                0.0,
                0.0,
                0.0,
                0.0,
                0.0,
                0.0,
                0.0,
                0.0,
                0.0,
                0.0,
                0.0
            ],
            "average_cpu_busy": 0.0,
            "user_cpu_time": 0.0013089999999999998,
            "sys_cpu_time": 0.0,
            "total_cpu_time": 0.0013089999999999998,
            "max_rss": 20688,
            "exit_code": 0,
            "failed": false
        },
        {
            "index": 5,
            "input": 10000.0,
            "run_time": 1100524.0,
            "start_time": 1680003238201951066,
            "stop_time": 1680003238203051590,
            "ram_samples": [],
            "cpu_samples": [
                0.0,
                0.0,
                0.0,
                0.0,
                0.0,
                0.0,
                0.0,
                0.0,
                0.0,
                0.0,
                100.0,
                0.0,
                0.0,
                0.0,
                0.0,
                0.0
            ],
            "average_cpu_busy": 1.1005240000000001e-06,
            "user_cpu_time": 0.001281,
            "sys_cpu_time": 0.0,
            "total_cpu_time": 0.001281,
            "max_rss": 20692,
            "exit_code": 0,
            "failed": false
        }
    ]
}