{
    "bench": "nbody-2.java",
    "language": "java",
    "input": 10000.0,
    "average_runtime": 1161102.8333333333,
    "average_cpu_busy": 0.0,
    "average_ram_load": 0,
    "run_results": [
        {
            "index": 0,
            "input": 10000.0,
            "run_time": 1180364.0,
            "start_time": 1679756197198154237,
            "stop_time": 1679756197199334601,
            "ram_samples": [],
            "cpu_samples": [
                0.0,
                0.0,
                0.0,
                0.0,
                0.0,
                0.0,
                0.0,
                0.0,
                0.0,
                0.0,
                0.0,
                0.0,
                0.0,
                0.0,
                0.0,
                0.0
            ],
            "average_cpu_busy": 0.0,
            "user_cpu_time": 0.008078,
            "sys_cpu_time": 0.012118,
            "total_cpu_time": 0.020196,
            "max_rss": 38016,
            "exit_code": 256,
            "failed": false
        },
        {
            "index": 1,
            "input": 10000.0,
            "run_time": 1163803.0,
            "start_time": 1679756197220056246,
            "stop_time": 1679756197221220049,
            "ram_samples": [],
            "cpu_samples": [
                0.0,
                0.0,
                0.0,
                0.0,
                0.0,
                0.0,
                0.0,
                0.0,
                0.0,
                0.0,
                0.0,
                0.0,
                0.0,
                0.0,
                0.0,
                0.0
            ],
            "average_cpu_busy": 0.0,
            "user_cpu_time": 0.016083,
            "sys_cpu_time": 0.00402,
            "total_cpu_time": 0.020103,
            "max_rss": 38016,
            "exit_code": 256,
            "failed": false
        },
        {
            "index": 2,
            "input": 10000.0,
            "run_time": 1169373.0,
            "start_time": 1679756197241610853,
            "stop_time": 1679756197242780226,
            "ram_samples": [],
            "cpu_samples": [
                0.0,
                0.0,
                0.0,
                0.0,
                0.0,
                0.0,
                0.0,
                0.0,
                0.0,
                0.0,
                0.0,
                0.0,
                0.0,
                0.0,
                0.0,
                0.0
            ],
            "average_cpu_busy": 0.0,
            "user_cpu_time": 0.017225999999999998,
            "sys_cpu_time": 0.0034449999999999997,
            "total_cpu_time": 0.020671,
            "max_rss": 37888,
            "exit_code": 256,
            "failed": false
        },
        {
            "index": 3,
            "input": 10000.0,
            "run_time": 1135620.0,
            "start_time": 1679756197263817834,
            "stop_time": 1679756197264953454,
            "ram_samples": [],
            "cpu_samples": [
                0.0,
                0.0,
                0.0,
                0.0,
                0.0,
                0.0,
                0.0,
                0.0,
                0.0,
                0.0,
                0.0,
                0.0,
                0.0,
                0.0,
                0.0,
                0.0
            ],
            "average_cpu_busy": 0.0,
            "user_cpu_time": 0.015408999999999999,
            "sys_cpu_time": 0.005136,
            "total_cpu_time": 0.020545,
            "max_rss": 37888,
            "exit_code": 256,
            "failed": false
        },
        {
            "index": 4,
            "input": 10000.0,
            "run_time": 1206113.0,
            "start_time": 1679756197286550891,
            "stop_time": 1679756197287757004,
            "ram_samples": [],
            "cpu_samples": [
                0.0,
                0.0,
                0.0,
                0.0,
                0.0,
                0.0,
                0.0,
                0.0,
                0.0,
                0.0,
                0.0,
                0.0,
                0.0,
                0.0,
                0.0,
                0.0
            ],
            "average_cpu_busy": 0.0,
            "user_cpu_time": 0.016506,
            "sys_cpu_time": 0.0041259999999999995,
            "total_cpu_time": 0.020631999999999998,
            "max_rss": 38016,
            "exit_code": 256,
            "failed": false
        },
        {
            "index": 5,
            "input": 10000.0,
            "run_time": 1111344.0,
            "start_time": 1679756197308702629,
            "stop_time": 1679756197309813973,
            "ram_samples": [],
            "cpu_samples": [
                0.0,
                0.0,
                0.0,
                0.0,
                0.0,
                0.0,
                0.0,
                0.0,
                0.0,
                0.0,
                0.0,
                0.0,
                0.0,
                0.0,
                0.0,
                0.0
            ],
            "average_cpu_busy": 0.0,
            "user_cpu_time": 0.010126,
            "sys_cpu_time": 0.010126,
            "total_cpu_time": 0.020252,
            "max_rss": 37888,
            "exit_code": 256,
            "failed": false
        }
    ]
}