{
    "bench": "nbody-3.ada",
    "language": "ada",
    "input": 10000.0,
    "average_runtime": 888144.3333333334,
    "average_cpu_busy": 0.0,
    "average_ram_load": 0,
    "run_results": [
        {
            "index": 0,
            "input": 10000.0,
            "run_time": 929794.0,
            "start_time": 1679835072821081038,
            "stop_time": 1679835072822010832,
            "ram_samples": [],
            "cpu_samples": [
                0.0,
                0.0,
                0.0,
                0.0,
                0.0,
                0.0,
                0.0,
                0.0,
                0.0,
                0.0,
                0.0,
                0.0,
                0.0,
                0.0,
                0.0,
                0.0
            ],
            "average_cpu_busy": 0.0,
            "user_cpu_time": 0.0022229999999999997,
            "sys_cpu_time": 0.0,
            "total_cpu_time": 0.0022229999999999997,
            "max_rss": 18628,
            "exit_code": 0,
            "failed": false
        },
        {
            "index": 1,
            "input": 10000.0,
            "run_time": 926198.0,
            "start_time": 1679835072826494090,
            "stop_time": 1679835072827420288,
            "ram_samples": [],
            "cpu_samples": [
                0.0,
                0.0,
                0.0,
                0.0,
                0.0,
                0.0,
                0.0,
                0.0,
                0.0,
                0.0,
                0.0,
                0.0,
                0.0,
                0.0,
                0.0,
                0.0
            ],
            "average_cpu_busy": 0.0,
            "user_cpu_time": 0.002048,
            "sys_cpu_time": 0.0,
            "total_cpu_time": 0.002048,
            "max_rss": 18636,
            "exit_code": 0,
            "failed": false
        },
        {
            "index": 2,
            "input": 10000.0,
            "run_time": 931507.0,
            "start_time": 1679835072831886915,
            "stop_time": 1679835072832818422,
            "ram_samples": [],
            "cpu_samples": [
                0.0,
                0.0,
                0.0,
                0.0,
                0.0,
                0.0,
                0.0,
                0.0,
                0.0,
                0.0,
                0.0,
                0.0,
                0.0,
                0.0,
                0.0,
                0.0
            ],
            "average_cpu_busy": 0.0,
            "user_cpu_time": 0.001846,
            "sys_cpu_time": 0.0,
            "total_cpu_time": 0.001846,
            "max_rss": 18636,
            "exit_code": 0,
            "failed": false
        },
        {
            "index": 3,
            "input": 10000.0,
            "run_time": 835688.0,
            "start_time": 1679835072837581365,
            "stop_time": 1679835072838417053,
            "ram_samples": [],
            "cpu_samples": [
                0.0,
                0.0,
                0.0,
                0.0,
                0.0,
                0.0,
                0.0,
                0.0,
                0.0,
                0.0,
                0.0,
                0.0,
                0.0,
                0.0,
                0.0,
                0.0
            ],
            "average_cpu_busy": 0.0,
            "user_cpu_time": 0.0018169999999999998,
            "sys_cpu_time": 0.0,
            "total_cpu_time": 0.0018169999999999998,
            "max_rss": 18636,
            "exit_code": 0,
            "failed": false
        },
        {
            "index": 4,
            "input": 10000.0,
            "run_time": 901601.0,
            "start_time": 1679835072842743858,
            "stop_time": 1679835072843645459,
            "ram_samples": [],
            "cpu_samples": [
                0.0,
                0.0,
                0.0,
                0.0,
                0.0,
                0.0,
                0.0,
                0.0,
                0.0,
                0.0,
                0.0,
                0.0,
                0.0,
                0.0,
                0.0,
                0.0
            ],
            "average_cpu_busy": 0.0,
            "user_cpu_time": 0.0018909999999999999,
            "sys_cpu_time": 0.0,
            "total_cpu_time": 0.0018909999999999999,
            "max_rss": 18636,
            "exit_code": 0,
            "failed": false
        },
        {
            "index": 5,
            "input": 10000.0,
            "run_time": 804078.0,
            "start_time": 1679835072847541436,
            "stop_time": 1679835072848345514,
            "ram_samples": [],
            "cpu_samples": [
                0.0,
                0.0,
                0.0,
                0.0,
                0.0,
                0.0,
                0.0,
                0.0,
                0.0,
                0.0,
                0.0,
                0.0,
                0.0,
                0.0,
                0.0,
                0.0
            ],
            "average_cpu_busy": 0.0,
            "user_cpu_time": 0.001882,
            "sys_cpu_time": 0.0,
            "total_cpu_time": 0.001882,
            "max_rss": 18636,
            "exit_code": 0,
            "failed": false
        }
    ],
    "maximum_runtime": 931507.0,
    "minimum_runtime": 804078.0
}