{
    "bench": "nbody-2.cpp",
    "language": "cpp",
    "input": 40000.0,
    "average_run_time": 966771.3333333334,
    "maximum_run_time": 1113478.0,
    "minimum_run_time": 885350.0,
    "average_cpu_time": 0.003011,
    "minimum_cpu_time": 0.0029349999999999997,
    "maximum_cpu_time": 0.0030659999999999997,
    "average_cpu_busy": 0,
    "average_ram_load": 0,
    "run_results": [
        {
            "index": 0,
            "input": 40000.0,
            "run_time": 896902.0,
            "start_time": 1680003241199149777,
            "stop_time": 1680003241200046679,
            "ram_samples": [],
            "cpu_samples": [
                0.0,
                0.0,
                0.0,
                0.0,
                0.0,
                0.0,
                0.0,
                0.0,
                0.0,
                0.0,
                0.0,
                0.0,
                0.0,
                0.0,
                0.0,
                0.0
            ],
            "average_cpu_busy": 0.0,
            "user_cpu_time": 0.0,
            "sys_cpu_time": 0.002985,
            "total_cpu_time": 0.002985,
            "max_rss": 20912,
            "exit_code": 0,
            "failed": false
        },
        {
            "index": 1,
            "input": 40000.0,
            "run_time": 951154.0,
            "start_time": 1680003241205913703,
            "stop_time": 1680003241206864857,
            "ram_samples": [],
            "cpu_samples": [
                0.0,
                0.0,
                0.0,
                0.0,
                0.0,
                0.0,
                0.0,
                0.0,
                0.0,
                0.0,
                100.0,
                0.0,
                0.0,
                0.0,
                0.0,
                0.0
            ],
            "average_cpu_busy": 9.511540000000001e-07,
            "user_cpu_time": 0.0,
            "sys_cpu_time": 0.002972,
            "total_cpu_time": 0.002972,
            "max_rss": 20912,
            "exit_code": 0,
            "failed": false
        },
        {
            "index": 2,
            "input": 40000.0,
            "run_time": 885350.0,
            "start_time": 1680003241212675786,
            "stop_time": 1680003241213561136,
            "ram_samples": [],
            "cpu_samples": [
                0.0,
                0.0,
                0.0,
                0.0,
                0.0,
                0.0,
                0.0,
                0.0,
                0.0,
                0.0,
                0.0,
                0.0,
                0.0,
                0.0,
                0.0,
                0.0
            ],
            "average_cpu_busy": 0.0,
            "user_cpu_time": 0.0029349999999999997,
            "sys_cpu_time": 0.0,
            "total_cpu_time": 0.0029349999999999997,
            "max_rss": 20912,
            "exit_code": 0,
            "failed": false
        },
        {
            "index": 3,
            "input": 40000.0,
            "run_time": 1032035.0,
            "start_time": 1680003241219511126,
            "stop_time": 1680003241220543161,
            "ram_samples": [],
            "cpu_samples": [
                0.0,
                0.0,
                0.0,
                0.0,
                0.0,
                0.0,
                0.0,
                0.0,
                0.0,
                0.0,
                0.0,
                0.0,
                0.0,
                0.0,
                0.0,
                0.0
            ],
            "average_cpu_busy": 0.0,
            "user_cpu_time": 0.0030659999999999997,
            "sys_cpu_time": 0.0,
            "total_cpu_time": 0.0030659999999999997,
            "max_rss": 20912,
            "exit_code": 0,
            "failed": false
        },
        {
            "index": 4,
            "input": 40000.0,
            "run_time": 1113478.0,
            "start_time": 1680003241226710499,
            "stop_time": 1680003241227823977,
            "ram_samples": [],
            "cpu_samples": [
                0.0,
                0.0,
                0.0,
                0.0,
                0.0,
                0.0,
                0.0,
                0.0,
                0.0,
                0.0,
                0.0,
                0.0,
                0.0,
                0.0,
                0.0,
                0.0
            ],
            "average_cpu_busy": 0.0,
            "user_cpu_time": 0.00306,
            "sys_cpu_time": 0.0,
            "total_cpu_time": 0.00306,
            "max_rss": 20912,
            "exit_code": 0,
            "failed": false
        },
        {
            "index": 5,
            "input": 40000.0,
            "run_time": 921709.0,
            "start_time": 1680003241233896877,
            "stop_time": 1680003241234818586,
            "ram_samples": [],
            "cpu_samples": [
                0.0,
                0.0,
                0.0,
                0.0,
                0.0,
                0.0,
                0.0,
                0.0,
                100.0,
                0.0,
                0.0,
                0.0,
                0.0,
                0.0,
                100.0,
                0.0
            ],
            "average_cpu_busy": 1.843418e-06,
            "user_cpu_time": 0.0,
            "sys_cpu_time": 0.003048,
            "total_cpu_time": 0.003048,
            "max_rss": 20912,
            "exit_code": 0,
            "failed": false
        }
    ]
}