{
    "bench": "nbody-2.ada",
    "language": "ada",
    "input": 20000.0,
    "average_runtime": 989380.3333333334,
    "average_cpu_busy": 1.6715849999999998e-07,
    "average_ram_load": 0,
    "run_results": [
        {
            "index": 0,
            "input": 20000.0,
            "run_time": 992341.0,
            "start_time": 1679756192652370965,
            "stop_time": 1679756192653363306,
            "ram_samples": [],
            "cpu_samples": [
                0.0,
                0.0,
                0.0,
                0.0,
                0.0,
                0.0,
                0.0,
                0.0,
                0.0,
                0.0,
                0.0,
                0.0,
                0.0,
                0.0,
                0.0,
                0.0
            ],
            "average_cpu_busy": 0.0,
            "user_cpu_time": 0.002459,
            "sys_cpu_time": 0.0,
            "total_cpu_time": 0.002459,
            "max_rss": 18404,
            "exit_code": 0,
            "failed": false
        },
        {
            "index": 1,
            "input": 20000.0,
            "run_time": 1002951.0,
            "start_time": 1679756192657999752,
            "stop_time": 1679756192659002703,
            "ram_samples": [],
            "cpu_samples": [
                0.0,
                0.0,
                0.0,
                0.0,
                0.0,
                100.0,
                0.0,
                0.0,
                0.0,
                0.0,
                0.0,
                0.0,
                0.0,
                0.0,
                0.0,
                0.0
            ],
            "average_cpu_busy": 1.0029509999999999e-06,
            "user_cpu_time": 0.002375,
            "sys_cpu_time": 0.0,
            "total_cpu_time": 0.002375,
            "max_rss": 18404,
            "exit_code": 0,
            "failed": false
        },
        {
            "index": 2,
            "input": 20000.0,
            "run_time": 984426.0,
            "start_time": 1679756192663524404,
            "stop_time": 1679756192664508830,
            "ram_samples": [],
            "cpu_samples": [
                0.0,
                0.0,
                0.0,
                0.0,
                0.0,
                0.0,
                0.0,
                0.0,
                0.0,
                0.0,
                0.0,
                0.0,
                0.0,
                0.0,
                0.0,
                0.0
            ],
            "average_cpu_busy": 0.0,
            "user_cpu_time": 0.002293,
            "sys_cpu_time": 0.0,
            "total_cpu_time": 0.002293,
            "max_rss": 18404,
            "exit_code": 0,
            "failed": false
        },
        {
            "index": 3,
            "input": 20000.0,
            "run_time": 1019792.0,
            "start_time": 1679756192669015293,
            "stop_time": 1679756192670035085,
            "ram_samples": [],
            "cpu_samples": [
                0.0,
                0.0,
                0.0,
                0.0,
                0.0,
                0.0,
                0.0,
                0.0,
                0.0,
                0.0,
                0.0,
                0.0,
                0.0,
                0.0,
                0.0,
                0.0
            ],
            "average_cpu_busy": 0.0,
            "user_cpu_time": 0.0024029999999999998,
            "sys_cpu_time": 0.0,
            "total_cpu_time": 0.0024029999999999998,
            "max_rss": 18404,
            "exit_code": 0,
            "failed": false
        },
        {
            "index": 4,
            "input": 20000.0,
            "run_time": 965030.0,
            "start_time": 1679756192674663857,
            "stop_time": 1679756192675628887,
            "ram_samples": [],
            "cpu_samples": [
                0.0,
                0.0,
                0.0,
                0.0,
                0.0,
                0.0,
                0.0,
                0.0,
                0.0,
                0.0,
                0.0,
                0.0,
                0.0,
                0.0,
                0.0,
                0.0
            ],
            "average_cpu_busy": 0.0,
            "user_cpu_time": 0.002177,
            "sys_cpu_time": 0.0,
            "total_cpu_time": 0.002177,
            "max_rss": 18408,
            "exit_code": 0,
            "failed": false
        },
        {
            "index": 5,
            "input": 20000.0,
            "run_time": 971742.0,
            "start_time": 1679756192680069576,
            "stop_time": 1679756192681041318,
            "ram_samples": [],
            "cpu_samples": [
                0.0,
                0.0,
                0.0,
                0.0,
                0.0,
                0.0,
                0.0,
                0.0,
                0.0,
                0.0,
                0.0,
                0.0,
                0.0,
                0.0,
                0.0,
                0.0
            ],
            "average_cpu_busy": 0.0,
            "user_cpu_time": 0.002302,
            "sys_cpu_time": 0.0,
            "total_cpu_time": 0.002302,
            "max_rss": 18408,
            "exit_code": 0,
            "failed": false
        }
    ]
}