{
    "bench": "nbody-3.cpp",
    "language": "cpp",
    "input": 30000.0,
    "average_run_time": 913358.3333333334,
    "maximum_run_time": 1123387.0,
    "minimum_run_time": 832171.0,
    "average_cpu_time": 0.0027189999999999996,
    "minimum_cpu_time": 0.0026609999999999997,
    "maximum_cpu_time": 0.0028009999999999997,
    "average_cpu_busy": 0,
    "average_ram_load": 0,
    "run_results": [
        {
            "index": 0,
            "input": 30000.0,
            "run_time": 1123387.0,
            "start_time": 1680003232220315419,
            "stop_time": 1680003232221438806,
            "ram_samples": [],
            "cpu_samples": [
                0.0,
                0.0,
                0.0,
                0.0,
                0.0,
                0.0,
                0.0,
                0.0,
                0.0,
                0.0,
                0.0,
                0.0,
                0.0,
                0.0,
                0.0,
                0.0
            ],
            "average_cpu_busy": 0.0,
            "user_cpu_time": 0.0026869999999999997,
            "sys_cpu_time": 0.0,
            "total_cpu_time": 0.0026869999999999997,
            "max_rss": 19556,
            "exit_code": 0,
            "failed": false
        },
        {
            "index": 1,
            "input": 30000.0,
            "run_time": 858300.0,
            "start_time": 1680003232226573467,
            "stop_time": 1680003232227431767,
            "ram_samples": [],
            "cpu_samples": [
                0.0,
                0.0,
                0.0,
                0.0,
                0.0,
                0.0,
                0.0,
                0.0,
                0.0,
                0.0,
                0.0,
                0.0,
                0.0,
                0.0,
                0.0,
                0.0
            ],
            "average_cpu_busy": 0.0,
            "user_cpu_time": 0.002683,
            "sys_cpu_time": 0.0,
            "total_cpu_time": 0.002683,
            "max_rss": 19560,
            "exit_code": 0,
            "failed": false
        },
        {
            "index": 2,
            "input": 30000.0,
            "run_time": 881514.0,
            "start_time": 1680003232232477089,
            "stop_time": 1680003232233358603,
            "ram_samples": [],
            "cpu_samples": [
                0.0,
                0.0,
                0.0,
                0.0,
                0.0,
                0.0,
                0.0,
                0.0,
                0.0,
                0.0,
                0.0,
                0.0,
                0.0,
                0.0,
                0.0,
                0.0
            ],
            "average_cpu_busy": 0.0,
            "user_cpu_time": 0.0028009999999999997,
            "sys_cpu_time": 0.0,
            "total_cpu_time": 0.0028009999999999997,
            "max_rss": 19560,
            "exit_code": 0,
            "failed": false
        },
        {
            "index": 3,
            "input": 30000.0,
            "run_time": 872156.0,
            "start_time": 1680003232238770453,
            "stop_time": 1680003232239642609,
            "ram_samples": [],
            "cpu_samples": [
                0.0,
                0.0,
                0.0,
                0.0,
                0.0,
                0.0,
                0.0,
                0.0,
                0.0,
                0.0,
                0.0,
                0.0,
                0.0,
                0.0,
                0.0,
                0.0
            ],
            "average_cpu_busy": 0.0,
            "user_cpu_time": 0.002754,
            "sys_cpu_time": 0.0,
            "total_cpu_time": 0.002754,
            "max_rss": 19564,
            "exit_code": 0,
            "failed": false
        },
        {
            "index": 4,
            "input": 30000.0,
            "run_time": 832171.0,
            "start_time": 1680003232244686940,
            "stop_time": 1680003232245519111,
            "ram_samples": [],
            "cpu_samples": [
                0.0,
                0.0,
                0.0,
                0.0,
                0.0,
                0.0,
                0.0,
                0.0,
                0.0,
                0.0,
                0.0,
                0.0,
                0.0,
                0.0,
                0.0,
                0.0
            ],
            "average_cpu_busy": 0.0,
            "user_cpu_time": 0.002728,
            "sys_cpu_time": 0.0,
            "total_cpu_time": 0.002728,
            "max_rss": 19568,
            "exit_code": 0,
            "failed": false
        },
        {
            "index": 5,
            "input": 30000.0,
            "run_time": 912622.0,
            "start_time": 1680003232250508148,
            "stop_time": 1680003232251420770,
            "ram_samples": [],
            "cpu_samples": [
                0.0,
                0.0,
                0.0,
                0.0,
                0.0,
                0.0,
                0.0,
                0.0,
                0.0,
                0.0,
                0.0,
                0.0,
                0.0,
                0.0,
                0.0,
                0.0
            ],
            "average_cpu_busy": 0.0,
            "user_cpu_time": 0.0026609999999999997,
            "sys_cpu_time": 0.0,
            "total_cpu_time": 0.0026609999999999997,
            "max_rss": 19568,
            "exit_code": 0,
            "failed": false
        }
    ]
}