{
    "bench": "nbody-3.ada",
    "language": "ada",
    "input": 30000.0,
    "average_run_time": 880120.6666666666,
    "maximum_run_time": 948809.0,
    "minimum_run_time": 843382.0,
    "average_cpu_time": 0.004036166666666666,
    "minimum_cpu_time": 0.003877,
    "maximum_cpu_time": 0.0043219999999999995,
    "average_cpu_busy": 0,
    "average_ram_load": 0,
    "run_results": [
        {
            "index": 0,
            "input": 30000.0,
            "run_time": 948809.0,
            "start_time": 1680003237423802803,
            "stop_time": 1680003237424751612,
            "ram_samples": [],
            "cpu_samples": [
                0.0,
                0.0,
                0.0,
                0.0,
                0.0,
                0.0,
                0.0,
                0.0,
                0.0,
                0.0,
                0.0,
                0.0,
                0.0,
                0.0,
                0.0,
                0.0
            ],
            "average_cpu_busy": 0.0,
            "user_cpu_time": 0.0043219999999999995,
            "sys_cpu_time": 0.0,
            "total_cpu_time": 0.0043219999999999995,
            "max_rss": 20536,
            "exit_code": 0,
            "failed": false
        },
        {
            "index": 1,
            "input": 30000.0,
            "run_time": 844123.0,
            "start_time": 1680003237431558740,
            "stop_time": 1680003237432402863,
            "ram_samples": [],
            "cpu_samples": [
                0.0,
                0.0,
                0.0,
                0.0,
                0.0,
                0.0,
                0.0,
                0.0,
                0.0,
                0.0,
                0.0,
                0.0,
                0.0,
                0.0,
                0.0,
                0.0
            ],
            "average_cpu_busy": 0.0,
            "user_cpu_time": 0.004118,
            "sys_cpu_time": 0.0,
            "total_cpu_time": 0.004118,
            "max_rss": 20536,
            "exit_code": 0,
            "failed": false
        },
        {
            "index": 2,
            "input": 30000.0,
            "run_time": 852590.0,
            "start_time": 1680003237438610345,
            "stop_time": 1680003237439462935,
            "ram_samples": [],
            "cpu_samples": [
                0.0,
                0.0,
                0.0,
                0.0,
                0.0,
                0.0,
                0.0,
                0.0,
                0.0,
                0.0,
                0.0,
                0.0,
                0.0,
                0.0,
                0.0,
                0.0
            ],
            "average_cpu_busy": 0.0,
            "user_cpu_time": 0.003877,
            "sys_cpu_time": 0.0,
            "total_cpu_time": 0.003877,
            "max_rss": 20536,
            "exit_code": 0,
            "failed": false
        },
        {
            "index": 3,
            "input": 30000.0,
            "run_time": 936977.0,
            "start_time": 1680003237446057473,
            "stop_time": 1680003237446994450,
            "ram_samples": [],
            "cpu_samples": [
                0.0,
                0.0,
                0.0,
                100.0,
                0.0,
                0.0,
                0.0,
                0.0,
                0.0,
                0.0,
                0.0,
                0.0,
                0.0,
                0.0,
                0.0,
                0.0
            ],
            "average_cpu_busy": 9.36977e-07,
            "user_cpu_time": 0.003941,
            "sys_cpu_time": 0.0,
            "total_cpu_time": 0.003941,
            "max_rss": 20540,
            "exit_code": 0,
            "failed": false
        },
        {
            "index": 4,
            "input": 30000.0,
            "run_time": 843382.0,
            "start_time": 1680003237453723261,
            "stop_time": 1680003237454566643,
            "ram_samples": [],
            "cpu_samples": [
                0.0,
                0.0,
                0.0,
                0.0,
                0.0,
                0.0,
                0.0,
                0.0,
                0.0,
                0.0,
                0.0,
                0.0,
                0.0,
                0.0,
                0.0,
                0.0
            ],
            "average_cpu_busy": 0.0,
            "user_cpu_time": 0.003946,
            "sys_cpu_time": 0.0,
            "total_cpu_time": 0.003946,
            "max_rss": 20540,
            "exit_code": 0,
            "failed": false
        },
        {
            "index": 5,
            "input": 30000.0,
            "run_time": 854843.0,
            "start_time": 1680003237461379591,
            "stop_time": 1680003237462234434,
            "ram_samples": [],
            "cpu_samples": [
                0.0,
                0.0,
                0.0,
                0.0,
                0.0,
                0.0,
                0.0,
                0.0,
                0.0,
                0.0,
                0.0,
                0.0,
                0.0,
                0.0,
                0.0,
                0.0
            ],
            "average_cpu_busy": 0.0,
            "user_cpu_time": 0.004013,
            "sys_cpu_time": 0.0,
            "total_cpu_time": 0.004013,
            "max_rss": 20540,
            "exit_code": 0,
            "failed": false
        }
    ]
}