{
    "bench": "nbody-3.c",
    "language": "c",
    "input": 20000.0,
    "average_run_time": 914472.0,
    "maximum_run_time": 1067933.0,
    "minimum_run_time": 868319.0,
    "average_cpu_time": 0.0024045,
    "minimum_cpu_time": 0.00231,
    "maximum_cpu_time": 0.002493,
    "average_cpu_busy": 0,
    "average_ram_load": 0,
    "run_results": [
        {
            "index": 0,
            "input": 20000.0,
            "run_time": 1067933.0,
            "start_time": 1680003233941915474,
            "stop_time": 1680003233942983407,
            "ram_samples": [],
            "cpu_samples": [
                0.0,
                0.0,
                0.0,
                0.0,
                0.0,
                0.0,
                0.0,
                0.0,
                0.0,
                0.0,
                0.0,
                0.0,
                0.0,
                0.0,
                0.0,
                0.0
            ],
            "average_cpu_busy": 0.0,
            "user_cpu_time": 0.002389,
            "sys_cpu_time": 0.0,
            "total_cpu_time": 0.002389,
            "max_rss": 19904,
            "exit_code": 0,
            "failed": false
        },
        {
            "index": 1,
            "input": 20000.0,
            "run_time": 873409.0,
            "start_time": 1680003233948027627,
            "stop_time": 1680003233948901036,
            "ram_samples": [],
            "cpu_samples": [
                0.0,
                0.0,
                0.0,
                0.0,
                0.0,
                0.0,
                0.0,
                0.0,
                0.0,
                0.0,
                0.0,
                0.0,
                0.0,
                0.0,
                0.0,
                0.0
            ],
            "average_cpu_busy": 0.0,
            "user_cpu_time": 0.0024089999999999997,
            "sys_cpu_time": 0.0,
            "total_cpu_time": 0.0024089999999999997,
            "max_rss": 19904,
            "exit_code": 0,
            "failed": false
        },
        {
            "index": 2,
            "input": 20000.0,
            "run_time": 880021.0,
            "start_time": 1680003233953734451,
            "stop_time": 1680003233954614472,
            "ram_samples": [],
            "cpu_samples": [
                0.0,
                0.0,
                0.0,
                0.0,
                0.0,
                0.0,
                0.0,
                0.0,
                0.0,
                0.0,
                0.0,
                0.0,
                0.0,
                0.0,
                0.0,
                0.0
            ],
            "average_cpu_busy": 0.0,
            "user_cpu_time": 0.0,
            "sys_cpu_time": 0.0023899999999999998,
            "total_cpu_time": 0.0023899999999999998,
            "max_rss": 19904,
            "exit_code": 0,
            "failed": false
        },
        {
            "index": 3,
            "input": 20000.0,
            "run_time": 883657.0,
            "start_time": 1680003233959772065,
            "stop_time": 1680003233960655722,
            "ram_samples": [],
            "cpu_samples": [
                0.0,
                0.0,
                0.0,
                0.0,
                0.0,
                0.0,
                0.0,
                0.0,
                0.0,
                0.0,
                0.0,
                0.0,
                0.0,
                0.0,
                0.0,
                0.0
            ],
            "average_cpu_busy": 0.0,
            "user_cpu_time": 0.002436,
            "sys_cpu_time": 0.0,
            "total_cpu_time": 0.002436,
            "max_rss": 19908,
            "exit_code": 0,
            "failed": false
        },
        {
            "index": 4,
            "input": 20000.0,
            "run_time": 868319.0,
            "start_time": 1680003233965333766,
            "stop_time": 1680003233966202085,
            "ram_samples": [],
            "cpu_samples": [
                0.0,
                0.0,
                0.0,
                0.0,
                0.0,
                0.0,
                0.0,
                0.0,
                0.0,
                0.0,
                0.0,
                0.0,
                0.0,
                0.0,
                0.0,
                0.0
            ],
            "average_cpu_busy": 0.0,
            "user_cpu_time": 0.00231,
            "sys_cpu_time": 0.0,
            "total_cpu_time": 0.00231,
            "max_rss": 19908,
            "exit_code": 0,
            "failed": false
        },
        {
            "index": 5,
            "input": 20000.0,
            "run_time": 913493.0,
            "start_time": 1680003233971068993,
            "stop_time": 1680003233971982486,
            "ram_samples": [],
            "cpu_samples": [
                0.0,
                0.0,
                0.0,
                0.0,
                0.0,
                0.0,
                0.0,
                0.0,
                0.0,
                0.0,
                0.0,
                0.0,
                0.0,
                0.0,
                0.0,
                0.0
            ],
            "average_cpu_busy": 0.0,
            "user_cpu_time": 0.002493,
            "sys_cpu_time": 0.0,
            "total_cpu_time": 0.002493,
            "max_rss": 19912,
            "exit_code": 0,
            "failed": false
        }
    ]
}