{
    "bench": "nbody-4.rust",
    "language": "rust",
    "input": 20000.0,
    "average_runtime": 858540.3333333334,
    "average_cpu_busy": 0.0,
    "average_ram_load": 0,
    "run_results": [
        {
            "index": 0,
            "input": 20000.0,
            "run_time": 810791.0,
            "start_time": 1679835067944106092,
            "stop_time": 1679835067944916883,
            "ram_samples": [],
            "cpu_samples": [
                0.0,
                0.0,
                0.0,
                0.0,
                0.0,
                0.0,
                0.0,
                0.0,
                0.0,
                0.0,
                0.0,
                0.0,
                0.0,
                0.0,
                0.0,
                0.0
            ],
            "average_cpu_busy": 0.0,
            "user_cpu_time": 0.0016589999999999999,
            "sys_cpu_time": 0.0,
            "total_cpu_time": 0.0016589999999999999,
            "max_rss": 18136,
            "exit_code": 0,
            "failed": false
        },
        {
            "index": 1,
            "input": 20000.0,
            "run_time": 1027908.0,
            "start_time": 1679835067949208382,
            "stop_time": 1679835067950236290,
            "ram_samples": [],
            "cpu_samples": [
                0.0,
                0.0,
                0.0,
                0.0,
                0.0,
                0.0,
                0.0,
                0.0,
                0.0,
                0.0,
                0.0,
                0.0,
                0.0,
                0.0,
                0.0,
                0.0
            ],
            "average_cpu_busy": 0.0,
            "user_cpu_time": 0.001826,
            "sys_cpu_time": 0.0,
            "total_cpu_time": 0.001826,
            "max_rss": 18136,
            "exit_code": 0,
            "failed": false
        },
        {
            "index": 2,
            "input": 20000.0,
            "run_time": 821431.0,
            "start_time": 1679835067954890559,
            "stop_time": 1679835067955711990,
            "ram_samples": [],
            "cpu_samples": [
                0.0,
                0.0,
                0.0,
                0.0,
                0.0,
                0.0,
                0.0,
                0.0,
                0.0,
                0.0,
                0.0,
                0.0,
                0.0,
                0.0,
                0.0,
                0.0
            ],
            "average_cpu_busy": 0.0,
            "user_cpu_time": 0.0016719999999999999,
            "sys_cpu_time": 0.0,
            "total_cpu_time": 0.0016719999999999999,
            "max_rss": 18136,
            "exit_code": 0,
            "failed": false
        },
        {
            "index": 3,
            "input": 20000.0,
            "run_time": 815990.0,
            "start_time": 1679835067959869788,
            "stop_time": 1679835067960685778,
            "ram_samples": [],
            "cpu_samples": [
                0.0,
                0.0,
                0.0,
                0.0,
                0.0,
                0.0,
                0.0,
                0.0,
                0.0,
                0.0,
                0.0,
                0.0,
                0.0,
                0.0,
                0.0,
                0.0
            ],
            "average_cpu_busy": 0.0,
            "user_cpu_time": 0.0016749999999999998,
            "sys_cpu_time": 0.0,
            "total_cpu_time": 0.0016749999999999998,
            "max_rss": 18136,
            "exit_code": 0,
            "failed": false
        },
        {
            "index": 4,
            "input": 20000.0,
            "run_time": 875312.0,
            "start_time": 1679835067964472440,
            "stop_time": 1679835067965347752,
            "ram_samples": [],
            "cpu_samples": [
                0.0,
                0.0,
                0.0,
                0.0,
                0.0,
                0.0,
                0.0,
                0.0,
                0.0,
                0.0,
                0.0,
                0.0,
                0.0,
                0.0,
                0.0,
                0.0
            ],
            "average_cpu_busy": 0.0,
            "user_cpu_time": 0.0017109999999999998,
            "sys_cpu_time": 0.0,
            "total_cpu_time": 0.0017109999999999998,
            "max_rss": 18136,
            "exit_code": 0,
            "failed": false
        },
        {
            "index": 5,
            "input": 20000.0,
            "run_time": 799810.0,
            "start_time": 1679835067969346011,
            "stop_time": 1679835067970145821,
            "ram_samples": [],
            "cpu_samples": [
                0.0,
                0.0,
                0.0,
                0.0,
                0.0,
                0.0,
                0.0,
                0.0,
                0.0,
                0.0,
                0.0,
                0.0,
                0.0,
                0.0,
                0.0,
                0.0
            ],
            "average_cpu_busy": 0.0,
            "user_cpu_time": 0.001663,
            "sys_cpu_time": 0.0,
            "total_cpu_time": 0.001663,
            "max_rss": 18140,
            "exit_code": 0,
            "failed": false
        }
    ],
    "maximum_runtime": 1027908.0,
    "minimum_runtime": 799810.0
}