{
    "bench": "nbody-2.java",
    "language": "java",
    "input": 10000.0,
    "average_run_time": 1120222.8333333333,
    "maximum_run_time": 1138445.0,
    "minimum_run_time": 1096837.0,
    "average_cpu_time": 0.020231000000000002,
    "minimum_cpu_time": 0.019402,
    "maximum_cpu_time": 0.020625,
    "average_cpu_busy": 0,
    "average_ram_load": 0,
    "run_results": [
        {
            "index": 0,
            "input": 10000.0,
            "run_time": 1096837.0,
            "start_time": 1679838019292231671,
            "stop_time": 1679838019293328508,
            "ram_samples": [],
            "cpu_samples": [
                0.0,
                0.0,
                0.0,
                0.0,
                0.0,
                0.0,
                0.0,
                0.0,
                0.0,
                0.0,
                0.0,
                0.0,
                0.0,
                0.0,
                0.0,
                0.0
            ],
            "average_cpu_busy": 0.0,
            "user_cpu_time": 0.014551999999999999,
            "sys_cpu_time": 0.00485,
            "total_cpu_time": 0.019402,
            "max_rss": 38016,
            "exit_code": 256,
            "failed": false
        },
        {
            "index": 1,
            "input": 10000.0,
            "run_time": 1132203.0,
            "start_time": 1679838019313498098,
            "stop_time": 1679838019314630301,
            "ram_samples": [],
            "cpu_samples": [
                0.0,
                0.0,
                0.0,
                0.0,
                0.0,
                0.0,
                0.0,
                0.0,
                0.0,
                0.0,
                0.0,
                0.0,
                0.0,
                0.0,
                0.0,
                0.0
            ],
            "average_cpu_busy": 0.0,
            "user_cpu_time": 0.013588999999999999,
            "sys_cpu_time": 0.006794,
            "total_cpu_time": 0.020383,
            "max_rss": 38016,
            "exit_code": 256,
            "failed": false
        },
        {
            "index": 2,
            "input": 10000.0,
            "run_time": 1117276.0,
            "start_time": 1679838019335346586,
            "stop_time": 1679838019336463862,
            "ram_samples": [],
            "cpu_samples": [
                0.0,
                0.0,
                0.0,
                0.0,
                0.0,
                0.0,
                0.0,
                0.0,
                0.0,
                0.0,
                0.0,
                0.0,
                0.0,
                0.0,
                0.0,
                0.0
            ],
            "average_cpu_busy": 0.0,
            "user_cpu_time": 0.015423999999999998,
            "sys_cpu_time": 0.005141,
            "total_cpu_time": 0.020565,
            "max_rss": 38144,
            "exit_code": 256,
            "failed": false
        },
        {
            "index": 3,
            "input": 10000.0,
            "run_time": 1138445.0,
            "start_time": 1679838019356988848,
            "stop_time": 1679838019358127293,
            "ram_samples": [],
            "cpu_samples": [
                0.0,
                0.0,
                0.0,
                0.0,
                0.0,
                0.0,
                0.0,
                0.0,
                0.0,
                0.0,
                0.0,
                0.0,
                0.0,
                0.0,
                0.0,
                0.0
            ],
            "average_cpu_busy": 0.0,
            "user_cpu_time": 0.017041,
            "sys_cpu_time": 0.003408,
            "total_cpu_time": 0.020449000000000002,
            "max_rss": 38144,
            "exit_code": 256,
            "failed": false
        },
        {
            "index": 4,
            "input": 10000.0,
            "run_time": 1123127.0,
            "start_time": 1679838019379508114,
            "stop_time": 1679838019380631241,
            "ram_samples": [],
            "cpu_samples": [
                0.0,
                0.0,
                0.0,
                0.0,
                0.0,
                0.0,
                0.0,
                0.0,
                0.0,
                0.0,
                0.0,
                0.0,
                0.0,
                0.0,
                0.0,
                0.0
            ],
            "average_cpu_busy": 0.0,
            "user_cpu_time": 0.0165,
            "sys_cpu_time": 0.004125,
            "total_cpu_time": 0.020625,
            "max_rss": 38016,
            "exit_code": 256,
            "failed": false
        },
        {
            "index": 5,
            "input": 10000.0,
            "run_time": 1113449.0,
            "start_time": 1679838019402116608,
            "stop_time": 1679838019403230057,
            "ram_samples": [],
            "cpu_samples": [
                0.0,
                0.0,
                0.0,
                0.0,
                0.0,
                0.0,
                0.0,
                0.0,
                0.0,
                0.0,
                0.0,
                0.0,
                0.0,
                0.0,
                0.0,
                0.0
            ],
            "average_cpu_busy": 0.0,
            "user_cpu_time": 0.014972,
            "sys_cpu_time": 0.00499,
            "total_cpu_time": 0.019962,
            "max_rss": 37888,
            "exit_code": 256,
            "failed": false
        }
    ]
}