{
    "bench": "nbody-3.ada",
    "language": "ada",
    "input": 20000.0,
    "average_run_time": 912439.5,
    "maximum_run_time": 931758.0,
    "minimum_run_time": 891191.0,
    "average_cpu_time": 0.0028946666666666665,
    "minimum_cpu_time": 0.0027719999999999997,
    "maximum_cpu_time": 0.0030399999999999997,
    "average_cpu_busy": 0,
    "average_ram_load": 0,
    "run_results": [
        {
            "index": 0,
            "input": 20000.0,
            "run_time": 927930.0,
            "start_time": 1680003237383801107,
            "stop_time": 1680003237384729037,
            "ram_samples": [],
            "cpu_samples": [
                0.0,
                0.0,
                0.0,
                0.0,
                0.0,
                0.0,
                0.0,
                0.0,
                0.0,
                0.0,
                0.0,
                0.0,
                0.0,
                0.0,
                0.0,
                0.0
            ],
            "average_cpu_busy": 0.0,
            "user_cpu_time": 0.002875,
            "sys_cpu_time": 0.0,
            "total_cpu_time": 0.002875,
            "max_rss": 20516,
            "exit_code": 0,
            "failed": false
        },
        {
            "index": 1,
            "input": 20000.0,
            "run_time": 931758.0,
            "start_time": 1680003237390215998,
            "stop_time": 1680003237391147756,
            "ram_samples": [],
            "cpu_samples": [
                0.0,
                0.0,
                0.0,
                0.0,
                0.0,
                0.0,
                0.0,
                0.0,
                0.0,
                0.0,
                0.0,
                0.0,
                0.0,
                0.0,
                100.0,
                0.0
            ],
            "average_cpu_busy": 9.31758e-07,
            "user_cpu_time": 0.0030399999999999997,
            "sys_cpu_time": 0.0,
            "total_cpu_time": 0.0030399999999999997,
            "max_rss": 20516,
            "exit_code": 0,
            "failed": false
        },
        {
            "index": 2,
            "input": 20000.0,
            "run_time": 903594.0,
            "start_time": 1680003237397137170,
            "stop_time": 1680003237398040764,
            "ram_samples": [],
            "cpu_samples": [
                0.0,
                0.0,
                0.0,
                0.0,
                0.0,
                0.0,
                0.0,
                0.0,
                0.0,
                0.0,
                0.0,
                0.0,
                0.0,
                0.0,
                0.0,
                0.0
            ],
            "average_cpu_busy": 0.0,
            "user_cpu_time": 0.0028409999999999998,
            "sys_cpu_time": 0.0,
            "total_cpu_time": 0.0028409999999999998,
            "max_rss": 20516,
            "exit_code": 0,
            "failed": false
        },
        {
            "index": 3,
            "input": 20000.0,
            "run_time": 891191.0,
            "start_time": 1680003237403671876,
            "stop_time": 1680003237404563067,
            "ram_samples": [],
            "cpu_samples": [
                0.0,
                0.0,
                0.0,
                0.0,
                0.0,
                0.0,
                0.0,
                0.0,
                0.0,
                0.0,
                0.0,
                0.0,
                0.0,
                0.0,
                0.0,
                0.0
            ],
            "average_cpu_busy": 0.0,
            "user_cpu_time": 0.0027719999999999997,
            "sys_cpu_time": 0.0,
            "total_cpu_time": 0.0027719999999999997,
            "max_rss": 20516,
            "exit_code": 0,
            "failed": false
        },
        {
            "index": 4,
            "input": 20000.0,
            "run_time": 924394.0,
            "start_time": 1680003237410141400,
            "stop_time": 1680003237411065794,
            "ram_samples": [],
            "cpu_samples": [
                0.0,
                0.0,
                100.0,
                0.0,
                0.0,
                0.0,
                0.0,
                0.0,
                0.0,
                0.0,
                0.0,
                0.0,
                0.0,
                0.0,
                0.0,
                0.0
            ],
            "average_cpu_busy": 9.24394e-07,
            "user_cpu_time": 0.002962,
            "sys_cpu_time": 0.0,
            "total_cpu_time": 0.002962,
            "max_rss": 20516,
            "exit_code": 0,
            "failed": false
        },
        {
            "index": 5,
            "input": 20000.0,
            "run_time": 895770.0,
            "start_time": 1680003237416934681,
            "stop_time": 1680003237417830451,
            "ram_samples": [],
            "cpu_samples": [
                0.0,
                0.0,
                0.0,
                0.0,
                0.0,
                0.0,
                0.0,
                0.0,
                0.0,
                0.0,
                0.0,
                0.0,
                0.0,
                0.0,
                0.0,
                0.0
            ],
            "average_cpu_busy": 0.0,
            "user_cpu_time": 0.002878,
            "sys_cpu_time": 0.0,
            "total_cpu_time": 0.002878,
            "max_rss": 20516,
            "exit_code": 0,
            "failed": false
        }
    ]
}