{
    "bench": "nbody-2.rust",
    "language": "rust",
    "input": 20000.0,
    "average_runtime": 981333.8333333334,
    "average_cpu_busy": 0.0,
    "average_ram_load": 0,
    "run_results": [
        {
            "index": 0,
            "input": 20000.0,
            "run_time": 983705.0,
            "start_time": 1679835070889537800,
            "stop_time": 1679835070890521505,
            "ram_samples": [],
            "cpu_samples": [
                0.0,
                0.0,
                0.0,
                0.0,
                0.0,
                0.0,
                0.0,
                0.0,
                0.0,
                0.0,
                0.0,
                0.0,
                0.0,
                0.0,
                0.0,
                0.0
            ],
            "average_cpu_busy": 0.0,
            "user_cpu_time": 0.0,
            "sys_cpu_time": 0.0017239999999999998,
            "total_cpu_time": 0.0017239999999999998,
            "max_rss": 18420,
            "exit_code": 0,
            "failed": false
        },
        {
            "index": 1,
            "input": 20000.0,
            "run_time": 1044589.0,
            "start_time": 1679835070894812764,
            "stop_time": 1679835070895857353,
            "ram_samples": [],
            "cpu_samples": [
                0.0,
                0.0,
                0.0,
                0.0,
                0.0,
                0.0,
                0.0,
                0.0,
                0.0,
                0.0,
                0.0,
                0.0,
                0.0,
                0.0,
                0.0,
                0.0
            ],
            "average_cpu_busy": 0.0,
            "user_cpu_time": 0.0016929999999999998,
            "sys_cpu_time": 0.0,
            "total_cpu_time": 0.0016929999999999998,
            "max_rss": 18424,
            "exit_code": 0,
            "failed": false
        },
        {
            "index": 2,
            "input": 20000.0,
            "run_time": 1024982.0,
            "start_time": 1679835070900415372,
            "stop_time": 1679835070901440354,
            "ram_samples": [],
            "cpu_samples": [
                0.0,
                0.0,
                0.0,
                0.0,
                0.0,
                0.0,
                0.0,
                0.0,
                0.0,
                0.0,
                0.0,
                0.0,
                0.0,
                0.0,
                0.0,
                0.0
            ],
            "average_cpu_busy": 0.0,
            "user_cpu_time": 0.0016339999999999998,
            "sys_cpu_time": 0.0,
            "total_cpu_time": 0.0016339999999999998,
            "max_rss": 18428,
            "exit_code": 0,
            "failed": false
        },
        {
            "index": 3,
            "input": 20000.0,
            "run_time": 926237.0,
            "start_time": 1679835070905417454,
            "stop_time": 1679835070906343691,
            "ram_samples": [],
            "cpu_samples": [
                0.0,
                0.0,
                0.0,
                0.0,
                0.0,
                0.0,
                0.0,
                0.0,
                0.0,
                0.0,
                0.0,
                0.0,
                0.0,
                0.0,
                0.0,
                0.0
            ],
            "average_cpu_busy": 0.0,
            "user_cpu_time": 0.001847,
            "sys_cpu_time": 0.0,
            "total_cpu_time": 0.001847,
            "max_rss": 18432,
            "exit_code": 0,
            "failed": false
        },
        {
            "index": 4,
            "input": 20000.0,
            "run_time": 1001368.0,
            "start_time": 1679835070910804868,
            "stop_time": 1679835070911806236,
            "ram_samples": [],
            "cpu_samples": [
                0.0,
                0.0,
                0.0,
                0.0,
                0.0,
                0.0,
                0.0,
                0.0,
                0.0,
                0.0,
                0.0,
                0.0,
                0.0,
                0.0,
                0.0,
                0.0
            ],
            "average_cpu_busy": 0.0,
            "user_cpu_time": 0.0017259999999999999,
            "sys_cpu_time": 0.0,
            "total_cpu_time": 0.0017259999999999999,
            "max_rss": 18432,
            "exit_code": 0,
            "failed": false
        },
        {
            "index": 5,
            "input": 20000.0,
            "run_time": 907122.0,
            "start_time": 1679835070915627072,
            "stop_time": 1679835070916534194,
            "ram_samples": [],
            "cpu_samples": [
                0.0,
                0.0,
                0.0,
                0.0,
                0.0,
                0.0,
                0.0,
                0.0,
                0.0,
                0.0,
                0.0,
                0.0,
                0.0,
                0.0,
                0.0,
                0.0
            ],
            "average_cpu_busy": 0.0,
            "user_cpu_time": 0.001787,
            "sys_cpu_time": 0.0,
            "total_cpu_time": 0.001787,
            "max_rss": 18432,
            "exit_code": 0,
            "failed": false
        }
    ],
    "maximum_runtime": 1044589.0,
    "minimum_runtime": 907122.0
}