{
    "bench": "nbody-2.ada",
    "language": "ada",
    "input": 40000.0,
    "average_run_time": 858058.0,
    "maximum_run_time": 879830.0,
    "minimum_run_time": 846327.0,
    "average_cpu_time": 0.003491333333333333,
    "minimum_cpu_time": 0.003408,
    "maximum_cpu_time": 0.0035659999999999997,
    "average_cpu_busy": 0,
    "average_ram_load": 0,
    "run_results": [
        {
            "index": 0,
            "input": 40000.0,
            "run_time": 879830.0,
            "start_time": 1680003234856777854,
            "stop_time": 1680003234857657684,
            "ram_samples": [],
            "cpu_samples": [
                0.0,
                0.0,
                0.0,
                0.0,
                0.0,
                0.0,
                0.0,
                0.0,
                0.0,
                0.0,
                0.0,
                0.0,
                0.0,
                0.0,
                0.0,
                0.0
            ],
            "average_cpu_busy": 0.0,
            "user_cpu_time": 0.0035659999999999997,
            "sys_cpu_time": 0.0,
            "total_cpu_time": 0.0035659999999999997,
            "max_rss": 20116,
            "exit_code": 0,
            "failed": false
        },
        {
            "index": 1,
            "input": 40000.0,
            "run_time": 846327.0,
            "start_time": 1680003234863694306,
            "stop_time": 1680003234864540633,
            "ram_samples": [],
            "cpu_samples": [
                0.0,
                0.0,
                0.0,
                0.0,
                0.0,
                0.0,
                0.0,
                0.0,
                0.0,
                0.0,
                0.0,
                0.0,
                0.0,
                0.0,
                0.0,
                0.0
            ],
            "average_cpu_busy": 0.0,
            "user_cpu_time": 0.003427,
            "sys_cpu_time": 0.0,
            "total_cpu_time": 0.003427,
            "max_rss": 20120,
            "exit_code": 0,
            "failed": false
        },
        {
            "index": 2,
            "input": 40000.0,
            "run_time": 852720.0,
            "start_time": 1680003234870446670,
            "stop_time": 1680003234871299390,
            "ram_samples": [],
            "cpu_samples": [
                0.0,
                0.0,
                0.0,
                0.0,
                0.0,
                0.0,
                0.0,
                0.0,
                0.0,
                0.0,
                0.0,
                0.0,
                0.0,
                0.0,
                0.0,
                0.0
            ],
            "average_cpu_busy": 0.0,
            "user_cpu_time": 0.003408,
            "sys_cpu_time": 0.0,
            "total_cpu_time": 0.003408,
            "max_rss": 20120,
            "exit_code": 0,
            "failed": false
        },
        {
            "index": 3,
            "input": 40000.0,
            "run_time": 860705.0,
            "start_time": 1680003234877311646,
            "stop_time": 1680003234878172351,
            "ram_samples": [],
            "cpu_samples": [
                0.0,
                0.0,
                0.0,
                0.0,
                0.0,
                0.0,
                0.0,
                0.0,
                0.0,
                0.0,
                0.0,
                0.0,
                0.0,
                0.0,
                0.0,
                0.0
            ],
            "average_cpu_busy": 0.0,
            "user_cpu_time": 0.003539,
            "sys_cpu_time": 0.0,
            "total_cpu_time": 0.003539,
            "max_rss": 20120,
            "exit_code": 0,
            "failed": false
        },
        {
            "index": 4,
            "input": 40000.0,
            "run_time": 856968.0,
            "start_time": 1680003234884189676,
            "stop_time": 1680003234885046644,
            "ram_samples": [],
            "cpu_samples": [
                0.0,
                0.0,
                0.0,
                0.0,
                0.0,
                0.0,
                0.0,
                0.0,
                0.0,
                0.0,
                0.0,
                0.0,
                0.0,
                0.0,
                0.0,
                0.0
            ],
            "average_cpu_busy": 0.0,
            "user_cpu_time": 0.0035139999999999998,
            "sys_cpu_time": 0.0,
            "total_cpu_time": 0.0035139999999999998,
            "max_rss": 20124,
            "exit_code": 0,
            "failed": false
        },
        {
            "index": 5,
            "input": 40000.0,
            "run_time": 851798.0,
            "start_time": 1680003234891087734,
            "stop_time": 1680003234891939532,
            "ram_samples": [],
            "cpu_samples": [
                0.0,
                0.0,
                0.0,
                0.0,
                0.0,
                0.0,
                0.0,
                0.0,
                0.0,
                0.0,
                0.0,
                0.0,
                0.0,
                0.0,
                0.0,
                0.0
            ],
            "average_cpu_busy": 0.0,
            "user_cpu_time": 0.0034939999999999997,
            "sys_cpu_time": 0.0,
            "total_cpu_time": 0.0034939999999999997,
            "max_rss": 20124,
            "exit_code": 0,
            "failed": false
        }
    ]
}