{
    "bench": "nbody-4.rust",
    "language": "rust",
    "input": 10000.0,
    "average_runtime": 902290.5,
    "average_cpu_busy": 0.0,
    "average_ram_load": 0,
    "run_results": [
        {
            "index": 0,
            "input": 10000.0,
            "run_time": 1043657.0,
            "start_time": 1679835067918612948,
            "stop_time": 1679835067919656605,
            "ram_samples": [],
            "cpu_samples": [
                0.0,
                0.0,
                0.0,
                0.0,
                0.0,
                0.0,
                0.0,
                0.0,
                0.0,
                0.0,
                0.0,
                0.0,
                0.0,
                0.0,
                0.0,
                0.0
            ],
            "average_cpu_busy": 0.0,
            "user_cpu_time": 0.001292,
            "sys_cpu_time": 0.0,
            "total_cpu_time": 0.001292,
            "max_rss": 18124,
            "exit_code": 0,
            "failed": false
        },
        {
            "index": 1,
            "input": 10000.0,
            "run_time": 958036.0,
            "start_time": 1679835067923234446,
            "stop_time": 1679835067924192482,
            "ram_samples": [],
            "cpu_samples": [
                0.0,
                0.0,
                0.0,
                0.0,
                0.0,
                0.0,
                0.0,
                0.0,
                0.0,
                0.0,
                0.0,
                0.0,
                0.0,
                0.0,
                0.0,
                0.0
            ],
            "average_cpu_busy": 0.0,
            "user_cpu_time": 0.001223,
            "sys_cpu_time": 0.0,
            "total_cpu_time": 0.001223,
            "max_rss": 18124,
            "exit_code": 0,
            "failed": false
        },
        {
            "index": 2,
            "input": 10000.0,
            "run_time": 894829.0,
            "start_time": 1679835067927341849,
            "stop_time": 1679835067928236678,
            "ram_samples": [],
            "cpu_samples": [
                0.0,
                0.0,
                0.0,
                0.0,
                0.0,
                0.0,
                0.0,
                0.0,
                0.0,
                0.0,
                0.0,
                0.0,
                0.0,
                0.0,
                0.0,
                0.0
            ],
            "average_cpu_busy": 0.0,
            "user_cpu_time": 0.001175,
            "sys_cpu_time": 0.0,
            "total_cpu_time": 0.001175,
            "max_rss": 18128,
            "exit_code": 0,
            "failed": false
        },
        {
            "index": 3,
            "input": 10000.0,
            "run_time": 898425.0,
            "start_time": 1679835067931504667,
            "stop_time": 1679835067932403092,
            "ram_samples": [],
            "cpu_samples": [
                0.0,
                0.0,
                0.0,
                0.0,
                0.0,
                0.0,
                0.0,
                0.0,
                0.0,
                0.0,
                0.0,
                0.0,
                0.0,
                0.0,
                0.0,
                0.0
            ],
            "average_cpu_busy": 0.0,
            "user_cpu_time": 0.001112,
            "sys_cpu_time": 0.0,
            "total_cpu_time": 0.001112,
            "max_rss": 18128,
            "exit_code": 0,
            "failed": false
        },
        {
            "index": 4,
            "input": 10000.0,
            "run_time": 790903.0,
            "start_time": 1679835067935429058,
            "stop_time": 1679835067936219961,
            "ram_samples": [],
            "cpu_samples": [
                0.0,
                0.0,
                0.0,
                0.0,
                0.0,
                0.0,
                0.0,
                0.0,
                0.0,
                0.0,
                0.0,
                0.0,
                0.0,
                0.0,
                0.0,
                0.0
            ],
            "average_cpu_busy": 0.0,
            "user_cpu_time": 0.001096,
            "sys_cpu_time": 0.0,
            "total_cpu_time": 0.001096,
            "max_rss": 18132,
            "exit_code": 0,
            "failed": false
        },
        {
            "index": 5,
            "input": 10000.0,
            "run_time": 827893.0,
            "start_time": 1679835067939404844,
            "stop_time": 1679835067940232737,
            "ram_samples": [],
            "cpu_samples": [
                0.0,
                0.0,
                0.0,
                0.0,
                0.0,
                0.0,
                0.0,
                0.0,
                0.0,
                0.0,
                0.0,
                0.0,
                0.0,
                0.0,
                0.0,
                0.0
            ],
            "average_cpu_busy": 0.0,
            "user_cpu_time": 0.001106,
            "sys_cpu_time": 0.0,
            "total_cpu_time": 0.001106,
            "max_rss": 18004,
            "exit_code": 0,
            "failed": false
        }
    ],
    "maximum_runtime": 1043657.0,
    "minimum_runtime": 790903.0
}