{
    "bench": "nbody-3.rust",
    "language": "rust",
    "input": 10000.0,
    "average_runtime": 889414.0,
    "average_cpu_busy": 1.4450883333333334e-07,
    "average_ram_load": 0,
    "run_results": [
        {
            "index": 0,
            "input": 10000.0,
            "run_time": 1034773.0,
            "start_time": 1679663715354094116,
            "stop_time": 1679663715355128889,
            "ram_samples": [],
            "cpu_samples": [
                0.0,
                0.0,
                0.0,
                0.0,
                0.0,
                0.0,
                0.0,
                0.0,
                0.0,
                0.0,
                0.0,
                0.0,
                0.0,
                0.0,
                0.0,
                0.0
            ],
            "average_cpu_busy": 0.0,
            "user_cpu_time": 0.00125,
            "sys_cpu_time": 0.0,
            "total_cpu_time": 0.00125,
            "max_rss": 18400,
            "exit_code": 0,
            "failed": false
        },
        {
            "index": 1,
            "input": 10000.0,
            "run_time": 893554.0,
            "start_time": 1679663715358946468,
            "stop_time": 1679663715359840022,
            "ram_samples": [],
            "cpu_samples": [
                0.0,
                0.0,
                0.0,
                0.0,
                0.0,
                0.0,
                0.0,
                0.0,
                0.0,
                0.0,
                0.0,
                0.0,
                0.0,
                0.0,
                0.0,
                0.0
            ],
            "average_cpu_busy": 0.0,
            "user_cpu_time": 0.001272,
            "sys_cpu_time": 0.0,
            "total_cpu_time": 0.001272,
            "max_rss": 18404,
            "exit_code": 0,
            "failed": false
        },
        {
            "index": 2,
            "input": 10000.0,
            "run_time": 860931.0,
            "start_time": 1679663715363298959,
            "stop_time": 1679663715364159890,
            "ram_samples": [],
            "cpu_samples": [
                0.0,
                0.0,
                0.0,
                0.0,
                0.0,
                0.0,
                0.0,
                0.0,
                0.0,
                0.0,
                0.0,
                0.0,
                0.0,
                0.0,
                0.0,
                0.0
            ],
            "average_cpu_busy": 0.0,
            "user_cpu_time": 0.002241,
            "sys_cpu_time": 0.0,
            "total_cpu_time": 0.002241,
            "max_rss": 18404,
            "exit_code": 0,
            "failed": false
        },
        {
            "index": 3,
            "input": 10000.0,
            "run_time": 831746.0,
            "start_time": 1679663715368610207,
            "stop_time": 1679663715369441953,
            "ram_samples": [],
            "cpu_samples": [
                0.0,
                0.0,
                0.0,
                0.0,
                0.0,
                0.0,
                0.0,
                0.0,
                0.0,
                0.0,
                0.0,
                0.0,
                0.0,
                0.0,
                0.0,
                0.0
            ],
            "average_cpu_busy": 0.0,
            "user_cpu_time": 0.001163,
            "sys_cpu_time": 0.0,
            "total_cpu_time": 0.001163,
            "max_rss": 18408,
            "exit_code": 0,
            "failed": false
        },
        {
            "index": 4,
            "input": 10000.0,
            "run_time": 848427.0,
            "start_time": 1679663715373253893,
            "stop_time": 1679663715374102320,
            "ram_samples": [],
            "cpu_samples": [
                0.0,
                0.0,
                0.0,
                0.0,
                0.0,
                0.0,
                0.0,
                0.0,
                0.0,
                0.0,
                0.0,
                0.0,
                0.0,
                0.0,
                0.0,
                0.0
            ],
            "average_cpu_busy": 0.0,
            "user_cpu_time": 0.0,
            "sys_cpu_time": 0.0012469999999999998,
            "total_cpu_time": 0.0012469999999999998,
            "max_rss": 18408,
            "exit_code": 0,
            "failed": false
        },
        {
            "index": 5,
            "input": 10000.0,
            "run_time": 867053.0,
            "start_time": 1679663715377561387,
            "stop_time": 1679663715378428440,
            "ram_samples": [],
            "cpu_samples": [
                0.0,
                0.0,
                0.0,
                100.0,
                0.0,
                0.0,
                0.0,
                0.0,
                0.0,
                0.0,
                0.0,
                0.0,
                0.0,
                0.0,
                0.0,
                0.0
            ],
            "average_cpu_busy": 8.67053e-07,
            "user_cpu_time": 0.0,
            "sys_cpu_time": 0.00123,
            "total_cpu_time": 0.00123,
            "max_rss": 18408,
            "exit_code": 0,
            "failed": false
        }
    ]
}