{
    "bench": "nbody-3.ada",
    "language": "ada",
    "input": 40000.0,
    "average_run_time": 876021.3333333334,
    "maximum_run_time": 913914.0,
    "minimum_run_time": 845115.0,
    "average_cpu_time": 0.004966333333333334,
    "minimum_cpu_time": 0.004802,
    "maximum_cpu_time": 0.005117,
    "average_cpu_busy": 0,
    "average_ram_load": 0,
    "run_results": [
        {
            "index": 0,
            "input": 40000.0,
            "run_time": 845115.0,
            "start_time": 1680003237469030090,
            "stop_time": 1680003237469875205,
            "ram_samples": [],
            "cpu_samples": [
                0.0,
                0.0,
                0.0,
                0.0,
                0.0,
                0.0,
                0.0,
                0.0,
                0.0,
                0.0,
                0.0,
                0.0,
                0.0,
                0.0,
                0.0,
                0.0
            ],
            "average_cpu_busy": 0.0,
            "user_cpu_time": 0.004802,
            "sys_cpu_time": 0.0,
            "total_cpu_time": 0.004802,
            "max_rss": 20544,
            "exit_code": 0,
            "failed": false
        },
        {
            "index": 1,
            "input": 40000.0,
            "run_time": 858420.0,
            "start_time": 1680003237477106227,
            "stop_time": 1680003237477964647,
            "ram_samples": [],
            "cpu_samples": [
                0.0,
                0.0,
                0.0,
                0.0,
                0.0,
                0.0,
                0.0,
                0.0,
                0.0,
                0.0,
                0.0,
                0.0,
                0.0,
                0.0,
                0.0,
                0.0
            ],
            "average_cpu_busy": 0.0,
            "user_cpu_time": 0.004946,
            "sys_cpu_time": 0.0,
            "total_cpu_time": 0.004946,
            "max_rss": 20544,
            "exit_code": 0,
            "failed": false
        },
        {
            "index": 2,
            "input": 40000.0,
            "run_time": 882766.0,
            "start_time": 1680003237485102555,
            "stop_time": 1680003237485985321,
            "ram_samples": [],
            "cpu_samples": [
                0.0,
                0.0,
                0.0,
                0.0,
                0.0,
                0.0,
                0.0,
                0.0,
                0.0,
                0.0,
                0.0,
                0.0,
                0.0,
                0.0,
                0.0,
                0.0
            ],
            "average_cpu_busy": 0.0,
            "user_cpu_time": 0.0,
            "sys_cpu_time": 0.005117,
            "total_cpu_time": 0.005117,
            "max_rss": 20544,
            "exit_code": 0,
            "failed": false
        },
        {
            "index": 3,
            "input": 40000.0,
            "run_time": 913914.0,
            "start_time": 1680003237493663512,
            "stop_time": 1680003237494577426,
            "ram_samples": [],
            "cpu_samples": [
                0.0,
                0.0,
                0.0,
                0.0,
                0.0,
                0.0,
                0.0,
                0.0,
                0.0,
                0.0,
                0.0,
                0.0,
                0.0,
                0.0,
                0.0,
                0.0
            ],
            "average_cpu_busy": 0.0,
            "user_cpu_time": 0.0025169999999999997,
            "sys_cpu_time": 0.0025169999999999997,
            "total_cpu_time": 0.005033999999999999,
            "max_rss": 20548,
            "exit_code": 0,
            "failed": false
        },
        {
            "index": 4,
            "input": 40000.0,
            "run_time": 863239.0,
            "start_time": 1680003237502892521,
            "stop_time": 1680003237503755760,
            "ram_samples": [],
            "cpu_samples": [
                0.0,
                0.0,
                0.0,
                0.0,
                0.0,
                0.0,
                0.0,
                0.0,
                0.0,
                0.0,
                0.0,
                0.0,
                0.0,
                0.0,
                0.0,
                0.0
            ],
            "average_cpu_busy": 0.0,
            "user_cpu_time": 0.004886,
            "sys_cpu_time": 0.0,
            "total_cpu_time": 0.004886,
            "max_rss": 20548,
            "exit_code": 0,
            "failed": false
        },
        {
            "index": 5,
            "input": 40000.0,
            "run_time": 892674.0,
            "start_time": 1680003237511319126,
            "stop_time": 1680003237512211800,
            "ram_samples": [],
            "cpu_samples": [
                0.0,
                0.0,
                0.0,
                0.0,
                0.0,
                0.0,
                0.0,
                0.0,
                0.0,
                0.0,
                0.0,
                0.0,
                0.0,
                0.0,
                0.0,
                0.0
            ],
            "average_cpu_busy": 0.0,
            "user_cpu_time": 0.005013,
            "sys_cpu_time": 0.0,
            "total_cpu_time": 0.005013,
            "max_rss": 20552,
            "exit_code": 0,
            "failed": false
        }
    ]
}