{
    "bench": "nbody-1.ada",
    "language": "ada",
    "input": 20000.0,
    "average_run_time": 864740.5,
    "maximum_run_time": 907332.0,
    "minimum_run_time": 815610.0,
    "average_cpu_time": 0.0031309999999999997,
    "minimum_cpu_time": 0.0028539999999999998,
    "maximum_cpu_time": 0.003267,
    "average_cpu_busy": 0,
    "average_ram_load": 0,
    "run_results": [
        {
            "index": 0,
            "input": 20000.0,
            "run_time": 864652.0,
            "start_time": 1679838014106179118,
            "stop_time": 1679838014107043770,
            "ram_samples": [],
            "cpu_samples": [
                0.0,
                0.0,
                0.0,
                0.0,
                100.0,
                0.0,
                0.0,
                0.0,
                0.0,
                0.0,
                0.0,
                0.0,
                0.0,
                0.0,
                0.0,
                0.0
            ],
            "average_cpu_busy": 8.646520000000001e-07,
            "user_cpu_time": 0.00326,
            "sys_cpu_time": 0.0,
            "total_cpu_time": 0.00326,
            "max_rss": 18504,
            "exit_code": 0,
            "failed": false
        },
        {
            "index": 1,
            "input": 20000.0,
            "run_time": 907332.0,
            "start_time": 1679838014112844379,
            "stop_time": 1679838014113751711,
            "ram_samples": [],
            "cpu_samples": [
                0.0,
                0.0,
                0.0,
                0.0,
                0.0,
                0.0,
                0.0,
                0.0,
                0.0,
                0.0,
                0.0,
                0.0,
                0.0,
                0.0,
                0.0,
                0.0
            ],
            "average_cpu_busy": 0.0,
            "user_cpu_time": 0.003113,
            "sys_cpu_time": 0.0,
            "total_cpu_time": 0.003113,
            "max_rss": 18504,
            "exit_code": 0,
            "failed": false
        },
        {
            "index": 2,
            "input": 20000.0,
            "run_time": 832541.0,
            "start_time": 1679838014119275732,
            "stop_time": 1679838014120108273,
            "ram_samples": [],
            "cpu_samples": [
                0.0,
                0.0,
                0.0,
                0.0,
                0.0,
                0.0,
                0.0,
                0.0,
                0.0,
                0.0,
                0.0,
                0.0,
                0.0,
                0.0,
                0.0,
                0.0
            ],
            "average_cpu_busy": 0.0,
            "user_cpu_time": 0.0,
            "sys_cpu_time": 0.0028539999999999998,
            "total_cpu_time": 0.0028539999999999998,
            "max_rss": 18504,
            "exit_code": 0,
            "failed": false
        },
        {
            "index": 3,
            "input": 20000.0,
            "run_time": 815610.0,
            "start_time": 1679838014125227785,
            "stop_time": 1679838014126043395,
            "ram_samples": [],
            "cpu_samples": [
                0.0,
                0.0,
                0.0,
                0.0,
                0.0,
                0.0,
                0.0,
                0.0,
                0.0,
                0.0,
                0.0,
                0.0,
                0.0,
                0.0,
                0.0,
                0.0
            ],
            "average_cpu_busy": 0.0,
            "user_cpu_time": 0.003201,
            "sys_cpu_time": 0.0,
            "total_cpu_time": 0.003201,
            "max_rss": 18504,
            "exit_code": 0,
            "failed": false
        },
        {
            "index": 4,
            "input": 20000.0,
            "run_time": 883528.0,
            "start_time": 1679838014131592372,
            "stop_time": 1679838014132475900,
            "ram_samples": [],
            "cpu_samples": [
                0.0,
                0.0,
                0.0,
                0.0,
                0.0,
                0.0,
                0.0,
                0.0,
                0.0,
                0.0,
                0.0,
                0.0,
                0.0,
                0.0,
                0.0,
                0.0
            ],
            "average_cpu_busy": 0.0,
            "user_cpu_time": 0.003091,
            "sys_cpu_time": 0.0,
            "total_cpu_time": 0.003091,
            "max_rss": 18508,
            "exit_code": 0,
            "failed": false
        },
        {
            "index": 5,
            "input": 20000.0,
            "run_time": 884780.0,
            "start_time": 1679838014138085120,
            "stop_time": 1679838014138969900,
            "ram_samples": [],
            "cpu_samples": [
                0.0,
                0.0,
                0.0,
                0.0,
                0.0,
                0.0,
                0.0,
                0.0,
                0.0,
                0.0,
                100.0,
                0.0,
                0.0,
                0.0,
                0.0,
                0.0
            ],
            "average_cpu_busy": 8.847800000000001e-07,
            "user_cpu_time": 0.0,
            "sys_cpu_time": 0.003267,
            "total_cpu_time": 0.003267,
            "max_rss": 18508,
            "exit_code": 0,
            "failed": false
        }
    ]
}