{
    "bench": "nbody-2.ada",
    "language": "ada",
    "input": 10000.0,
    "average_runtime": 951441.3333333334,
    "average_cpu_busy": 0.0,
    "average_ram_load": 0,
    "run_results": [
        {
            "index": 0,
            "input": 10000.0,
            "run_time": 1062723.0,
            "start_time": 1679756192621007651,
            "stop_time": 1679756192622070374,
            "ram_samples": [],
            "cpu_samples": [
                0.0,
                0.0,
                0.0,
                0.0,
                0.0,
                0.0,
                0.0,
                0.0,
                0.0,
                0.0,
                0.0,
                0.0,
                0.0,
                0.0,
                0.0,
                0.0
            ],
            "average_cpu_busy": 0.0,
            "user_cpu_time": 0.0017829999999999999,
            "sys_cpu_time": 0.0,
            "total_cpu_time": 0.0017829999999999999,
            "max_rss": 18380,
            "exit_code": 0,
            "failed": false
        },
        {
            "index": 1,
            "input": 10000.0,
            "run_time": 896541.0,
            "start_time": 1679756192626586194,
            "stop_time": 1679756192627482735,
            "ram_samples": [],
            "cpu_samples": [
                0.0,
                0.0,
                0.0,
                0.0,
                0.0,
                0.0,
                0.0,
                0.0,
                0.0,
                0.0,
                0.0,
                0.0,
                0.0,
                0.0,
                0.0,
                0.0
            ],
            "average_cpu_busy": 0.0,
            "user_cpu_time": 0.001861,
            "sys_cpu_time": 0.0,
            "total_cpu_time": 0.001861,
            "max_rss": 18380,
            "exit_code": 0,
            "failed": false
        },
        {
            "index": 2,
            "input": 10000.0,
            "run_time": 871926.0,
            "start_time": 1679756192631794542,
            "stop_time": 1679756192632666468,
            "ram_samples": [],
            "cpu_samples": [
                0.0,
                0.0,
                0.0,
                0.0,
                0.0,
                0.0,
                0.0,
                0.0,
                0.0,
                0.0,
                0.0,
                0.0,
                0.0,
                0.0,
                0.0,
                0.0
            ],
            "average_cpu_busy": 0.0,
            "user_cpu_time": 0.0017369999999999998,
            "sys_cpu_time": 0.0,
            "total_cpu_time": 0.0017369999999999998,
            "max_rss": 18384,
            "exit_code": 0,
            "failed": false
        },
        {
            "index": 3,
            "input": 10000.0,
            "run_time": 900720.0,
            "start_time": 1679756192636630913,
            "stop_time": 1679756192637531633,
            "ram_samples": [],
            "cpu_samples": [
                0.0,
                0.0,
                0.0,
                0.0,
                0.0,
                0.0,
                0.0,
                0.0,
                0.0,
                0.0,
                0.0,
                0.0,
                0.0,
                0.0,
                0.0,
                0.0
            ],
            "average_cpu_busy": 0.0,
            "user_cpu_time": 0.001749,
            "sys_cpu_time": 0.0,
            "total_cpu_time": 0.001749,
            "max_rss": 18388,
            "exit_code": 0,
            "failed": false
        },
        {
            "index": 4,
            "input": 10000.0,
            "run_time": 1113469.0,
            "start_time": 1679756192641601646,
            "stop_time": 1679756192642715115,
            "ram_samples": [],
            "cpu_samples": [
                0.0,
                0.0,
                0.0,
                0.0,
                0.0,
                0.0,
                0.0,
                0.0,
                0.0,
                0.0,
                0.0,
                0.0,
                0.0,
                0.0,
                0.0,
                0.0
            ],
            "average_cpu_busy": 0.0,
            "user_cpu_time": 0.0,
            "sys_cpu_time": 0.0017079999999999999,
            "total_cpu_time": 0.0017079999999999999,
            "max_rss": 18388,
            "exit_code": 0,
            "failed": false
        },
        {
            "index": 5,
            "input": 10000.0,
            "run_time": 863269.0,
            "start_time": 1679756192647014088,
            "stop_time": 1679756192647877357,
            "ram_samples": [],
            "cpu_samples": [
                0.0,
                0.0,
                0.0,
                0.0,
                0.0,
                0.0,
                0.0,
                0.0,
                0.0,
                0.0,
                0.0,
                0.0,
                0.0,
                0.0,
                0.0,
                0.0
            ],
            "average_cpu_busy": 0.0,
            "user_cpu_time": 0.001473,
            "sys_cpu_time": 0.0,
            "total_cpu_time": 0.001473,
            "max_rss": 18388,
            "exit_code": 0,
            "failed": false
        }
    ]
}