{
    "bench": "nbody-2.c",
    "language": "c",
    "input": 30000.0,
    "average_run_time": 883929.6666666666,
    "maximum_run_time": 1018931.0,
    "minimum_run_time": 845496.0,
    "average_cpu_time": 0.0031161666666666664,
    "minimum_cpu_time": 0.00309,
    "maximum_cpu_time": 0.00314,
    "average_cpu_busy": 0,
    "average_ram_load": 0,
    "run_results": [
        {
            "index": 0,
            "input": 30000.0,
            "run_time": 861316.0,
            "start_time": 1680003236538726168,
            "stop_time": 1680003236539587484,
            "ram_samples": [],
            "cpu_samples": [
                0.0,
                0.0,
                0.0,
                0.0,
                0.0,
                0.0,
                0.0,
                0.0,
                0.0,
                0.0,
                0.0,
                0.0,
                0.0,
                0.0,
                0.0,
                0.0
            ],
            "average_cpu_busy": 0.0,
            "user_cpu_time": 0.00309,
            "sys_cpu_time": 0.0,
            "total_cpu_time": 0.00309,
            "max_rss": 20360,
            "exit_code": 0,
            "failed": false
        },
        {
            "index": 1,
            "input": 30000.0,
            "run_time": 861726.0,
            "start_time": 1680003236545337388,
            "stop_time": 1680003236546199114,
            "ram_samples": [],
            "cpu_samples": [
                0.0,
                0.0,
                0.0,
                0.0,
                0.0,
                0.0,
                0.0,
                0.0,
                0.0,
                0.0,
                0.0,
                0.0,
                0.0,
                0.0,
                0.0,
                0.0
            ],
            "average_cpu_busy": 0.0,
            "user_cpu_time": 0.00314,
            "sys_cpu_time": 0.0,
            "total_cpu_time": 0.00314,
            "max_rss": 20360,
            "exit_code": 0,
            "failed": false
        },
        {
            "index": 2,
            "input": 30000.0,
            "run_time": 845496.0,
            "start_time": 1680003236551793407,
            "stop_time": 1680003236552638903,
            "ram_samples": [],
            "cpu_samples": [
                0.0,
                0.0,
                0.0,
                0.0,
                0.0,
                0.0,
                0.0,
                0.0,
                0.0,
                0.0,
                0.0,
                0.0,
                0.0,
                0.0,
                0.0,
                0.0
            ],
            "average_cpu_busy": 0.0,
            "user_cpu_time": 0.003091,
            "sys_cpu_time": 0.0,
            "total_cpu_time": 0.003091,
            "max_rss": 20360,
            "exit_code": 0,
            "failed": false
        },
        {
            "index": 3,
            "input": 30000.0,
            "run_time": 1018931.0,
            "start_time": 1680003236558314848,
            "stop_time": 1680003236559333779,
            "ram_samples": [],
            "cpu_samples": [
                0.0,
                0.0,
                0.0,
                0.0,
                0.0,
                0.0,
                0.0,
                0.0,
                0.0,
                0.0,
                0.0,
                0.0,
                0.0,
                0.0,
                0.0,
                0.0
            ],
            "average_cpu_busy": 0.0,
            "user_cpu_time": 0.0031179999999999997,
            "sys_cpu_time": 0.0,
            "total_cpu_time": 0.0031179999999999997,
            "max_rss": 20364,
            "exit_code": 0,
            "failed": false
        },
        {
            "index": 4,
            "input": 30000.0,
            "run_time": 869351.0,
            "start_time": 1680003236564997542,
            "stop_time": 1680003236565866893,
            "ram_samples": [],
            "cpu_samples": [
                0.0,
                0.0,
                0.0,
                0.0,
                0.0,
                0.0,
                0.0,
                0.0,
                0.0,
                0.0,
                0.0,
                0.0,
                0.0,
                0.0,
                0.0,
                0.0
            ],
            "average_cpu_busy": 0.0,
            "user_cpu_time": 0.0031209999999999996,
            "sys_cpu_time": 0.0,
            "total_cpu_time": 0.0031209999999999996,
            "max_rss": 20364,
            "exit_code": 0,
            "failed": false
        },
        {
            "index": 5,
            "input": 30000.0,
            "run_time": 846758.0,
            "start_time": 1680003236571488356,
            "stop_time": 1680003236572335114,
            "ram_samples": [],
            "cpu_samples": [
                0.0,
                0.0,
                0.0,
                0.0,
                0.0,
                0.0,
                0.0,
                0.0,
                0.0,
                0.0,
                0.0,
                0.0,
                0.0,
                0.0,
                0.0,
                0.0
            ],
            "average_cpu_busy": 0.0,
            "user_cpu_time": 0.003137,
            "sys_cpu_time": 0.0,
            "total_cpu_time": 0.003137,
            "max_rss": 20364,
            "exit_code": 0,
            "failed": false
        }
    ]
}