{
    "bench": "nbody-3.cpp",
    "language": "cpp",
    "input": 40000.0,
    "average_run_time": 1026600.5,
    "maximum_run_time": 1060680.0,
    "minimum_run_time": 1004254.0,
    "average_cpu_time": 0.0034956666666666665,
    "minimum_cpu_time": 0.0034059999999999997,
    "maximum_cpu_time": 0.003587,
    "average_cpu_busy": 0,
    "average_ram_load": 0,
    "run_results": [
        {
            "index": 0,
            "input": 40000.0,
            "run_time": 1007410.0,
            "start_time": 1680003232257389835,
            "stop_time": 1680003232258397245,
            "ram_samples": [],
            "cpu_samples": [
                0.0,
                0.0,
                0.0,
                0.0,
                0.0,
                0.0,
                0.0,
                0.0,
                0.0,
                0.0,
                0.0,
                0.0,
                0.0,
                0.0,
                0.0,
                0.0
            ],
            "average_cpu_busy": 0.0,
            "user_cpu_time": 0.0034059999999999997,
            "sys_cpu_time": 0.0,
            "total_cpu_time": 0.0034059999999999997,
            "max_rss": 19580,
            "exit_code": 0,
            "failed": false
        },
        {
            "index": 1,
            "input": 40000.0,
            "run_time": 1041072.0,
            "start_time": 1680003232264343187,
            "stop_time": 1680003232265384259,
            "ram_samples": [],
            "cpu_samples": [
                0.0,
                0.0,
                0.0,
                0.0,
                0.0,
                0.0,
                0.0,
                0.0,
                0.0,
                0.0,
                0.0,
                0.0,
                0.0,
                0.0,
                0.0,
                0.0
            ],
            "average_cpu_busy": 0.0,
            "user_cpu_time": 0.00346,
            "sys_cpu_time": 0.0,
            "total_cpu_time": 0.00346,
            "max_rss": 19580,
            "exit_code": 0,
            "failed": false
        },
        {
            "index": 2,
            "input": 40000.0,
            "run_time": 1004254.0,
            "start_time": 1680003232271520127,
            "stop_time": 1680003232272524381,
            "ram_samples": [],
            "cpu_samples": [
                0.0,
                0.0,
                0.0,
                0.0,
                0.0,
                0.0,
                0.0,
                0.0,
                0.0,
                0.0,
                0.0,
                0.0,
                0.0,
                0.0,
                0.0,
                0.0
            ],
            "average_cpu_busy": 0.0,
            "user_cpu_time": 0.0035689999999999997,
            "sys_cpu_time": 0.0,
            "total_cpu_time": 0.0035689999999999997,
            "max_rss": 19580,
            "exit_code": 0,
            "failed": false
        },
        {
            "index": 3,
            "input": 40000.0,
            "run_time": 1060680.0,
            "start_time": 1680003232278803738,
            "stop_time": 1680003232279864418,
            "ram_samples": [],
            "cpu_samples": [
                0.0,
                0.0,
                0.0,
                0.0,
                0.0,
                0.0,
                0.0,
                0.0,
                0.0,
                0.0,
                0.0,
                0.0,
                0.0,
                0.0,
                0.0,
                0.0
            ],
            "average_cpu_busy": 0.0,
            "user_cpu_time": 0.003476,
            "sys_cpu_time": 0.0,
            "total_cpu_time": 0.003476,
            "max_rss": 19580,
            "exit_code": 0,
            "failed": false
        },
        {
            "index": 4,
            "input": 40000.0,
            "run_time": 1023479.0,
            "start_time": 1680003232285829015,
            "stop_time": 1680003232286852494,
            "ram_samples": [],
            "cpu_samples": [
                100.0,
                0.0,
                0.0,
                0.0,
                0.0,
                0.0,
                0.0,
                0.0,
                0.0,
                0.0,
                0.0,
                0.0,
                0.0,
                0.0,
                0.0,
                0.0
            ],
            "average_cpu_busy": 1.023479e-06,
            "user_cpu_time": 0.0,
            "sys_cpu_time": 0.003587,
            "total_cpu_time": 0.003587,
            "max_rss": 19580,
            "exit_code": 0,
            "failed": false
        },
        {
            "index": 5,
            "input": 40000.0,
            "run_time": 1022708.0,
            "start_time": 1680003232292970379,
            "stop_time": 1680003232293993087,
            "ram_samples": [],
            "cpu_samples": [
                0.0,
                0.0,
                0.0,
                0.0,
                0.0,
                0.0,
                0.0,
                0.0,
                0.0,
                0.0,
                0.0,
                0.0,
                0.0,
                0.0,
                0.0,
                0.0
            ],
            "average_cpu_busy": 0.0,
            "user_cpu_time": 0.003476,
            "sys_cpu_time": 0.0,
            "total_cpu_time": 0.003476,
            "max_rss": 19584,
            "exit_code": 0,
            "failed": false
        }
    ]
}