{
    "bench": "nbody-3.java",
    "language": "java",
    "input": 10000.0,
    "average_run_time": 1104291.3333333333,
    "maximum_run_time": 1156359.0,
    "minimum_run_time": 1058225.0,
    "average_cpu_time": 0.019785499999999998,
    "minimum_cpu_time": 0.019437,
    "maximum_cpu_time": 0.020124,
    "average_cpu_busy": 0,
    "average_ram_load": 0,
    "run_results": [
        {
            "index": 0,
            "input": 10000.0,
            "run_time": 1129058.0,
            "start_time": 1680003231280510227,
            "stop_time": 1680003231281639285,
            "ram_samples": [],
            "cpu_samples": [
                0.0,
                0.0,
                0.0,
                0.0,
                0.0,
                0.0,
                0.0,
                0.0,
                0.0,
                0.0,
                0.0,
                0.0,
                0.0,
                0.0,
                0.0,
                0.0
            ],
            "average_cpu_busy": 0.0,
            "user_cpu_time": 0.004915999999999999,
            "sys_cpu_time": 0.014747999999999999,
            "total_cpu_time": 0.019663999999999997,
            "max_rss": 38016,
            "exit_code": 256,
            "failed": false
        },
        {
            "index": 1,
            "input": 10000.0,
            "run_time": 1099332.0,
            "start_time": 1680003231301677558,
            "stop_time": 1680003231302776890,
            "ram_samples": [],
            "cpu_samples": [
                0.0,
                0.0,
                0.0,
                0.0,
                0.0,
                0.0,
                0.0,
                0.0,
                0.0,
                0.0,
                0.0,
                0.0,
                0.0,
                0.0,
                0.0,
                0.0
            ],
            "average_cpu_busy": 0.0,
            "user_cpu_time": 0.010062,
            "sys_cpu_time": 0.010062,
            "total_cpu_time": 0.020124,
            "max_rss": 38016,
            "exit_code": 256,
            "failed": false
        },
        {
            "index": 2,
            "input": 10000.0,
            "run_time": 1089884.0,
            "start_time": 1680003231323500278,
            "stop_time": 1680003231324590162,
            "ram_samples": [],
            "cpu_samples": [
                0.0,
                0.0,
                0.0,
                0.0,
                0.0,
                0.0,
                0.0,
                0.0,
                0.0,
                0.0,
                0.0,
                0.0,
                0.0,
                0.0,
                0.0,
                0.0
            ],
            "average_cpu_busy": 0.0,
            "user_cpu_time": 0.006562999999999999,
            "sys_cpu_time": 0.013125999999999999,
            "total_cpu_time": 0.019688999999999998,
            "max_rss": 37888,
            "exit_code": 256,
            "failed": false
        },
        {
            "index": 3,
            "input": 10000.0,
            "run_time": 1058225.0,
            "start_time": 1680003231344475659,
            "stop_time": 1680003231345533884,
            "ram_samples": [],
            "cpu_samples": [
                0.0,
                0.0,
                0.0,
                0.0,
                0.0,
                0.0,
                0.0,
                0.0,
                0.0,
                0.0,
                0.0,
                0.0,
                0.0,
                0.0,
                0.0,
                0.0
            ],
            "average_cpu_busy": 0.0,
            "user_cpu_time": 0.014875,
            "sys_cpu_time": 0.004958,
            "total_cpu_time": 0.019833,
            "max_rss": 38144,
            "exit_code": 256,
            "failed": false
        },
        {
            "index": 4,
            "input": 10000.0,
            "run_time": 1156359.0,
            "start_time": 1680003231365762604,
            "stop_time": 1680003231366918963,
            "ram_samples": [],
            "cpu_samples": [
                0.0,
                0.0,
                0.0,
                0.0,
                0.0,
                0.0,
                0.0,
                100.0,
                0.0,
                0.0,
                0.0,
                0.0,
                0.0,
                0.0,
                0.0,
                0.0
            ],
            "average_cpu_busy": 1.156359e-06,
            "user_cpu_time": 0.0066549999999999995,
            "sys_cpu_time": 0.013311,
            "total_cpu_time": 0.019965999999999998,
            "max_rss": 38144,
            "exit_code": 256,
            "failed": false
        },
        {
            "index": 5,
            "input": 10000.0,
            "run_time": 1092890.0,
            "start_time": 1680003231387322742,
            "stop_time": 1680003231388415632,
            "ram_samples": [],
            "cpu_samples": [
                0.0,
                0.0,
                0.0,
                0.0,
                0.0,
                0.0,
                0.0,
                0.0,
                0.0,
                0.0,
                0.0,
                0.0,
                0.0,
                0.0,
                0.0,
                0.0
            ],
            "average_cpu_busy": 0.0,
            "user_cpu_time": 0.004859,
            "sys_cpu_time": 0.014577999999999999,
            "total_cpu_time": 0.019437,
            "max_rss": 37888,
            "exit_code": 256,
            "failed": false
        }
    ]
}