{
    "bench": "nbody-2.rust",
    "language": "rust",
    "input": 10000.0,
    "average_runtime": 971813.0,
    "average_cpu_busy": 3.401365e-07,
    "average_ram_load": 0,
    "run_results": [
        {
            "index": 0,
            "input": 10000.0,
            "run_time": 1136422.0,
            "start_time": 1679756192342206519,
            "stop_time": 1679756192343342941,
            "ram_samples": [],
            "cpu_samples": [
                0.0,
                0.0,
                100.0,
                0.0,
                0.0,
                0.0,
                0.0,
                0.0,
                0.0,
                0.0,
                0.0,
                0.0,
                0.0,
                0.0,
                0.0,
                0.0
            ],
            "average_cpu_busy": 1.136422e-06,
            "user_cpu_time": 0.0011279999999999999,
            "sys_cpu_time": 0.0,
            "total_cpu_time": 0.0011279999999999999,
            "max_rss": 18348,
            "exit_code": 0,
            "failed": false
        },
        {
            "index": 1,
            "input": 10000.0,
            "run_time": 877035.0,
            "start_time": 1679756192347180037,
            "stop_time": 1679756192348057072,
            "ram_samples": [],
            "cpu_samples": [
                0.0,
                0.0,
                0.0,
                0.0,
                0.0,
                0.0,
                0.0,
                0.0,
                0.0,
                0.0,
                0.0,
                0.0,
                0.0,
                0.0,
                0.0,
                0.0
            ],
            "average_cpu_busy": 0.0,
            "user_cpu_time": 0.001119,
            "sys_cpu_time": 0.0,
            "total_cpu_time": 0.001119,
            "max_rss": 18348,
            "exit_code": 0,
            "failed": false
        },
        {
            "index": 2,
            "input": 10000.0,
            "run_time": 868439.0,
            "start_time": 1679756192351536218,
            "stop_time": 1679756192352404657,
            "ram_samples": [],
            "cpu_samples": [
                0.0,
                0.0,
                0.0,
                0.0,
                0.0,
                0.0,
                0.0,
                0.0,
                0.0,
                0.0,
                0.0,
                0.0,
                0.0,
                0.0,
                0.0,
                0.0
            ],
            "average_cpu_busy": 0.0,
            "user_cpu_time": 0.001145,
            "sys_cpu_time": 0.0,
            "total_cpu_time": 0.001145,
            "max_rss": 18348,
            "exit_code": 0,
            "failed": false
        },
        {
            "index": 3,
            "input": 10000.0,
            "run_time": 1138115.0,
            "start_time": 1679756192356033062,
            "stop_time": 1679756192357171177,
            "ram_samples": [],
            "cpu_samples": [
                0.0,
                0.0,
                0.0,
                0.0,
                0.0,
                0.0,
                0.0,
                0.0,
                0.0,
                0.0,
                0.0,
                0.0,
                0.0,
                0.0,
                0.0,
                0.0
            ],
            "average_cpu_busy": 0.0,
            "user_cpu_time": 0.001104,
            "sys_cpu_time": 0.0,
            "total_cpu_time": 0.001104,
            "max_rss": 18352,
            "exit_code": 0,
            "failed": false
        },
        {
            "index": 4,
            "input": 10000.0,
            "run_time": 906470.0,
            "start_time": 1679756192360821323,
            "stop_time": 1679756192361727793,
            "ram_samples": [],
            "cpu_samples": [
                0.0,
                0.0,
                0.0,
                0.0,
                0.0,
                0.0,
                0.0,
                0.0,
                0.0,
                0.0,
                0.0,
                0.0,
                0.0,
                0.0,
                0.0,
                0.0
            ],
            "average_cpu_busy": 0.0,
            "user_cpu_time": 0.001555,
            "sys_cpu_time": 0.0,
            "total_cpu_time": 0.001555,
            "max_rss": 18352,
            "exit_code": 0,
            "failed": false
        },
        {
            "index": 5,
            "input": 10000.0,
            "run_time": 904397.0,
            "start_time": 1679756192366011647,
            "stop_time": 1679756192366916044,
            "ram_samples": [],
            "cpu_samples": [
                0.0,
                0.0,
                0.0,
                0.0,
                0.0,
                0.0,
                0.0,
                0.0,
                0.0,
                0.0,
                100.0,
                0.0,
                0.0,
                0.0,
                0.0,
                0.0
            ],
            "average_cpu_busy": 9.04397e-07,
            "user_cpu_time": 0.0,
            "sys_cpu_time": 0.0011179999999999999,
            "total_cpu_time": 0.0011179999999999999,
            "max_rss": 18352,
            "exit_code": 0,
            "failed": false
        }
    ]
}