{
    "bench": "nbody-3.java",
    "language": "java",
    "input": 10000.0,
    "average_runtime": 1238706.6666666667,
    "average_cpu_busy": 3.640363333333333e-07,
    "average_ram_load": 0,
    "run_results": [
        {
            "index": 0,
            "input": 10000.0,
            "run_time": 1084804.0,
            "start_time": 1679835068693108520,
            "stop_time": 1679835068694193324,
            "ram_samples": [],
            "cpu_samples": [
                0.0,
                0.0,
                0.0,
                0.0,
                0.0,
                0.0,
                0.0,
                0.0,
                0.0,
                0.0,
                0.0,
                0.0,
                0.0,
                0.0,
                0.0,
                0.0
            ],
            "average_cpu_busy": 0.0,
            "user_cpu_time": 0.013682999999999999,
            "sys_cpu_time": 0.010262,
            "total_cpu_time": 0.023945,
            "max_rss": 37760,
            "exit_code": 256,
            "failed": false
        },
        {
            "index": 1,
            "input": 10000.0,
            "run_time": 1378426.0,
            "start_time": 1679835068718432446,
            "stop_time": 1679835068719810872,
            "ram_samples": [],
            "cpu_samples": [
                0.0,
                0.0,
                0.0,
                0.0,
                0.0,
                0.0,
                0.0,
                0.0,
                0.0,
                0.0,
                0.0,
                0.0,
                0.0,
                0.0,
                0.0,
                0.0
            ],
            "average_cpu_busy": 0.0,
            "user_cpu_time": 0.007402,
            "sys_cpu_time": 0.014804999999999999,
            "total_cpu_time": 0.022206999999999998,
            "max_rss": 38144,
            "exit_code": 256,
            "failed": false
        },
        {
            "index": 2,
            "input": 10000.0,
            "run_time": 1092109.0,
            "start_time": 1679835068742055493,
            "stop_time": 1679835068743147602,
            "ram_samples": [],
            "cpu_samples": [
                100.0,
                0.0,
                0.0,
                0.0,
                0.0,
                0.0,
                0.0,
                0.0,
                0.0,
                0.0,
                100.0,
                0.0,
                0.0,
                0.0,
                0.0,
                0.0
            ],
            "average_cpu_busy": 2.184218e-06,
            "user_cpu_time": 0.013193999999999999,
            "sys_cpu_time": 0.008796,
            "total_cpu_time": 0.02199,
            "max_rss": 38144,
            "exit_code": 256,
            "failed": false
        },
        {
            "index": 3,
            "input": 10000.0,
            "run_time": 1268519.0,
            "start_time": 1679835068765430234,
            "stop_time": 1679835068766698753,
            "ram_samples": [],
            "cpu_samples": [
                0.0,
                0.0,
                0.0,
                0.0,
                0.0,
                0.0,
                0.0,
                0.0,
                0.0,
                0.0,
                0.0,
                0.0,
                0.0,
                0.0,
                0.0,
                0.0
            ],
            "average_cpu_busy": 0.0,
            "user_cpu_time": 0.0052699999999999995,
            "sys_cpu_time": 0.015809999999999998,
            "total_cpu_time": 0.021079999999999998,
            "max_rss": 38016,
            "exit_code": 256,
            "failed": false
        },
        {
            "index": 4,
            "input": 10000.0,
            "run_time": 1324805.0,
            "start_time": 1679835068789077436,
            "stop_time": 1679835068790402241,
            "ram_samples": [],
            "cpu_samples": [
                0.0,
                0.0,
                0.0,
                0.0,
                0.0,
                0.0,
                0.0,
                0.0,
                0.0,
                0.0,
                0.0,
                0.0,
                0.0,
                0.0,
                0.0,
                0.0
            ],
            "average_cpu_busy": 0.0,
            "user_cpu_time": 0.013267,
            "sys_cpu_time": 0.008845,
            "total_cpu_time": 0.022112,
            "max_rss": 38016,
            "exit_code": 256,
            "failed": false
        },
        {
            "index": 5,
            "input": 10000.0,
            "run_time": 1283577.0,
            "start_time": 1679835068813274650,
            "stop_time": 1679835068814558227,
            "ram_samples": [],
            "cpu_samples": [
                0.0,
                0.0,
                0.0,
                0.0,
                0.0,
                0.0,
                0.0,
                0.0,
                0.0,
                0.0,
                0.0,
                0.0,
                0.0,
                0.0,
                0.0,
                0.0
            ],
            "average_cpu_busy": 0.0,
            "user_cpu_time": 0.010801,
            "sys_cpu_time": 0.010801,
            "total_cpu_time": 0.021602,
            "max_rss": 37760,
            "exit_code": 256,
            "failed": false
        }
    ],
    "maximum_runtime": 1378426.0,
    "minimum_runtime": 1084804.0
}