{
    "bench": "nbody-1.rust",
    "input": 20000.0,
    "average_runtime": 884662.0,
    "average_cpu_busy": 0.0,
    "average_ram_load": 0,
    "run_results": [
        {
            "index": 0,
            "input": 20000.0,
            "run_time": 862905.0,
            "start_time": 1679581691823287791,
            "stop_time": 1679581691824150696,
            "ram_samples": [],
            "cpu_samples": [
                0.0,
                0.0,
                0.0,
                0.0,
                0.0,
                0.0,
                0.0,
                0.0,
                0.0,
                0.0,
                0.0,
                0.0,
                0.0,
                0.0,
                0.0,
                0.0
            ],
            "average_cpu_busy": 0.0,
            "user_cpu_time": 0.002016,
            "sys_cpu_time": 0.0,
            "total_cpu_time": 0.002016,
            "max_rss": 18052,
            "exit_code": 0,
            "failed": false
        },
        {
            "index": 1,
            "input": 20000.0,
            "run_time": 920946.0,
            "start_time": 1679581691828881507,
            "stop_time": 1679581691829802453,
            "ram_samples": [],
            "cpu_samples": [
                0.0,
                0.0,
                0.0,
                0.0,
                0.0,
                0.0,
                0.0,
                0.0,
                0.0,
                0.0,
                0.0,
                0.0,
                0.0,
                0.0,
                0.0,
                0.0
            ],
            "average_cpu_busy": 0.0,
            "user_cpu_time": 0.0020729999999999998,
            "sys_cpu_time": 0.0,
            "total_cpu_time": 0.0020729999999999998,
            "max_rss": 18052,
            "exit_code": 0,
            "failed": false
        },
        {
            "index": 2,
            "input": 20000.0,
            "run_time": 957175.0,
            "start_time": 1679581691834810073,
            "stop_time": 1679581691835767248,
            "ram_samples": [],
            "cpu_samples": [
                0.0,
                0.0,
                0.0,
                0.0,
                0.0,
                0.0,
                0.0,
                0.0,
                0.0,
                0.0,
                0.0,
                0.0,
                0.0,
                0.0,
                0.0,
                0.0
            ],
            "average_cpu_busy": 0.0,
            "user_cpu_time": 0.002088,
            "sys_cpu_time": 0.0,
            "total_cpu_time": 0.002088,
            "max_rss": 18056,
            "exit_code": 0,
            "failed": false
        },
        {
            "index": 3,
            "input": 20000.0,
            "run_time": 851414.0,
            "start_time": 1679581691840567442,
            "stop_time": 1679581691841418856,
            "ram_samples": [],
            "cpu_samples": [
                0.0,
                0.0,
                0.0,
                0.0,
                0.0,
                0.0,
                0.0,
                0.0,
                0.0,
                0.0,
                0.0,
                0.0,
                0.0,
                0.0,
                0.0,
                0.0
            ],
            "average_cpu_busy": 0.0,
            "user_cpu_time": 0.001996,
            "sys_cpu_time": 0.0,
            "total_cpu_time": 0.001996,
            "max_rss": 18056,
            "exit_code": 0,
            "failed": false
        },
        {
            "index": 4,
            "input": 20000.0,
            "run_time": 853548.0,
            "start_time": 1679581691845670854,
            "stop_time": 1679581691846524402,
            "ram_samples": [],
            "cpu_samples": [
                0.0,
                0.0,
                0.0,
                0.0,
                0.0,
                0.0,
                0.0,
                0.0,
                0.0,
                0.0,
                0.0,
                0.0,
                0.0,
                0.0,
                0.0,
                0.0
            ],
            "average_cpu_busy": 0.0,
            "user_cpu_time": 0.0,
            "sys_cpu_time": 0.002049,
            "total_cpu_time": 0.002049,
            "max_rss": 18056,
            "exit_code": 0,
            "failed": false
        },
        {
            "index": 5,
            "input": 20000.0,
            "run_time": 861984.0,
            "start_time": 1679581691850832107,
            "stop_time": 1679581691851694091,
            "ram_samples": [],
            "cpu_samples": [
                0.0,
                0.0,
                0.0,
                0.0,
                0.0,
                0.0,
                0.0,
                0.0,
                0.0,
                0.0,
                0.0,
                0.0,
                0.0,
                0.0,
                0.0,
                0.0
            ],
            "average_cpu_busy": 0.0,
            "user_cpu_time": 0.002043,
            "sys_cpu_time": 0.0,
            "total_cpu_time": 0.002043,
            "max_rss": 18048,
            "exit_code": 0,
            "failed": false
        }
    ]
}