{
    "bench": "nbody-7.c",
    "input": 20000.0,
    "average_runtime": 853195.1666666666,
    "average_cpu_busy": 3.03709e-07,
    "average_ram_load": 0,
    "run_results": [
        {
            "index": 0,
            "input": 20000.0,
            "run_time": 846424.0,
            "start_time": 1679581689201818027,
            "stop_time": 1679581689202664451,
            "ram_samples": [],
            "cpu_samples": [
                0.0,
                0.0,
                0.0,
                0.0,
                0.0,
                0.0,
                0.0,
                0.0,
                0.0,
                0.0,
                0.0,
                0.0,
                0.0,
                0.0,
                0.0,
                0.0
            ],
            "average_cpu_busy": 0.0,
            "user_cpu_time": 0.002183,
            "sys_cpu_time": 0.0,
            "total_cpu_time": 0.002183,
            "max_rss": 17692,
            "exit_code": 0,
            "failed": false
        },
        {
            "index": 1,
            "input": 20000.0,
            "run_time": 883184.0,
            "start_time": 1679581689207010028,
            "stop_time": 1679581689207893212,
            "ram_samples": [],
            "cpu_samples": [
                0.0,
                0.0,
                0.0,
                0.0,
                0.0,
                0.0,
                0.0,
                0.0,
                0.0,
                0.0,
                0.0,
                0.0,
                0.0,
                0.0,
                0.0,
                0.0
            ],
            "average_cpu_busy": 0.0,
            "user_cpu_time": 0.00218,
            "sys_cpu_time": 0.0,
            "total_cpu_time": 0.00218,
            "max_rss": 17692,
            "exit_code": 0,
            "failed": false
        },
        {
            "index": 2,
            "input": 20000.0,
            "run_time": 786309.0,
            "start_time": 1679581689212497152,
            "stop_time": 1679581689213283461,
            "ram_samples": [],
            "cpu_samples": [
                0.0,
                0.0,
                0.0,
                0.0,
                0.0,
                0.0,
                0.0,
                0.0,
                0.0,
                0.0,
                0.0,
                0.0,
                0.0,
                0.0,
                0.0,
                0.0
            ],
            "average_cpu_busy": 0.0,
            "user_cpu_time": 0.002084,
            "sys_cpu_time": 0.0,
            "total_cpu_time": 0.002084,
            "max_rss": 17632,
            "exit_code": 0,
            "failed": false
        },
        {
            "index": 3,
            "input": 20000.0,
            "run_time": 911127.0,
            "start_time": 1679581689217615132,
            "stop_time": 1679581689218526259,
            "ram_samples": [],
            "cpu_samples": [
                0.0,
                0.0,
                100.0,
                0.0,
                0.0,
                0.0,
                0.0,
                0.0,
                0.0,
                0.0,
                0.0,
                100.0,
                0.0,
                0.0,
                0.0,
                0.0
            ],
            "average_cpu_busy": 1.822254e-06,
            "user_cpu_time": 0.0,
            "sys_cpu_time": 0.002163,
            "total_cpu_time": 0.002163,
            "max_rss": 17700,
            "exit_code": 0,
            "failed": false
        },
        {
            "index": 4,
            "input": 20000.0,
            "run_time": 878546.0,
            "start_time": 1679581689222850275,
            "stop_time": 1679581689223728821,
            "ram_samples": [],
            "cpu_samples": [
                0.0,
                0.0,
                0.0,
                0.0,
                0.0,
                0.0,
                0.0,
                0.0,
                0.0,
                0.0,
                0.0,
                0.0,
                0.0,
                0.0,
                0.0,
                0.0
            ],
            "average_cpu_busy": 0.0,
            "user_cpu_time": 0.002149,
            "sys_cpu_time": 0.0,
            "total_cpu_time": 0.002149,
            "max_rss": 17692,
            "exit_code": 0,
            "failed": false
        },
        {
            "index": 5,
            "input": 20000.0,
            "run_time": 813581.0,
            "start_time": 1679581689228178947,
            "stop_time": 1679581689228992528,
            "ram_samples": [],
            "cpu_samples": [
                0.0,
                0.0,
                0.0,
                0.0,
                0.0,
                0.0,
                0.0,
                0.0,
                0.0,
                0.0,
                0.0,
                0.0,
                0.0,
                0.0,
                0.0,
                0.0
            ],
            "average_cpu_busy": 0.0,
            "user_cpu_time": 0.0021379999999999997,
            "sys_cpu_time": 0.0,
            "total_cpu_time": 0.0021379999999999997,
            "max_rss": 17692,
            "exit_code": 0,
            "failed": false
        }
    ]
}