{
    "bench": "nbody-1.cpp",
    "language": "cpp",
    "input": 20000.0,
    "average_runtime": 882000.8333333334,
    "average_cpu_busy": 0.0,
    "average_ram_load": 0,
    "run_results": [
        {
            "index": 0,
            "input": 20000.0,
            "run_time": 857668.0,
            "start_time": 1679756189931469820,
            "stop_time": 1679756189932327488,
            "ram_samples": [],
            "cpu_samples": [
                0.0,
                0.0,
                0.0,
                0.0,
                0.0,
                0.0,
                0.0,
                0.0,
                0.0,
                0.0,
                0.0,
                0.0,
                0.0,
                0.0,
                0.0,
                0.0
            ],
            "average_cpu_busy": 0.0,
            "user_cpu_time": 0.001836,
            "sys_cpu_time": 0.0,
            "total_cpu_time": 0.001836,
            "max_rss": 18096,
            "exit_code": 0,
            "failed": false
        },
        {
            "index": 1,
            "input": 20000.0,
            "run_time": 846007.0,
            "start_time": 1679756189936825154,
            "stop_time": 1679756189937671161,
            "ram_samples": [],
            "cpu_samples": [
                0.0,
                0.0,
                0.0,
                0.0,
                0.0,
                0.0,
                0.0,
                0.0,
                0.0,
                0.0,
                0.0,
                0.0,
                0.0,
                0.0,
                0.0,
                0.0
            ],
            "average_cpu_busy": 0.0,
            "user_cpu_time": 0.001818,
            "sys_cpu_time": 0.0,
            "total_cpu_time": 0.001818,
            "max_rss": 18096,
            "exit_code": 0,
            "failed": false
        },
        {
            "index": 2,
            "input": 20000.0,
            "run_time": 823604.0,
            "start_time": 1679756189941684779,
            "stop_time": 1679756189942508383,
            "ram_samples": [],
            "cpu_samples": [
                0.0,
                0.0,
                0.0,
                0.0,
                0.0,
                0.0,
                0.0,
                0.0,
                0.0,
                0.0,
                0.0,
                0.0,
                0.0,
                0.0,
                0.0,
                0.0
            ],
            "average_cpu_busy": 0.0,
            "user_cpu_time": 0.001834,
            "sys_cpu_time": 0.0,
            "total_cpu_time": 0.001834,
            "max_rss": 18096,
            "exit_code": 0,
            "failed": false
        },
        {
            "index": 3,
            "input": 20000.0,
            "run_time": 931367.0,
            "start_time": 1679756189946550865,
            "stop_time": 1679756189947482232,
            "ram_samples": [],
            "cpu_samples": [
                0.0,
                0.0,
                0.0,
                0.0,
                0.0,
                0.0,
                0.0,
                0.0,
                0.0,
                0.0,
                0.0,
                0.0,
                0.0,
                0.0,
                0.0,
                0.0
            ],
            "average_cpu_busy": 0.0,
            "user_cpu_time": 0.0018449999999999999,
            "sys_cpu_time": 0.0,
            "total_cpu_time": 0.0018449999999999999,
            "max_rss": 18096,
            "exit_code": 0,
            "failed": false
        },
        {
            "index": 4,
            "input": 20000.0,
            "run_time": 897293.0,
            "start_time": 1679756189951984727,
            "stop_time": 1679756189952882020,
            "ram_samples": [],
            "cpu_samples": [
                0.0,
                0.0,
                0.0,
                0.0,
                0.0,
                0.0,
                0.0,
                0.0,
                0.0,
                0.0,
                0.0,
                0.0,
                0.0,
                0.0,
                0.0,
                0.0
            ],
            "average_cpu_busy": 0.0,
            "user_cpu_time": 0.001851,
            "sys_cpu_time": 0.0,
            "total_cpu_time": 0.001851,
            "max_rss": 18096,
            "exit_code": 0,
            "failed": false
        },
        {
            "index": 5,
            "input": 20000.0,
            "run_time": 936066.0,
            "start_time": 1679756189957776710,
            "stop_time": 1679756189958712776,
            "ram_samples": [],
            "cpu_samples": [
                0.0,
                0.0,
                0.0,
                0.0,
                0.0,
                0.0,
                0.0,
                0.0,
                0.0,
                0.0,
                0.0,
                0.0,
                0.0,
                0.0,
                0.0,
                0.0
            ],
            "average_cpu_busy": 0.0,
            "user_cpu_time": 0.00203,
            "sys_cpu_time": 0.0,
            "total_cpu_time": 0.00203,
            "max_rss": 18096,
            "exit_code": 0,
            "failed": false
        }
    ]
}