{
    "bench": "nbody-4.c",
    "language": "c",
    "input": 20000.0,
    "average_runtime": 911653.3333333334,
    "average_cpu_busy": 1.438665e-07,
    "average_ram_load": 0,
    "run_results": [
        {
            "index": 0,
            "input": 20000.0,
            "run_time": 960903.0,
            "start_time": 1679835069759902137,
            "stop_time": 1679835069760863040,
            "ram_samples": [],
            "cpu_samples": [
                0.0,
                0.0,
                0.0,
                0.0,
                0.0,
                0.0,
                0.0,
                0.0,
                0.0,
                0.0,
                0.0,
                0.0,
                0.0,
                0.0,
                0.0,
                0.0
            ],
            "average_cpu_busy": 0.0,
            "user_cpu_time": 0.0016049999999999999,
            "sys_cpu_time": 0.0,
            "total_cpu_time": 0.0016049999999999999,
            "max_rss": 18280,
            "exit_code": 0,
            "failed": false
        },
        {
            "index": 1,
            "input": 20000.0,
            "run_time": 849293.0,
            "start_time": 1679835069765005599,
            "stop_time": 1679835069765854892,
            "ram_samples": [],
            "cpu_samples": [
                0.0,
                0.0,
                0.0,
                0.0,
                0.0,
                0.0,
                0.0,
                0.0,
                0.0,
                0.0,
                0.0,
                0.0,
                0.0,
                0.0,
                0.0,
                0.0
            ],
            "average_cpu_busy": 0.0,
            "user_cpu_time": 0.0014739999999999998,
            "sys_cpu_time": 0.0,
            "total_cpu_time": 0.0014739999999999998,
            "max_rss": 18280,
            "exit_code": 0,
            "failed": false
        },
        {
            "index": 2,
            "input": 20000.0,
            "run_time": 920797.0,
            "start_time": 1679835069769528332,
            "stop_time": 1679835069770449129,
            "ram_samples": [],
            "cpu_samples": [
                0.0,
                0.0,
                0.0,
                0.0,
                0.0,
                0.0,
                0.0,
                0.0,
                0.0,
                0.0,
                0.0,
                0.0,
                0.0,
                0.0,
                0.0,
                0.0
            ],
            "average_cpu_busy": 0.0,
            "user_cpu_time": 0.001594,
            "sys_cpu_time": 0.0,
            "total_cpu_time": 0.001594,
            "max_rss": 18280,
            "exit_code": 0,
            "failed": false
        },
        {
            "index": 3,
            "input": 20000.0,
            "run_time": 863199.0,
            "start_time": 1679835069774254757,
            "stop_time": 1679835069775117956,
            "ram_samples": [],
            "cpu_samples": [
                0.0,
                0.0,
                0.0,
                0.0,
                100.0,
                0.0,
                0.0,
                0.0,
                0.0,
                0.0,
                0.0,
                0.0,
                0.0,
                0.0,
                0.0,
                0.0
            ],
            "average_cpu_busy": 8.63199e-07,
            "user_cpu_time": 0.001504,
            "sys_cpu_time": 0.0,
            "total_cpu_time": 0.001504,
            "max_rss": 18284,
            "exit_code": 0,
            "failed": false
        },
        {
            "index": 4,
            "input": 20000.0,
            "run_time": 993343.0,
            "start_time": 1679835069779246900,
            "stop_time": 1679835069780240243,
            "ram_samples": [],
            "cpu_samples": [
                0.0,
                0.0,
                0.0,
                0.0,
                0.0,
                0.0,
                0.0,
                0.0,
                0.0,
                0.0,
                0.0,
                0.0,
                0.0,
                0.0,
                0.0,
                0.0
            ],
            "average_cpu_busy": 0.0,
            "user_cpu_time": 0.001532,
            "sys_cpu_time": 0.0,
            "total_cpu_time": 0.001532,
            "max_rss": 18284,
            "exit_code": 0,
            "failed": false
        },
        {
            "index": 5,
            "input": 20000.0,
            "run_time": 882385.0,
            "start_time": 1679835069784966147,
            "stop_time": 1679835069785848532,
            "ram_samples": [],
            "cpu_samples": [
                0.0,
                0.0,
                0.0,
                0.0,
                0.0,
                0.0,
                0.0,
                0.0,
                0.0,
                0.0,
                0.0,
                0.0,
                0.0,
                0.0,
                0.0,
                0.0
            ],
            "average_cpu_busy": 0.0,
            "user_cpu_time": 0.001517,
            "sys_cpu_time": 0.0,
            "total_cpu_time": 0.001517,
            "max_rss": 18284,
            "exit_code": 0,
            "failed": false
        }
    ],
    "maximum_runtime": 993343.0,
    "minimum_runtime": 849293.0
}