{
    "bench": "nbody-1.cpp",
    "language": "cpp",
    "input": 50000.0,
    "average_run_time": 829856.6666666666,
    "maximum_run_time": 842029.0,
    "minimum_run_time": 815981.0,
    "average_cpu_time": 0.003952666666666667,
    "minimum_cpu_time": 0.0039049999999999996,
    "maximum_cpu_time": 0.004007,
    "average_cpu_busy": 0,
    "average_ram_load": 0,
    "run_results": [
        {
            "index": 0,
            "input": 50000.0,
            "run_time": 842029.0,
            "start_time": 1680003230850540869,
            "stop_time": 1680003230851382898,
            "ram_samples": [],
            "cpu_samples": [
                0.0,
                0.0,
                0.0,
                0.0,
                0.0,
                0.0,
                0.0,
                0.0,
                0.0,
                0.0,
                0.0,
                0.0,
                0.0,
                0.0,
                0.0,
                0.0
            ],
            "average_cpu_busy": 0.0,
            "user_cpu_time": 0.003968,
            "sys_cpu_time": 0.0,
            "total_cpu_time": 0.003968,
            "max_rss": 19424,
            "exit_code": 0,
            "failed": false
        },
        {
            "index": 1,
            "input": 50000.0,
            "run_time": 821441.0,
            "start_time": 1680003230857674709,
            "stop_time": 1680003230858496150,
            "ram_samples": [],
            "cpu_samples": [
                0.0,
                0.0,
                0.0,
                0.0,
                0.0,
                0.0,
                0.0,
                0.0,
                0.0,
                0.0,
                0.0,
                0.0,
                0.0,
                0.0,
                0.0,
                0.0
            ],
            "average_cpu_busy": 0.0,
            "user_cpu_time": 0.003974,
            "sys_cpu_time": 0.0,
            "total_cpu_time": 0.003974,
            "max_rss": 19424,
            "exit_code": 0,
            "failed": false
        },
        {
            "index": 2,
            "input": 50000.0,
            "run_time": 839775.0,
            "start_time": 1680003230864741604,
            "stop_time": 1680003230865581379,
            "ram_samples": [],
            "cpu_samples": [
                0.0,
                0.0,
                0.0,
                0.0,
                0.0,
                0.0,
                0.0,
                0.0,
                0.0,
                0.0,
                0.0,
                0.0,
                0.0,
                0.0,
                0.0,
                0.0
            ],
            "average_cpu_busy": 0.0,
            "user_cpu_time": 0.003934,
            "sys_cpu_time": 0.0,
            "total_cpu_time": 0.003934,
            "max_rss": 19428,
            "exit_code": 0,
            "failed": false
        },
        {
            "index": 3,
            "input": 50000.0,
            "run_time": 828374.0,
            "start_time": 1680003230872083704,
            "stop_time": 1680003230872912078,
            "ram_samples": [],
            "cpu_samples": [
                0.0,
                0.0,
                0.0,
                0.0,
                0.0,
                0.0,
                0.0,
                0.0,
                0.0,
                0.0,
                0.0,
                0.0,
                0.0,
                0.0,
                0.0,
                0.0
            ],
            "average_cpu_busy": 0.0,
            "user_cpu_time": 0.004007,
            "sys_cpu_time": 0.0,
            "total_cpu_time": 0.004007,
            "max_rss": 19428,
            "exit_code": 0,
            "failed": false
        },
        {
            "index": 4,
            "input": 50000.0,
            "run_time": 831540.0,
            "start_time": 1680003230879423400,
            "stop_time": 1680003230880254940,
            "ram_samples": [],
            "cpu_samples": [
                0.0,
                0.0,
                0.0,
                0.0,
                0.0,
                0.0,
                0.0,
                0.0,
                0.0,
                0.0,
                0.0,
                0.0,
                0.0,
                0.0,
                0.0,
                0.0
            ],
            "average_cpu_busy": 0.0,
            "user_cpu_time": 0.0039049999999999996,
            "sys_cpu_time": 0.0,
            "total_cpu_time": 0.0039049999999999996,
            "max_rss": 19428,
            "exit_code": 0,
            "failed": false
        },
        {
            "index": 5,
            "input": 50000.0,
            "run_time": 815981.0,
            "start_time": 1680003230886644544,
            "stop_time": 1680003230887460525,
            "ram_samples": [],
            "cpu_samples": [
                0.0,
                0.0,
                0.0,
                0.0,
                0.0,
                0.0,
                0.0,
                0.0,
                0.0,
                0.0,
                0.0,
                0.0,
                0.0,
                0.0,
                0.0,
                0.0
            ],
            "average_cpu_busy": 0.0,
            "user_cpu_time": 0.003928,
            "sys_cpu_time": 0.0,
            "total_cpu_time": 0.003928,
            "max_rss": 19428,
            "exit_code": 0,
            "failed": false
        }
    ]
}