{
    "bench": "nbody-3.rust",
    "language": "rust",
    "input": 10000.0,
    "average_run_time": 940273.6666666666,
    "maximum_run_time": 1293316.0,
    "minimum_run_time": 841418.0,
    "average_cpu_time": 0.0015976666666666665,
    "minimum_cpu_time": 0.001173,
    "maximum_cpu_time": 0.002304,
    "average_cpu_busy": 0,
    "average_ram_load": 0,
    "run_results": [
        {
            "index": 0,
            "input": 10000.0,
            "run_time": 1293316.0,
            "start_time": 1679838016702438078,
            "stop_time": 1679838016703731394,
            "ram_samples": [],
            "cpu_samples": [
                0.0,
                0.0,
                0.0,
                0.0,
                0.0,
                0.0,
                0.0,
                0.0,
                0.0,
                0.0,
                0.0,
                0.0,
                0.0,
                0.0,
                0.0,
                0.0
            ],
            "average_cpu_busy": 0.0,
            "user_cpu_time": 0.001282,
            "sys_cpu_time": 0.0,
            "total_cpu_time": 0.001282,
            "max_rss": 18840,
            "exit_code": 0,
            "failed": false
        },
        {
            "index": 1,
            "input": 10000.0,
            "run_time": 864041.0,
            "start_time": 1679838016708012984,
            "stop_time": 1679838016708877025,
            "ram_samples": [],
            "cpu_samples": [
                0.0,
                0.0,
                0.0,
                0.0,
                0.0,
                0.0,
                0.0,
                0.0,
                0.0,
                0.0,
                0.0,
                0.0,
                0.0,
                0.0,
                0.0,
                0.0
            ],
            "average_cpu_busy": 0.0,
            "user_cpu_time": 0.002304,
            "sys_cpu_time": 0.0,
            "total_cpu_time": 0.002304,
            "max_rss": 18840,
            "exit_code": 0,
            "failed": false
        },
        {
            "index": 2,
            "input": 10000.0,
            "run_time": 861276.0,
            "start_time": 1679838016713875860,
            "stop_time": 1679838016714737136,
            "ram_samples": [],
            "cpu_samples": [
                0.0,
                0.0,
                0.0,
                0.0,
                0.0,
                0.0,
                0.0,
                0.0,
                0.0,
                0.0,
                0.0,
                0.0,
                0.0,
                0.0,
                0.0,
                0.0
            ],
            "average_cpu_busy": 0.0,
            "user_cpu_time": 0.0,
            "sys_cpu_time": 0.001173,
            "total_cpu_time": 0.001173,
            "max_rss": 18848,
            "exit_code": 0,
            "failed": false
        },
        {
            "index": 3,
            "input": 10000.0,
            "run_time": 896010.0,
            "start_time": 1679838016718255204,
            "stop_time": 1679838016719151214,
            "ram_samples": [],
            "cpu_samples": [
                0.0,
                0.0,
                0.0,
                0.0,
                0.0,
                0.0,
                0.0,
                0.0,
                0.0,
                0.0,
                0.0,
                0.0,
                0.0,
                0.0,
                0.0,
                0.0
            ],
            "average_cpu_busy": 0.0,
            "user_cpu_time": 0.0013059999999999999,
            "sys_cpu_time": 0.0,
            "total_cpu_time": 0.0013059999999999999,
            "max_rss": 18848,
            "exit_code": 0,
            "failed": false
        },
        {
            "index": 4,
            "input": 10000.0,
            "run_time": 841418.0,
            "start_time": 1679838016722837949,
            "stop_time": 1679838016723679367,
            "ram_samples": [],
            "cpu_samples": [
                0.0,
                0.0,
                0.0,
                0.0,
                0.0,
                0.0,
                0.0,
                0.0,
                0.0,
                0.0,
                0.0,
                0.0,
                0.0,
                0.0,
                0.0,
                0.0
            ],
            "average_cpu_busy": 0.0,
            "user_cpu_time": 0.00124,
            "sys_cpu_time": 0.0,
            "total_cpu_time": 0.00124,
            "max_rss": 18848,
            "exit_code": 0,
            "failed": false
        },
        {
            "index": 5,
            "input": 10000.0,
            "run_time": 885581.0,
            "start_time": 1679838016727290641,
            "stop_time": 1679838016728176222,
            "ram_samples": [],
            "cpu_samples": [
                0.0,
                0.0,
                0.0,
                0.0,
                0.0,
                0.0,
                0.0,
                0.0,
                0.0,
                0.0,
                0.0,
                0.0,
                0.0,
                0.0,
                0.0,
                0.0
            ],
            "average_cpu_busy": 0.0,
            "user_cpu_time": 0.002281,
            "sys_cpu_time": 0.0,
            "total_cpu_time": 0.002281,
            "max_rss": 18848,
            "exit_code": 0,
            "failed": false
        }
    ]
}