{
    "bench": "nbody-4.c",
    "language": "c",
    "input": 20000.0,
    "average_runtime": 873407.1666666666,
    "average_cpu_busy": 0.0,
    "average_ram_load": 0,
    "run_results": [
        {
            "index": 0,
            "input": 20000.0,
            "run_time": 841755.0,
            "start_time": 1679663712831572995,
            "stop_time": 1679663712832414750,
            "ram_samples": [],
            "cpu_samples": [
                0.0,
                0.0,
                0.0,
                0.0,
                0.0,
                0.0,
                0.0,
                0.0,
                0.0,
                0.0,
                0.0,
                0.0,
                0.0,
                0.0,
                0.0,
                0.0
            ],
            "average_cpu_busy": 0.0,
            "user_cpu_time": 0.001403,
            "sys_cpu_time": 0.0,
            "total_cpu_time": 0.001403,
            "max_rss": 18052,
            "exit_code": 0,
            "failed": false
        },
        {
            "index": 1,
            "input": 20000.0,
            "run_time": 1023501.0,
            "start_time": 1679663712836453221,
            "stop_time": 1679663712837476722,
            "ram_samples": [],
            "cpu_samples": [
                0.0,
                0.0,
                0.0,
                0.0,
                0.0,
                0.0,
                0.0,
                0.0,
                0.0,
                0.0,
                0.0,
                0.0,
                0.0,
                0.0,
                0.0,
                0.0
            ],
            "average_cpu_busy": 0.0,
            "user_cpu_time": 0.001984,
            "sys_cpu_time": 0.0,
            "total_cpu_time": 0.001984,
            "max_rss": 18052,
            "exit_code": 0,
            "failed": false
        },
        {
            "index": 2,
            "input": 20000.0,
            "run_time": 862264.0,
            "start_time": 1679663712842004928,
            "stop_time": 1679663712842867192,
            "ram_samples": [],
            "cpu_samples": [
                0.0,
                0.0,
                0.0,
                0.0,
                0.0,
                0.0,
                0.0,
                0.0,
                0.0,
                0.0,
                0.0,
                0.0,
                0.0,
                0.0,
                0.0,
                0.0
            ],
            "average_cpu_busy": 0.0,
            "user_cpu_time": 0.001457,
            "sys_cpu_time": 0.0,
            "total_cpu_time": 0.001457,
            "max_rss": 18064,
            "exit_code": 0,
            "failed": false
        },
        {
            "index": 3,
            "input": 20000.0,
            "run_time": 855221.0,
            "start_time": 1679663712846590823,
            "stop_time": 1679663712847446044,
            "ram_samples": [],
            "cpu_samples": [
                0.0,
                0.0,
                0.0,
                0.0,
                0.0,
                0.0,
                0.0,
                0.0,
                0.0,
                0.0,
                0.0,
                0.0,
                0.0,
                0.0,
                0.0,
                0.0
            ],
            "average_cpu_busy": 0.0,
            "user_cpu_time": 0.002028,
            "sys_cpu_time": 0.0,
            "total_cpu_time": 0.002028,
            "max_rss": 18064,
            "exit_code": 0,
            "failed": false
        },
        {
            "index": 4,
            "input": 20000.0,
            "run_time": 816387.0,
            "start_time": 1679663712851672644,
            "stop_time": 1679663712852489031,
            "ram_samples": [],
            "cpu_samples": [
                0.0,
                0.0,
                0.0,
                0.0,
                0.0,
                0.0,
                0.0,
                0.0,
                0.0,
                0.0,
                0.0,
                0.0,
                0.0,
                0.0,
                0.0,
                0.0
            ],
            "average_cpu_busy": 0.0,
            "user_cpu_time": 0.001475,
            "sys_cpu_time": 0.0,
            "total_cpu_time": 0.001475,
            "max_rss": 18072,
            "exit_code": 0,
            "failed": false
        },
        {
            "index": 5,
            "input": 20000.0,
            "run_time": 841315.0,
            "start_time": 1679663712856200839,
            "stop_time": 1679663712857042154,
            "ram_samples": [],
            "cpu_samples": [
                0.0,
                0.0,
                0.0,
                0.0,
                0.0,
                0.0,
                0.0,
                0.0,
                0.0,
                0.0,
                0.0,
                0.0,
                0.0,
                0.0,
                0.0,
                0.0
            ],
            "average_cpu_busy": 0.0,
            "user_cpu_time": 0.001433,
            "sys_cpu_time": 0.0,
            "total_cpu_time": 0.001433,
            "max_rss": 18068,
            "exit_code": 0,
            "failed": false
        }
    ]
}