{
    "bench": "nbody-1.c",
    "language": "c",
    "input": 50000.0,
    "average_run_time": 911913.8333333334,
    "maximum_run_time": 973657.0,
    "minimum_run_time": 856857.0,
    "average_cpu_time": 0.0051621666666666665,
    "minimum_cpu_time": 0.004778999999999999,
    "maximum_cpu_time": 0.0063349999999999995,
    "average_cpu_busy": 0,
    "average_ram_load": 0,
    "run_results": [
        {
            "index": 0,
            "input": 50000.0,
            "run_time": 856857.0,
            "start_time": 1680003236932061296,
            "stop_time": 1680003236932918153,
            "ram_samples": [],
            "cpu_samples": [
                0.0,
                0.0,
                0.0,
                0.0,
                0.0,
                0.0,
                0.0,
                0.0,
                0.0,
                0.0,
                0.0,
                0.0,
                0.0,
                0.0,
                0.0,
                0.0
            ],
            "average_cpu_busy": 0.0,
            "user_cpu_time": 0.004887,
            "sys_cpu_time": 0.0,
            "total_cpu_time": 0.004887,
            "max_rss": 20476,
            "exit_code": 0,
            "failed": false
        },
        {
            "index": 1,
            "input": 50000.0,
            "run_time": 927901.0,
            "start_time": 1680003236940883102,
            "stop_time": 1680003236941811003,
            "ram_samples": [],
            "cpu_samples": [
                0.0,
                0.0,
                0.0,
                0.0,
                0.0,
                0.0,
                0.0,
                0.0,
                0.0,
                0.0,
                0.0,
                0.0,
                0.0,
                0.0,
                0.0,
                0.0
            ],
            "average_cpu_busy": 0.0,
            "user_cpu_time": 0.004778999999999999,
            "sys_cpu_time": 0.0,
            "total_cpu_time": 0.004778999999999999,
            "max_rss": 20476,
            "exit_code": 0,
            "failed": false
        },
        {
            "index": 2,
            "input": 50000.0,
            "run_time": 876514.0,
            "start_time": 1680003236949250456,
            "stop_time": 1680003236950126970,
            "ram_samples": [],
            "cpu_samples": [
                0.0,
                0.0,
                0.0,
                0.0,
                0.0,
                0.0,
                0.0,
                0.0,
                0.0,
                0.0,
                0.0,
                0.0,
                0.0,
                0.0,
                0.0,
                0.0
            ],
            "average_cpu_busy": 0.0,
            "user_cpu_time": 0.0024449999999999997,
            "sys_cpu_time": 0.0024449999999999997,
            "total_cpu_time": 0.004889999999999999,
            "max_rss": 20476,
            "exit_code": 0,
            "failed": false
        },
        {
            "index": 3,
            "input": 50000.0,
            "run_time": 973657.0,
            "start_time": 1680003236957479700,
            "stop_time": 1680003236958453357,
            "ram_samples": [],
            "cpu_samples": [
                0.0,
                0.0,
                0.0,
                0.0,
                0.0,
                0.0,
                0.0,
                0.0,
                0.0,
                0.0,
                0.0,
                0.0,
                0.0,
                0.0,
                0.0,
                0.0
            ],
            "average_cpu_busy": 0.0,
            "user_cpu_time": 0.0051779999999999994,
            "sys_cpu_time": 0.0,
            "total_cpu_time": 0.0051779999999999994,
            "max_rss": 20476,
            "exit_code": 0,
            "failed": false
        },
        {
            "index": 4,
            "input": 50000.0,
            "run_time": 949952.0,
            "start_time": 1680003236966218270,
            "stop_time": 1680003236967168222,
            "ram_samples": [],
            "cpu_samples": [
                0.0,
                0.0,
                0.0,
                0.0,
                0.0,
                0.0,
                0.0,
                0.0,
                100.0,
                0.0,
                0.0,
                100.0,
                0.0,
                0.0,
                0.0,
                0.0
            ],
            "average_cpu_busy": 1.8999040000000001e-06,
            "user_cpu_time": 0.0063349999999999995,
            "sys_cpu_time": 0.0,
            "total_cpu_time": 0.0063349999999999995,
            "max_rss": 20480,
            "exit_code": 0,
            "failed": false
        },
        {
            "index": 5,
            "input": 50000.0,
            "run_time": 886602.0,
            "start_time": 1680003236976221783,
            "stop_time": 1680003236977108385,
            "ram_samples": [],
            "cpu_samples": [
                0.0,
                0.0,
                0.0,
                0.0,
                0.0,
                0.0,
                0.0,
                0.0,
                0.0,
                0.0,
                0.0,
                0.0,
                0.0,
                0.0,
                0.0,
                0.0
            ],
            "average_cpu_busy": 0.0,
            "user_cpu_time": 0.0049039999999999995,
            "sys_cpu_time": 0.0,
            "total_cpu_time": 0.0049039999999999995,
            "max_rss": 20480,
            "exit_code": 0,
            "failed": false
        }
    ]
}