{
    "bench": "nbody-5.ada",
    "input": 10000.0,
    "average_runtime": 854100.1666666666,
    "average_cpu_busy": 0.0,
    "average_ram_load": 0,
    "run_results": [
        {
            "index": 0,
            "input": 10000.0,
            "run_time": 928701.0,
            "start_time": 1679581690521643109,
            "stop_time": 1679581690522571810,
            "ram_samples": [],
            "cpu_samples": [
                0.0,
                0.0,
                0.0,
                0.0,
                0.0,
                0.0,
                0.0,
                0.0,
                0.0,
                0.0,
                0.0,
                0.0,
                0.0,
                0.0,
                0.0,
                0.0
            ],
            "average_cpu_busy": 0.0,
            "user_cpu_time": 0.001927,
            "sys_cpu_time": 0.0,
            "total_cpu_time": 0.001927,
            "max_rss": 17864,
            "exit_code": 0,
            "failed": false
        },
        {
            "index": 1,
            "input": 10000.0,
            "run_time": 886310.0,
            "start_time": 1679581690527362796,
            "stop_time": 1679581690528249106,
            "ram_samples": [],
            "cpu_samples": [
                0.0,
                0.0,
                0.0,
                0.0,
                0.0,
                0.0,
                0.0,
                0.0,
                0.0,
                0.0,
                0.0,
                0.0,
                0.0,
                0.0,
                0.0,
                0.0
            ],
            "average_cpu_busy": 0.0,
            "user_cpu_time": 0.001919,
            "sys_cpu_time": 0.0,
            "total_cpu_time": 0.001919,
            "max_rss": 17868,
            "exit_code": 0,
            "failed": false
        },
        {
            "index": 2,
            "input": 10000.0,
            "run_time": 806518.0,
            "start_time": 1679581690532641883,
            "stop_time": 1679581690533448401,
            "ram_samples": [],
            "cpu_samples": [
                0.0,
                0.0,
                0.0,
                0.0,
                0.0,
                0.0,
                0.0,
                0.0,
                0.0,
                0.0,
                0.0,
                0.0,
                0.0,
                0.0,
                0.0,
                0.0
            ],
            "average_cpu_busy": 0.0,
            "user_cpu_time": 0.00172,
            "sys_cpu_time": 0.0,
            "total_cpu_time": 0.00172,
            "max_rss": 17868,
            "exit_code": 0,
            "failed": false
        },
        {
            "index": 3,
            "input": 10000.0,
            "run_time": 863266.0,
            "start_time": 1679581690537192050,
            "stop_time": 1679581690538055316,
            "ram_samples": [],
            "cpu_samples": [
                0.0,
                0.0,
                0.0,
                0.0,
                0.0,
                0.0,
                0.0,
                0.0,
                0.0,
                0.0,
                0.0,
                0.0,
                0.0,
                0.0,
                0.0,
                0.0
            ],
            "average_cpu_busy": 0.0,
            "user_cpu_time": 0.0018989999999999999,
            "sys_cpu_time": 0.0,
            "total_cpu_time": 0.0018989999999999999,
            "max_rss": 17868,
            "exit_code": 0,
            "failed": false
        },
        {
            "index": 4,
            "input": 10000.0,
            "run_time": 840432.0,
            "start_time": 1679581690542663965,
            "stop_time": 1679581690543504397,
            "ram_samples": [],
            "cpu_samples": [
                0.0,
                0.0,
                0.0,
                0.0,
                0.0,
                0.0,
                0.0,
                0.0,
                0.0,
                0.0,
                0.0,
                0.0,
                0.0,
                0.0,
                0.0,
                0.0
            ],
            "average_cpu_busy": 0.0,
            "user_cpu_time": 0.001813,
            "sys_cpu_time": 0.0,
            "total_cpu_time": 0.001813,
            "max_rss": 17868,
            "exit_code": 0,
            "failed": false
        },
        {
            "index": 5,
            "input": 10000.0,
            "run_time": 799374.0,
            "start_time": 1679581690547367394,
            "stop_time": 1679581690548166768,
            "ram_samples": [],
            "cpu_samples": [
                0.0,
                0.0,
                0.0,
                0.0,
                0.0,
                0.0,
                0.0,
                0.0,
                0.0,
                0.0,
                0.0,
                0.0,
                0.0,
                0.0,
                0.0,
                0.0
            ],
            "average_cpu_busy": 0.0,
            "user_cpu_time": 0.0015999999999999999,
            "sys_cpu_time": 0.0,
            "total_cpu_time": 0.0015999999999999999,
            "max_rss": 17864,
            "exit_code": 0,
            "failed": false
        }
    ]
}