{
    "bench": "nbody-3.ada",
    "input": 20000.0,
    "average_runtime": 899194.8333333334,
    "average_cpu_busy": 0.0,
    "average_ram_load": 0,
    "run_results": [
        {
            "index": 0,
            "input": 20000.0,
            "run_time": 933490.0,
            "start_time": 1679581691311880461,
            "stop_time": 1679581691312813951,
            "ram_samples": [],
            "cpu_samples": [
                0.0,
                0.0,
                0.0,
                0.0,
                0.0,
                0.0,
                0.0,
                0.0,
                0.0,
                0.0,
                0.0,
                0.0,
                0.0,
                0.0,
                0.0,
                0.0
            ],
            "average_cpu_busy": 0.0,
            "user_cpu_time": 0.0027689999999999998,
            "sys_cpu_time": 0.0,
            "total_cpu_time": 0.0027689999999999998,
            "max_rss": 17988,
            "exit_code": 0,
            "failed": false
        },
        {
            "index": 1,
            "input": 20000.0,
            "run_time": 857656.0,
            "start_time": 1679581691318085713,
            "stop_time": 1679581691318943369,
            "ram_samples": [],
            "cpu_samples": [
                0.0,
                0.0,
                0.0,
                0.0,
                0.0,
                0.0,
                0.0,
                0.0,
                0.0,
                0.0,
                0.0,
                0.0,
                0.0,
                0.0,
                0.0,
                0.0
            ],
            "average_cpu_busy": 0.0,
            "user_cpu_time": 0.003042,
            "sys_cpu_time": 0.0,
            "total_cpu_time": 0.003042,
            "max_rss": 17988,
            "exit_code": 0,
            "failed": false
        },
        {
            "index": 2,
            "input": 20000.0,
            "run_time": 797952.0,
            "start_time": 1679581691324108198,
            "stop_time": 1679581691324906150,
            "ram_samples": [],
            "cpu_samples": [
                0.0,
                0.0,
                0.0,
                0.0,
                0.0,
                0.0,
                0.0,
                0.0,
                0.0,
                0.0,
                0.0,
                0.0,
                0.0,
                0.0,
                0.0,
                0.0
            ],
            "average_cpu_busy": 0.0,
            "user_cpu_time": 0.002859,
            "sys_cpu_time": 0.0,
            "total_cpu_time": 0.002859,
            "max_rss": 17988,
            "exit_code": 0,
            "failed": false
        },
        {
            "index": 3,
            "input": 20000.0,
            "run_time": 878585.0,
            "start_time": 1679581691329620480,
            "stop_time": 1679581691330499065,
            "ram_samples": [],
            "cpu_samples": [
                0.0,
                0.0,
                0.0,
                0.0,
                0.0,
                0.0,
                0.0,
                0.0,
                0.0,
                0.0,
                0.0,
                0.0,
                0.0,
                0.0,
                0.0,
                0.0
            ],
            "average_cpu_busy": 0.0,
            "user_cpu_time": 0.0,
            "sys_cpu_time": 0.0031079999999999997,
            "total_cpu_time": 0.0031079999999999997,
            "max_rss": 17996,
            "exit_code": 0,
            "failed": false
        },
        {
            "index": 4,
            "input": 20000.0,
            "run_time": 1099978.0,
            "start_time": 1679581691335894444,
            "stop_time": 1679581691336994422,
            "ram_samples": [],
            "cpu_samples": [
                0.0,
                0.0,
                0.0,
                0.0,
                0.0,
                0.0,
                0.0,
                0.0,
                0.0,
                0.0,
                0.0,
                0.0,
                0.0,
                0.0,
                0.0,
                0.0
            ],
            "average_cpu_busy": 0.0,
            "user_cpu_time": 0.003025,
            "sys_cpu_time": 0.0,
            "total_cpu_time": 0.003025,
            "max_rss": 17996,
            "exit_code": 0,
            "failed": false
        },
        {
            "index": 5,
            "input": 20000.0,
            "run_time": 827508.0,
            "start_time": 1679581691342412524,
            "stop_time": 1679581691343240032,
            "ram_samples": [],
            "cpu_samples": [
                0.0,
                0.0,
                0.0,
                0.0,
                0.0,
                0.0,
                0.0,
                0.0,
                0.0,
                0.0,
                0.0,
                0.0,
                0.0,
                0.0,
                0.0,
                0.0
            ],
            "average_cpu_busy": 0.0,
            "user_cpu_time": 0.002686,
            "sys_cpu_time": 0.0,
            "total_cpu_time": 0.002686,
            "max_rss": 17996,
            "exit_code": 0,
            "failed": false
        }
    ]
}