{
    "bench": "nbody-4.c",
    "language": "c",
    "input": 10000.0,
    "average_runtime": 1000868.6666666666,
    "average_cpu_busy": 1.5484183333333333e-07,
    "average_ram_load": 0,
    "run_results": [
        {
            "index": 0,
            "input": 10000.0,
            "run_time": 1150454.0,
            "start_time": 1679663712801428730,
            "stop_time": 1679663712802579184,
            "ram_samples": [],
            "cpu_samples": [
                0.0,
                0.0,
                0.0,
                0.0,
                0.0,
                0.0,
                0.0,
                0.0,
                0.0,
                0.0,
                0.0,
                0.0,
                0.0,
                0.0,
                0.0,
                0.0
            ],
            "average_cpu_busy": 0.0,
            "user_cpu_time": 0.0,
            "sys_cpu_time": 0.0012029999999999999,
            "total_cpu_time": 0.0012029999999999999,
            "max_rss": 18236,
            "exit_code": 0,
            "failed": false
        },
        {
            "index": 1,
            "input": 10000.0,
            "run_time": 1055292.0,
            "start_time": 1679663712807313873,
            "stop_time": 1679663712808369165,
            "ram_samples": [],
            "cpu_samples": [
                0.0,
                0.0,
                0.0,
                0.0,
                0.0,
                0.0,
                0.0,
                0.0,
                0.0,
                0.0,
                0.0,
                0.0,
                0.0,
                0.0,
                0.0,
                0.0
            ],
            "average_cpu_busy": 0.0,
            "user_cpu_time": 0.0013809999999999998,
            "sys_cpu_time": 0.0,
            "total_cpu_time": 0.0013809999999999998,
            "max_rss": 18244,
            "exit_code": 0,
            "failed": false
        },
        {
            "index": 2,
            "input": 10000.0,
            "run_time": 953138.0,
            "start_time": 1679663712812360647,
            "stop_time": 1679663712813313785,
            "ram_samples": [],
            "cpu_samples": [
                0.0,
                0.0,
                0.0,
                0.0,
                0.0,
                0.0,
                0.0,
                0.0,
                0.0,
                0.0,
                0.0,
                0.0,
                0.0,
                0.0,
                0.0,
                0.0
            ],
            "average_cpu_busy": 0.0,
            "user_cpu_time": 0.0009469999999999999,
            "sys_cpu_time": 0.0,
            "total_cpu_time": 0.0009469999999999999,
            "max_rss": 18244,
            "exit_code": 0,
            "failed": false
        },
        {
            "index": 3,
            "input": 10000.0,
            "run_time": 920997.0,
            "start_time": 1679663712816845870,
            "stop_time": 1679663712817766867,
            "ram_samples": [],
            "cpu_samples": [
                0.0,
                0.0,
                0.0,
                0.0,
                0.0,
                0.0,
                0.0,
                0.0,
                0.0,
                0.0,
                0.0,
                0.0,
                0.0,
                0.0,
                0.0,
                0.0
            ],
            "average_cpu_busy": 0.0,
            "user_cpu_time": 0.0008979999999999999,
            "sys_cpu_time": 0.0,
            "total_cpu_time": 0.0008979999999999999,
            "max_rss": 18244,
            "exit_code": 0,
            "failed": false
        },
        {
            "index": 4,
            "input": 10000.0,
            "run_time": 996280.0,
            "start_time": 1679663712821304783,
            "stop_time": 1679663712822301063,
            "ram_samples": [],
            "cpu_samples": [
                0.0,
                0.0,
                0.0,
                0.0,
                0.0,
                0.0,
                0.0,
                0.0,
                0.0,
                0.0,
                0.0,
                0.0,
                0.0,
                0.0,
                0.0,
                0.0
            ],
            "average_cpu_busy": 0.0,
            "user_cpu_time": 0.0010069999999999999,
            "sys_cpu_time": 0.0,
            "total_cpu_time": 0.0010069999999999999,
            "max_rss": 18312,
            "exit_code": 0,
            "failed": false
        },
        {
            "index": 5,
            "input": 10000.0,
            "run_time": 929051.0,
            "start_time": 1679663712825638448,
            "stop_time": 1679663712826567499,
            "ram_samples": [],
            "cpu_samples": [
                0.0,
                0.0,
                0.0,
                0.0,
                0.0,
                0.0,
                0.0,
                0.0,
                100.0,
                0.0,
                0.0,
                0.0,
                0.0,
                0.0,
                0.0,
                0.0
            ],
            "average_cpu_busy": 9.290509999999999e-07,
            "user_cpu_time": 0.0,
            "sys_cpu_time": 0.001717,
            "total_cpu_time": 0.001717,
            "max_rss": 18248,
            "exit_code": 0,
            "failed": false
        }
    ]
}