{
    "bench": "nbody-3.rust",
    "language": "rust",
    "input": 40000.0,
    "average_run_time": 938941.1666666666,
    "maximum_run_time": 1075437.0,
    "minimum_run_time": 867377.0,
    "average_cpu_time": 0.0034715,
    "minimum_cpu_time": 0.003371,
    "maximum_cpu_time": 0.003689,
    "average_cpu_busy": 0,
    "average_ram_load": 0,
    "run_results": [
        {
            "index": 0,
            "input": 40000.0,
            "run_time": 1075437.0,
            "start_time": 1680003237891209407,
            "stop_time": 1680003237892284844,
            "ram_samples": [],
            "cpu_samples": [
                0.0,
                0.0,
                0.0,
                0.0,
                0.0,
                0.0,
                0.0,
                0.0,
                0.0,
                0.0,
                0.0,
                0.0,
                0.0,
                0.0,
                0.0,
                0.0
            ],
            "average_cpu_busy": 0.0,
            "user_cpu_time": 0.003401,
            "sys_cpu_time": 0.0,
            "total_cpu_time": 0.003401,
            "max_rss": 20644,
            "exit_code": 0,
            "failed": false
        },
        {
            "index": 1,
            "input": 40000.0,
            "run_time": 964199.0,
            "start_time": 1680003237898346433,
            "stop_time": 1680003237899310632,
            "ram_samples": [],
            "cpu_samples": [
                0.0,
                0.0,
                0.0,
                0.0,
                0.0,
                0.0,
                0.0,
                0.0,
                0.0,
                0.0,
                0.0,
                0.0,
                0.0,
                0.0,
                0.0,
                0.0
            ],
            "average_cpu_busy": 0.0,
            "user_cpu_time": 0.003371,
            "sys_cpu_time": 0.0,
            "total_cpu_time": 0.003371,
            "max_rss": 20644,
            "exit_code": 0,
            "failed": false
        },
        {
            "index": 2,
            "input": 40000.0,
            "run_time": 889999.0,
            "start_time": 1680003237905239422,
            "stop_time": 1680003237906129421,
            "ram_samples": [],
            "cpu_samples": [
                0.0,
                0.0,
                0.0,
                0.0,
                0.0,
                0.0,
                0.0,
                0.0,
                0.0,
                0.0,
                0.0,
                0.0,
                0.0,
                0.0,
                0.0,
                0.0
            ],
            "average_cpu_busy": 0.0,
            "user_cpu_time": 0.003689,
            "sys_cpu_time": 0.0,
            "total_cpu_time": 0.003689,
            "max_rss": 20644,
            "exit_code": 0,
            "failed": false
        },
        {
            "index": 3,
            "input": 40000.0,
            "run_time": 941776.0,
            "start_time": 1680003237912352934,
            "stop_time": 1680003237913294710,
            "ram_samples": [],
            "cpu_samples": [
                0.0,
                0.0,
                0.0,
                0.0,
                0.0,
                0.0,
                0.0,
                0.0,
                0.0,
                0.0,
                0.0,
                0.0,
                0.0,
                0.0,
                0.0,
                0.0
            ],
            "average_cpu_busy": 0.0,
            "user_cpu_time": 0.003408,
            "sys_cpu_time": 0.0,
            "total_cpu_time": 0.003408,
            "max_rss": 20644,
            "exit_code": 0,
            "failed": false
        },
        {
            "index": 4,
            "input": 40000.0,
            "run_time": 867377.0,
            "start_time": 1680003237919266360,
            "stop_time": 1680003237920133737,
            "ram_samples": [],
            "cpu_samples": [
                0.0,
                0.0,
                0.0,
                0.0,
                0.0,
                0.0,
                0.0,
                0.0,
                0.0,
                0.0,
                0.0,
                0.0,
                0.0,
                0.0,
                0.0,
                0.0
            ],
            "average_cpu_busy": 0.0,
            "user_cpu_time": 0.0034869999999999996,
            "sys_cpu_time": 0.0,
            "total_cpu_time": 0.0034869999999999996,
            "max_rss": 20644,
            "exit_code": 0,
            "failed": false
        },
        {
            "index": 5,
            "input": 40000.0,
            "run_time": 894859.0,
            "start_time": 1680003237926039243,
            "stop_time": 1680003237926934102,
            "ram_samples": [],
            "cpu_samples": [
                0.0,
                0.0,
                0.0,
                0.0,
                0.0,
                0.0,
                0.0,
                0.0,
                100.0,
                0.0,
                0.0,
                0.0,
                0.0,
                0.0,
                0.0,
                0.0
            ],
            "average_cpu_busy": 8.948589999999999e-07,
            "user_cpu_time": 0.0,
            "sys_cpu_time": 0.003473,
            "total_cpu_time": 0.003473,
            "max_rss": 20644,
            "exit_code": 0,
            "failed": false
        }
    ]
}