{
    "bench": "nbody-2.rust",
    "language": "rust",
    "input": 10000.0,
    "average_run_time": 1020231.8333333334,
    "maximum_run_time": 1702433.0,
    "minimum_run_time": 851527.0,
    "average_cpu_time": 0.001367833333333333,
    "minimum_cpu_time": 0.001008,
    "maximum_cpu_time": 0.001977,
    "average_cpu_busy": 0,
    "average_ram_load": 0,
    "run_results": [
        {
            "index": 0,
            "input": 10000.0,
            "run_time": 933040.0,
            "start_time": 1680003234356681788,
            "stop_time": 1680003234357614828,
            "ram_samples": [],
            "cpu_samples": [
                0.0,
                0.0,
                0.0,
                0.0,
                0.0,
                0.0,
                0.0,
                0.0,
                0.0,
                0.0,
                0.0,
                0.0,
                0.0,
                0.0,
                0.0,
                0.0
            ],
            "average_cpu_busy": 0.0,
            "user_cpu_time": 0.001576,
            "sys_cpu_time": 0.0,
            "total_cpu_time": 0.001576,
            "max_rss": 19980,
            "exit_code": 0,
            "failed": false
        },
        {
            "index": 1,
            "input": 10000.0,
            "run_time": 864622.0,
            "start_time": 1680003234361682657,
            "stop_time": 1680003234362547279,
            "ram_samples": [],
            "cpu_samples": [
                0.0,
                0.0,
                0.0,
                0.0,
                0.0,
                0.0,
                0.0,
                0.0,
                0.0,
                0.0,
                0.0,
                0.0,
                0.0,
                0.0,
                0.0,
                0.0
            ],
            "average_cpu_busy": 0.0,
            "user_cpu_time": 0.0011049999999999999,
            "sys_cpu_time": 0.0,
            "total_cpu_time": 0.0011049999999999999,
            "max_rss": 19980,
            "exit_code": 0,
            "failed": false
        },
        {
            "index": 2,
            "input": 10000.0,
            "run_time": 908534.0,
            "start_time": 1680003234366253500,
            "stop_time": 1680003234367162034,
            "ram_samples": [],
            "cpu_samples": [
                0.0,
                0.0,
                0.0,
                0.0,
                0.0,
                0.0,
                0.0,
                0.0,
                0.0,
                0.0,
                0.0,
                0.0,
                0.0,
                0.0,
                0.0,
                0.0
            ],
            "average_cpu_busy": 0.0,
            "user_cpu_time": 0.001977,
            "sys_cpu_time": 0.0,
            "total_cpu_time": 0.001977,
            "max_rss": 19980,
            "exit_code": 0,
            "failed": false
        },
        {
            "index": 3,
            "input": 10000.0,
            "run_time": 851527.0,
            "start_time": 1680003234371493007,
            "stop_time": 1680003234372344534,
            "ram_samples": [],
            "cpu_samples": [
                0.0,
                0.0,
                0.0,
                0.0,
                0.0,
                0.0,
                0.0,
                0.0,
                0.0,
                0.0,
                0.0,
                0.0,
                0.0,
                0.0,
                0.0,
                0.0
            ],
            "average_cpu_busy": 0.0,
            "user_cpu_time": 0.0010119999999999999,
            "sys_cpu_time": 0.0,
            "total_cpu_time": 0.0010119999999999999,
            "max_rss": 19980,
            "exit_code": 0,
            "failed": false
        },
        {
            "index": 4,
            "input": 10000.0,
            "run_time": 861235.0,
            "start_time": 1680003234375870277,
            "stop_time": 1680003234376731512,
            "ram_samples": [],
            "cpu_samples": [
                0.0,
                0.0,
                0.0,
                0.0,
                0.0,
                0.0,
                0.0,
                0.0,
                0.0,
                0.0,
                0.0,
                0.0,
                0.0,
                0.0,
                0.0,
                0.0
            ],
            "average_cpu_busy": 0.0,
            "user_cpu_time": 0.001008,
            "sys_cpu_time": 0.0,
            "total_cpu_time": 0.001008,
            "max_rss": 19980,
            "exit_code": 0,
            "failed": false
        },
        {
            "index": 5,
            "input": 10000.0,
            "run_time": 1702433.0,
            "start_time": 1680003234381115164,
            "stop_time": 1680003234382817597,
            "ram_samples": [],
            "cpu_samples": [
                0.0,
                0.0,
                0.0,
                0.0,
                0.0,
                0.0,
                0.0,
                0.0,
                0.0,
                0.0,
                0.0,
                0.0,
                0.0,
                0.0,
                0.0,
                0.0
            ],
            "average_cpu_busy": 0.0,
            "user_cpu_time": 0.0,
            "sys_cpu_time": 0.001529,
            "total_cpu_time": 0.001529,
            "max_rss": 19980,
            "exit_code": 0,
            "failed": false
        }
    ]
}