{
    "bench": "nbody-7.c",
    "language": "c",
    "input": 20000.0,
    "average_run_time": 876841.5,
    "maximum_run_time": 941847.0,
    "minimum_run_time": 805792.0,
    "average_cpu_time": 0.0022353333333333335,
    "minimum_cpu_time": 0.002143,
    "maximum_cpu_time": 0.002346,
    "average_cpu_busy": 0,
    "average_ram_load": 0,
    "run_results": [
        {
            "index": 0,
            "input": 20000.0,
            "run_time": 884900.0,
            "start_time": 1680003233083639726,
            "stop_time": 1680003233084524626,
            "ram_samples": [],
            "cpu_samples": [
                0.0,
                0.0,
                0.0,
                0.0,
                0.0,
                0.0,
                0.0,
                0.0,
                0.0,
                0.0,
                0.0,
                0.0,
                0.0,
                0.0,
                0.0,
                0.0
            ],
            "average_cpu_busy": 0.0,
            "user_cpu_time": 0.002242,
            "sys_cpu_time": 0.0,
            "total_cpu_time": 0.002242,
            "max_rss": 19716,
            "exit_code": 0,
            "failed": false
        },
        {
            "index": 1,
            "input": 20000.0,
            "run_time": 865904.0,
            "start_time": 1680003233089259226,
            "stop_time": 1680003233090125130,
            "ram_samples": [],
            "cpu_samples": [
                0.0,
                0.0,
                0.0,
                0.0,
                0.0,
                0.0,
                0.0,
                0.0,
                0.0,
                0.0,
                0.0,
                0.0,
                0.0,
                0.0,
                0.0,
                0.0
            ],
            "average_cpu_busy": 0.0,
            "user_cpu_time": 0.0022689999999999997,
            "sys_cpu_time": 0.0,
            "total_cpu_time": 0.0022689999999999997,
            "max_rss": 19716,
            "exit_code": 0,
            "failed": false
        },
        {
            "index": 2,
            "input": 20000.0,
            "run_time": 853541.0,
            "start_time": 1680003233094850733,
            "stop_time": 1680003233095704274,
            "ram_samples": [],
            "cpu_samples": [
                0.0,
                0.0,
                0.0,
                0.0,
                0.0,
                0.0,
                0.0,
                0.0,
                0.0,
                0.0,
                0.0,
                0.0,
                0.0,
                0.0,
                0.0,
                0.0
            ],
            "average_cpu_busy": 0.0,
            "user_cpu_time": 0.002143,
            "sys_cpu_time": 0.0,
            "total_cpu_time": 0.002143,
            "max_rss": 19716,
            "exit_code": 0,
            "failed": false
        },
        {
            "index": 3,
            "input": 20000.0,
            "run_time": 805792.0,
            "start_time": 1680003233100153869,
            "stop_time": 1680003233100959661,
            "ram_samples": [],
            "cpu_samples": [
                0.0,
                0.0,
                0.0,
                0.0,
                0.0,
                0.0,
                0.0,
                0.0,
                0.0,
                0.0,
                0.0,
                0.0,
                0.0,
                0.0,
                0.0,
                0.0
            ],
            "average_cpu_busy": 0.0,
            "user_cpu_time": 0.0021639999999999997,
            "sys_cpu_time": 0.0,
            "total_cpu_time": 0.0021639999999999997,
            "max_rss": 19728,
            "exit_code": 0,
            "failed": false
        },
        {
            "index": 4,
            "input": 20000.0,
            "run_time": 941847.0,
            "start_time": 1680003233105433141,
            "stop_time": 1680003233106374988,
            "ram_samples": [],
            "cpu_samples": [
                0.0,
                0.0,
                0.0,
                0.0,
                0.0,
                0.0,
                0.0,
                0.0,
                0.0,
                0.0,
                0.0,
                0.0,
                0.0,
                0.0,
                0.0,
                0.0
            ],
            "average_cpu_busy": 0.0,
            "user_cpu_time": 0.002346,
            "sys_cpu_time": 0.0,
            "total_cpu_time": 0.002346,
            "max_rss": 19728,
            "exit_code": 0,
            "failed": false
        },
        {
            "index": 5,
            "input": 20000.0,
            "run_time": 909065.0,
            "start_time": 1680003233111375236,
            "stop_time": 1680003233112284301,
            "ram_samples": [],
            "cpu_samples": [
                0.0,
                0.0,
                0.0,
                0.0,
                0.0,
                0.0,
                0.0,
                0.0,
                0.0,
                0.0,
                0.0,
                0.0,
                0.0,
                0.0,
                0.0,
                0.0
            ],
            "average_cpu_busy": 0.0,
            "user_cpu_time": 0.002248,
            "sys_cpu_time": 0.0,
            "total_cpu_time": 0.002248,
            "max_rss": 19728,
            "exit_code": 0,
            "failed": false
        }
    ]
}