{
    "bench": "nbody-4.java",
    "language": "java",
    "input": 20000.0,
    "average_run_time": 1119885.0,
    "maximum_run_time": 1168411.0,
    "minimum_run_time": 1065879.0,
    "average_cpu_time": 0.020288499999999998,
    "minimum_cpu_time": 0.019344,
    "maximum_cpu_time": 0.020741,
    "average_cpu_busy": 0,
    "average_ram_load": 0,
    "run_results": [
        {
            "index": 0,
            "input": 20000.0,
            "run_time": 1168411.0,
            "start_time": 1679838015597403386,
            "stop_time": 1679838015598571797,
            "ram_samples": [],
            "cpu_samples": [
                0.0,
                0.0,
                0.0,
                0.0,
                0.0,
                0.0,
                0.0,
                0.0,
                0.0,
                0.0,
                0.0,
                0.0,
                0.0,
                0.0,
                0.0,
                0.0
            ],
            "average_cpu_busy": 0.0,
            "user_cpu_time": 0.012324,
            "sys_cpu_time": 0.008216,
            "total_cpu_time": 0.02054,
            "max_rss": 38016,
            "exit_code": 256,
            "failed": false
        },
        {
            "index": 1,
            "input": 20000.0,
            "run_time": 1096686.0,
            "start_time": 1679838015619536609,
            "stop_time": 1679838015620633295,
            "ram_samples": [],
            "cpu_samples": [
                0.0,
                0.0,
                0.0,
                0.0,
                0.0,
                0.0,
                0.0,
                0.0,
                0.0,
                0.0,
                0.0,
                0.0,
                0.0,
                0.0,
                0.0,
                0.0
            ],
            "average_cpu_busy": 0.0,
            "user_cpu_time": 0.005129,
            "sys_cpu_time": 0.015387,
            "total_cpu_time": 0.020516,
            "max_rss": 38016,
            "exit_code": 256,
            "failed": false
        },
        {
            "index": 2,
            "input": 20000.0,
            "run_time": 1065879.0,
            "start_time": 1679838015641193898,
            "stop_time": 1679838015642259777,
            "ram_samples": [],
            "cpu_samples": [
                0.0,
                0.0,
                0.0,
                0.0,
                0.0,
                0.0,
                0.0,
                0.0,
                0.0,
                0.0,
                0.0,
                0.0,
                0.0,
                0.0,
                0.0,
                0.0
            ],
            "average_cpu_busy": 0.0,
            "user_cpu_time": 0.008744,
            "sys_cpu_time": 0.011659,
            "total_cpu_time": 0.020402999999999998,
            "max_rss": 38272,
            "exit_code": 256,
            "failed": false
        },
        {
            "index": 3,
            "input": 20000.0,
            "run_time": 1110803.0,
            "start_time": 1679838015663069027,
            "stop_time": 1679838015664179830,
            "ram_samples": [],
            "cpu_samples": [
                0.0,
                0.0,
                0.0,
                0.0,
                0.0,
                0.0,
                0.0,
                0.0,
                0.0,
                0.0,
                0.0,
                0.0,
                0.0,
                0.0,
                0.0,
                0.0
            ],
            "average_cpu_busy": 0.0,
            "user_cpu_time": 0.012445,
            "sys_cpu_time": 0.008296,
            "total_cpu_time": 0.020741,
            "max_rss": 37760,
            "exit_code": 256,
            "failed": false
        },
        {
            "index": 4,
            "input": 20000.0,
            "run_time": 1140188.0,
            "start_time": 1679838015685263414,
            "stop_time": 1679838015686403602,
            "ram_samples": [],
            "cpu_samples": [
                0.0,
                0.0,
                0.0,
                0.0,
                0.0,
                0.0,
                0.0,
                0.0,
                0.0,
                0.0,
                0.0,
                0.0,
                0.0,
                0.0,
                0.0,
                0.0
            ],
            "average_cpu_busy": 0.0,
            "user_cpu_time": 0.012112,
            "sys_cpu_time": 0.008074999999999999,
            "total_cpu_time": 0.020186999999999997,
            "max_rss": 38016,
            "exit_code": 256,
            "failed": false
        },
        {
            "index": 5,
            "input": 20000.0,
            "run_time": 1137343.0,
            "start_time": 1679838015707368784,
            "stop_time": 1679838015708506127,
            "ram_samples": [],
            "cpu_samples": [
                0.0,
                0.0,
                0.0,
                0.0,
                0.0,
                0.0,
                0.0,
                0.0,
                0.0,
                0.0,
                0.0,
                0.0,
                0.0,
                0.0,
                0.0,
                0.0
            ],
            "average_cpu_busy": 0.0,
            "user_cpu_time": 0.009672,
            "sys_cpu_time": 0.009672,
            "total_cpu_time": 0.019344,
            "max_rss": 38144,
            "exit_code": 256,
            "failed": false
        }
    ]
}