{
    "bench": "nbody-2.cpp",
    "language": "cpp",
    "input": 10000.0,
    "average_runtime": 880249.5,
    "average_cpu_busy": 0.0,
    "average_ram_load": 0,
    "run_results": [
        {
            "index": 0,
            "input": 10000.0,
            "run_time": 1031886.0,
            "start_time": 1679835075333322216,
            "stop_time": 1679835075334354102,
            "ram_samples": [],
            "cpu_samples": [
                0.0,
                0.0,
                0.0,
                0.0,
                0.0,
                0.0,
                0.0,
                0.0,
                0.0,
                0.0,
                0.0,
                0.0,
                0.0,
                0.0,
                0.0,
                0.0
            ],
            "average_cpu_busy": 0.0,
            "user_cpu_time": 0.0,
            "sys_cpu_time": 0.002031,
            "total_cpu_time": 0.002031,
            "max_rss": 18768,
            "exit_code": 0,
            "failed": false
        },
        {
            "index": 1,
            "input": 10000.0,
            "run_time": 843032.0,
            "start_time": 1679835075339019261,
            "stop_time": 1679835075339862293,
            "ram_samples": [],
            "cpu_samples": [
                0.0,
                0.0,
                0.0,
                0.0,
                0.0,
                0.0,
                0.0,
                0.0,
                0.0,
                0.0,
                0.0,
                0.0,
                0.0,
                0.0,
                0.0,
                0.0
            ],
            "average_cpu_busy": 0.0,
            "user_cpu_time": 0.0013909999999999999,
            "sys_cpu_time": 0.0,
            "total_cpu_time": 0.0013909999999999999,
            "max_rss": 18768,
            "exit_code": 0,
            "failed": false
        },
        {
            "index": 2,
            "input": 10000.0,
            "run_time": 803046.0,
            "start_time": 1679835075343177400,
            "stop_time": 1679835075343980446,
            "ram_samples": [],
            "cpu_samples": [
                0.0,
                0.0,
                0.0,
                0.0,
                0.0,
                0.0,
                0.0,
                0.0,
                0.0,
                0.0,
                0.0,
                0.0,
                0.0,
                0.0,
                0.0,
                0.0
            ],
            "average_cpu_busy": 0.0,
            "user_cpu_time": 0.001397,
            "sys_cpu_time": 0.0,
            "total_cpu_time": 0.001397,
            "max_rss": 18772,
            "exit_code": 0,
            "failed": false
        },
        {
            "index": 3,
            "input": 10000.0,
            "run_time": 927379.0,
            "start_time": 1679835075347637646,
            "stop_time": 1679835075348565025,
            "ram_samples": [],
            "cpu_samples": [
                0.0,
                0.0,
                0.0,
                0.0,
                0.0,
                0.0,
                0.0,
                0.0,
                0.0,
                0.0,
                0.0,
                0.0,
                0.0,
                0.0,
                0.0,
                0.0
            ],
            "average_cpu_busy": 0.0,
            "user_cpu_time": 0.001418,
            "sys_cpu_time": 0.0,
            "total_cpu_time": 0.001418,
            "max_rss": 18772,
            "exit_code": 0,
            "failed": false
        },
        {
            "index": 4,
            "input": 10000.0,
            "run_time": 816882.0,
            "start_time": 1679835075351885543,
            "stop_time": 1679835075352702425,
            "ram_samples": [],
            "cpu_samples": [
                0.0,
                0.0,
                0.0,
                0.0,
                0.0,
                0.0,
                0.0,
                0.0,
                0.0,
                0.0,
                0.0,
                0.0,
                0.0,
                0.0,
                0.0,
                0.0
            ],
            "average_cpu_busy": 0.0,
            "user_cpu_time": 0.001388,
            "sys_cpu_time": 0.0,
            "total_cpu_time": 0.001388,
            "max_rss": 18772,
            "exit_code": 0,
            "failed": false
        },
        {
            "index": 5,
            "input": 10000.0,
            "run_time": 859272.0,
            "start_time": 1679835075356033062,
            "stop_time": 1679835075356892334,
            "ram_samples": [],
            "cpu_samples": [
                0.0,
                0.0,
                0.0,
                0.0,
                0.0,
                0.0,
                0.0,
                0.0,
                0.0,
                0.0,
                0.0,
                0.0,
                0.0,
                0.0,
                0.0,
                0.0
            ],
            "average_cpu_busy": 0.0,
            "user_cpu_time": 0.001833,
            "sys_cpu_time": 0.0,
            "total_cpu_time": 0.001833,
            "max_rss": 18772,
            "exit_code": 0,
            "failed": false
        }
    ],
    "maximum_runtime": 1031886.0,
    "minimum_runtime": 803046.0
}