{
    "bench": "nbody-1.java",
    "language": "java",
    "input": 10000.0,
    "average_runtime": 1169472.0,
    "average_cpu_busy": 0.0,
    "average_ram_load": 0,
    "run_results": [
        {
            "index": 0,
            "input": 10000.0,
            "run_time": 1342928.0,
            "start_time": 1679756195207861541,
            "stop_time": 1679756195209204469,
            "ram_samples": [],
            "cpu_samples": [
                0.0,
                0.0,
                0.0,
                0.0,
                0.0,
                0.0,
                0.0,
                0.0,
                0.0,
                0.0,
                0.0,
                0.0,
                0.0,
                0.0,
                0.0,
                0.0
            ],
            "average_cpu_busy": 0.0,
            "user_cpu_time": 0.044846,
            "sys_cpu_time": 0.008152999999999999,
            "total_cpu_time": 0.052999,
            "max_rss": 42368,
            "exit_code": 256,
            "failed": false
        },
        {
            "index": 1,
            "input": 10000.0,
            "run_time": 1119720.0,
            "start_time": 1679756195256309829,
            "stop_time": 1679756195257429549,
            "ram_samples": [],
            "cpu_samples": [
                0.0,
                0.0,
                0.0,
                0.0,
                0.0,
                0.0,
                0.0,
                0.0,
                0.0,
                0.0,
                0.0,
                0.0,
                0.0,
                0.0,
                0.0,
                0.0
            ],
            "average_cpu_busy": 0.0,
            "user_cpu_time": 0.039432999999999996,
            "sys_cpu_time": 0.013144,
            "total_cpu_time": 0.052577,
            "max_rss": 42752,
            "exit_code": 256,
            "failed": false
        },
        {
            "index": 2,
            "input": 10000.0,
            "run_time": 1140610.0,
            "start_time": 1679756195304942723,
            "stop_time": 1679756195306083333,
            "ram_samples": [],
            "cpu_samples": [
                0.0,
                0.0,
                0.0,
                0.0,
                0.0,
                0.0,
                0.0,
                0.0,
                0.0,
                0.0,
                0.0,
                0.0,
                0.0,
                0.0,
                0.0,
                0.0
            ],
            "average_cpu_busy": 0.0,
            "user_cpu_time": 0.037801999999999995,
            "sys_cpu_time": 0.014175,
            "total_cpu_time": 0.051976999999999995,
            "max_rss": 42624,
            "exit_code": 256,
            "failed": false
        },
        {
            "index": 3,
            "input": 10000.0,
            "run_time": 1144347.0,
            "start_time": 1679756195353215522,
            "stop_time": 1679756195354359869,
            "ram_samples": [],
            "cpu_samples": [
                0.0,
                0.0,
                0.0,
                0.0,
                0.0,
                0.0,
                0.0,
                0.0,
                0.0,
                0.0,
                0.0,
                0.0,
                0.0,
                0.0,
                0.0,
                0.0
            ],
            "average_cpu_busy": 0.0,
            "user_cpu_time": 0.041246,
            "sys_cpu_time": 0.008249,
            "total_cpu_time": 0.049495,
            "max_rss": 42496,
            "exit_code": 256,
            "failed": false
        },
        {
            "index": 4,
            "input": 10000.0,
            "run_time": 1138796.0,
            "start_time": 1679756195399850530,
            "stop_time": 1679756195400989326,
            "ram_samples": [],
            "cpu_samples": [
                0.0,
                0.0,
                0.0,
                0.0,
                0.0,
                0.0,
                0.0,
                0.0,
                0.0,
                0.0,
                0.0,
                0.0,
                0.0,
                0.0,
                0.0,
                0.0
            ],
            "average_cpu_busy": 0.0,
            "user_cpu_time": 0.044343,
            "sys_cpu_time": 0.009854,
            "total_cpu_time": 0.054197,
            "max_rss": 43128,
            "exit_code": 256,
            "failed": false
        },
        {
            "index": 5,
            "input": 10000.0,
            "run_time": 1130431.0,
            "start_time": 1679756195447929014,
            "stop_time": 1679756195449059445,
            "ram_samples": [],
            "cpu_samples": [
                0.0,
                0.0,
                0.0,
                0.0,
                0.0,
                0.0,
                0.0,
                0.0,
                0.0,
                0.0,
                0.0,
                0.0,
                0.0,
                0.0,
                0.0,
                0.0
            ],
            "average_cpu_busy": 0.0,
            "user_cpu_time": 0.04086,
            "sys_cpu_time": 0.008172,
            "total_cpu_time": 0.049032,
            "max_rss": 42752,
            "exit_code": 256,
            "failed": false
        }
    ]
}