{
    "bench": "nbody-1.java",
    "language": "java",
    "input": 20000.0,
    "average_runtime": 1178774.3333333333,
    "average_cpu_busy": 0.0,
    "average_ram_load": 0,
    "run_results": [
        {
            "index": 0,
            "input": 20000.0,
            "run_time": 1163542.0,
            "start_time": 1679756195495477896,
            "stop_time": 1679756195496641438,
            "ram_samples": [],
            "cpu_samples": [
                0.0,
                0.0,
                0.0,
                0.0,
                0.0,
                0.0,
                0.0,
                0.0,
                0.0,
                0.0,
                0.0,
                0.0,
                0.0,
                0.0,
                0.0,
                0.0
            ],
            "average_cpu_busy": 0.0,
            "user_cpu_time": 0.044007,
            "sys_cpu_time": 0.0055,
            "total_cpu_time": 0.049506999999999995,
            "max_rss": 42496,
            "exit_code": 256,
            "failed": false
        },
        {
            "index": 1,
            "input": 20000.0,
            "run_time": 1145368.0,
            "start_time": 1679756195541565767,
            "stop_time": 1679756195542711135,
            "ram_samples": [],
            "cpu_samples": [
                0.0,
                0.0,
                0.0,
                0.0,
                0.0,
                0.0,
                0.0,
                0.0,
                0.0,
                0.0,
                0.0,
                0.0,
                0.0,
                0.0,
                0.0,
                0.0
            ],
            "average_cpu_busy": 0.0,
            "user_cpu_time": 0.0326,
            "sys_cpu_time": 0.017780999999999998,
            "total_cpu_time": 0.050380999999999995,
            "max_rss": 42752,
            "exit_code": 256,
            "failed": false
        },
        {
            "index": 2,
            "input": 20000.0,
            "run_time": 1326188.0,
            "start_time": 1679756195589164852,
            "stop_time": 1679756195590491040,
            "ram_samples": [],
            "cpu_samples": [
                0.0,
                0.0,
                0.0,
                0.0,
                0.0,
                0.0,
                0.0,
                0.0,
                0.0,
                0.0,
                0.0,
                0.0,
                0.0,
                0.0,
                0.0,
                0.0
            ],
            "average_cpu_busy": 0.0,
            "user_cpu_time": 0.042724,
            "sys_cpu_time": 0.007768,
            "total_cpu_time": 0.050491999999999995,
            "max_rss": 42496,
            "exit_code": 256,
            "failed": false
        },
        {
            "index": 3,
            "input": 20000.0,
            "run_time": 1167109.0,
            "start_time": 1679756195636367504,
            "stop_time": 1679756195637534613,
            "ram_samples": [],
            "cpu_samples": [
                0.0,
                0.0,
                0.0,
                0.0,
                0.0,
                0.0,
                0.0,
                0.0,
                0.0,
                0.0,
                0.0,
                0.0,
                0.0,
                0.0,
                0.0,
                0.0
            ],
            "average_cpu_busy": 0.0,
            "user_cpu_time": 0.036584,
            "sys_cpu_time": 0.013718999999999999,
            "total_cpu_time": 0.050303,
            "max_rss": 42744,
            "exit_code": 256,
            "failed": false
        },
        {
            "index": 4,
            "input": 20000.0,
            "run_time": 1127335.0,
            "start_time": 1679756195683700931,
            "stop_time": 1679756195684828266,
            "ram_samples": [],
            "cpu_samples": [
                0.0,
                0.0,
                0.0,
                0.0,
                0.0,
                0.0,
                0.0,
                0.0,
                0.0,
                0.0,
                0.0,
                0.0,
                0.0,
                0.0,
                0.0,
                0.0
            ],
            "average_cpu_busy": 0.0,
            "user_cpu_time": 0.04393,
            "sys_cpu_time": 0.004881,
            "total_cpu_time": 0.04881099999999999,
            "max_rss": 42752,
            "exit_code": 256,
            "failed": false
        },
        {
            "index": 5,
            "input": 20000.0,
            "run_time": 1143104.0,
            "start_time": 1679756195729567127,
            "stop_time": 1679756195730710231,
            "ram_samples": [],
            "cpu_samples": [
                0.0,
                0.0,
                0.0,
                0.0,
                0.0,
                0.0,
                0.0,
                0.0,
                0.0,
                0.0,
                0.0,
                0.0,
                0.0,
                0.0,
                0.0,
                0.0
            ],
            "average_cpu_busy": 0.0,
            "user_cpu_time": 0.034758,
            "sys_cpu_time": 0.015448,
            "total_cpu_time": 0.050206,
            "max_rss": 42488,
            "exit_code": 256,
            "failed": false
        }
    ]
}