{
    "bench": "nbody-4.java",
    "language": "java",
    "input": 30000.0,
    "average_run_time": 1139786.0,
    "maximum_run_time": 1163532.0,
    "minimum_run_time": 1110663.0,
    "average_cpu_time": 0.020376166666666667,
    "minimum_cpu_time": 0.019541,
    "maximum_cpu_time": 0.02121,
    "average_cpu_busy": 0,
    "average_ram_load": 0,
    "run_results": [
        {
            "index": 0,
            "input": 30000.0,
            "run_time": 1110663.0,
            "start_time": 1680003235963247777,
            "stop_time": 1680003235964358440,
            "ram_samples": [],
            "cpu_samples": [
                0.0,
                0.0,
                0.0,
                0.0,
                0.0,
                0.0,
                0.0,
                0.0,
                0.0,
                0.0,
                0.0,
                0.0,
                0.0,
                0.0,
                0.0,
                0.0
            ],
            "average_cpu_busy": 0.0,
            "user_cpu_time": 0.007816,
            "sys_cpu_time": 0.011725,
            "total_cpu_time": 0.019541,
            "max_rss": 38144,
            "exit_code": 256,
            "failed": false
        },
        {
            "index": 1,
            "input": 30000.0,
            "run_time": 1132584.0,
            "start_time": 1680003235984289783,
            "stop_time": 1680003235985422367,
            "ram_samples": [],
            "cpu_samples": [
                0.0,
                0.0,
                0.0,
                0.0,
                0.0,
                0.0,
                0.0,
                0.0,
                0.0,
                0.0,
                0.0,
                0.0,
                0.0,
                0.0,
                0.0,
                0.0
            ],
            "average_cpu_busy": 0.0,
            "user_cpu_time": 0.013802,
            "sys_cpu_time": 0.006901,
            "total_cpu_time": 0.020703,
            "max_rss": 37888,
            "exit_code": 256,
            "failed": false
        },
        {
            "index": 2,
            "input": 30000.0,
            "run_time": 1163532.0,
            "start_time": 1680003236006947279,
            "stop_time": 1680003236008110811,
            "ram_samples": [],
            "cpu_samples": [
                0.0,
                0.0,
                0.0,
                0.0,
                0.0,
                0.0,
                0.0,
                0.0,
                0.0,
                0.0,
                0.0,
                0.0,
                0.0,
                0.0,
                0.0,
                0.0
            ],
            "average_cpu_busy": 0.0,
            "user_cpu_time": 0.010147,
            "sys_cpu_time": 0.010147,
            "total_cpu_time": 0.020294,
            "max_rss": 38144,
            "exit_code": 256,
            "failed": false
        },
        {
            "index": 3,
            "input": 30000.0,
            "run_time": 1154937.0,
            "start_time": 1680003236029059812,
            "stop_time": 1680003236030214749,
            "ram_samples": [],
            "cpu_samples": [
                0.0,
                0.0,
                0.0,
                0.0,
                0.0,
                0.0,
                0.0,
                0.0,
                0.0,
                0.0,
                0.0,
                0.0,
                0.0,
                0.0,
                0.0,
                0.0
            ],
            "average_cpu_busy": 0.0,
            "user_cpu_time": 0.014371,
            "sys_cpu_time": 0.005748,
            "total_cpu_time": 0.020118999999999998,
            "max_rss": 38144,
            "exit_code": 256,
            "failed": false
        },
        {
            "index": 4,
            "input": 30000.0,
            "run_time": 1125801.0,
            "start_time": 1680003236050950260,
            "stop_time": 1680003236052076061,
            "ram_samples": [],
            "cpu_samples": [
                0.0,
                0.0,
                0.0,
                0.0,
                0.0,
                0.0,
                0.0,
                0.0,
                0.0,
                0.0,
                0.0,
                0.0,
                0.0,
                0.0,
                0.0,
                0.0
            ],
            "average_cpu_busy": 0.0,
            "user_cpu_time": 0.012234,
            "sys_cpu_time": 0.008156,
            "total_cpu_time": 0.02039,
            "max_rss": 38144,
            "exit_code": 256,
            "failed": false
        },
        {
            "index": 5,
            "input": 30000.0,
            "run_time": 1151199.0,
            "start_time": 1680003236072965030,
            "stop_time": 1680003236074116229,
            "ram_samples": [],
            "cpu_samples": [
                0.0,
                0.0,
                0.0,
                0.0,
                0.0,
                0.0,
                0.0,
                0.0,
                0.0,
                0.0,
                0.0,
                0.0,
                0.0,
                0.0,
                0.0,
                0.0
            ],
            "average_cpu_busy": 0.0,
            "user_cpu_time": 0.003535,
            "sys_cpu_time": 0.017675,
            "total_cpu_time": 0.02121,
            "max_rss": 38272,
            "exit_code": 256,
            "failed": false
        }
    ]
}