{
    "bench": "nbody-1.java",
    "language": "java",
    "input": 50000.0,
    "average_run_time": 1189001.6666666667,
    "maximum_run_time": 1351134.0,
    "minimum_run_time": 1121764.0,
    "average_cpu_time": 0.0513945,
    "minimum_cpu_time": 0.050601,
    "maximum_cpu_time": 0.052048,
    "average_cpu_busy": 0,
    "average_ram_load": 0,
    "run_results": [
        {
            "index": 0,
            "input": 50000.0,
            "run_time": 1221742.0,
            "start_time": 1680003239862426396,
            "stop_time": 1680003239863648138,
            "ram_samples": [],
            "cpu_samples": [
                0.0,
                0.0,
                0.0,
                0.0,
                0.0,
                0.0,
                0.0,
                0.0,
                0.0,
                0.0,
                0.0,
                0.0,
                0.0,
                0.0,
                0.0,
                0.0
            ],
            "average_cpu_busy": 0.0,
            "user_cpu_time": 0.043335,
            "sys_cpu_time": 0.008667,
            "total_cpu_time": 0.052002,
            "max_rss": 42368,
            "exit_code": 256,
            "failed": false
        },
        {
            "index": 1,
            "input": 50000.0,
            "run_time": 1155788.0,
            "start_time": 1680003239911076673,
            "stop_time": 1680003239912232461,
            "ram_samples": [],
            "cpu_samples": [
                0.0,
                0.0,
                0.0,
                0.0,
                0.0,
                0.0,
                0.0,
                0.0,
                0.0,
                0.0,
                0.0,
                0.0,
                0.0,
                0.0,
                0.0,
                0.0
            ],
            "average_cpu_busy": 0.0,
            "user_cpu_time": 0.042887999999999996,
            "sys_cpu_time": 0.008577,
            "total_cpu_time": 0.051465,
            "max_rss": 42856,
            "exit_code": 256,
            "failed": false
        },
        {
            "index": 2,
            "input": 50000.0,
            "run_time": 1351134.0,
            "start_time": 1680003239959631181,
            "stop_time": 1680003239960982315,
            "ram_samples": [],
            "cpu_samples": [
                0.0,
                0.0,
                0.0,
                0.0,
                0.0,
                0.0,
                0.0,
                0.0,
                0.0,
                0.0,
                0.0,
                0.0,
                0.0,
                0.0,
                0.0,
                0.0
            ],
            "average_cpu_busy": 0.0,
            "user_cpu_time": 0.036801,
            "sys_cpu_time": 0.0138,
            "total_cpu_time": 0.050601,
            "max_rss": 42736,
            "exit_code": 256,
            "failed": false
        },
        {
            "index": 3,
            "input": 50000.0,
            "run_time": 1121764.0,
            "start_time": 1680003240006901099,
            "stop_time": 1680003240008022863,
            "ram_samples": [],
            "cpu_samples": [
                0.0,
                0.0,
                0.0,
                0.0,
                0.0,
                0.0,
                0.0,
                0.0,
                0.0,
                0.0,
                0.0,
                0.0,
                0.0,
                0.0,
                0.0,
                0.0
            ],
            "average_cpu_busy": 0.0,
            "user_cpu_time": 0.034699,
            "sys_cpu_time": 0.017349,
            "total_cpu_time": 0.052048,
            "max_rss": 42592,
            "exit_code": 256,
            "failed": false
        },
        {
            "index": 4,
            "input": 50000.0,
            "run_time": 1149325.0,
            "start_time": 1680003240055657415,
            "stop_time": 1680003240056806740,
            "ram_samples": [],
            "cpu_samples": [
                0.0,
                0.0,
                0.0,
                0.0,
                0.0,
                0.0,
                0.0,
                0.0,
                0.0,
                0.0,
                0.0,
                0.0,
                0.0,
                0.0,
                0.0,
                0.0
            ],
            "average_cpu_busy": 0.0,
            "user_cpu_time": 0.035295,
            "sys_cpu_time": 0.015686,
            "total_cpu_time": 0.050981,
            "max_rss": 42496,
            "exit_code": 256,
            "failed": false
        },
        {
            "index": 5,
            "input": 50000.0,
            "run_time": 1134257.0,
            "start_time": 1680003240103251621,
            "stop_time": 1680003240104385878,
            "ram_samples": [],
            "cpu_samples": [
                0.0,
                0.0,
                0.0,
                0.0,
                0.0,
                0.0,
                0.0,
                0.0,
                0.0,
                0.0,
                0.0,
                0.0,
                0.0,
                0.0,
                0.0,
                0.0
            ],
            "average_cpu_busy": 0.0,
            "user_cpu_time": 0.027607,
            "sys_cpu_time": 0.023663,
            "total_cpu_time": 0.051269999999999996,
            "max_rss": 42748,
            "exit_code": 256,
            "failed": false
        }
    ]
}