{
    "bench": "nbody-3.cpp",
    "language": "cpp",
    "input": 10000.0,
    "average_run_time": 909986.5,
    "maximum_run_time": 1065869.0,
    "minimum_run_time": 784000.0,
    "average_cpu_time": 0.0017408333333333332,
    "minimum_cpu_time": 0.001191,
    "maximum_cpu_time": 0.002386,
    "average_cpu_busy": 0,
    "average_ram_load": 0,
    "run_results": [
        {
            "index": 0,
            "input": 10000.0,
            "run_time": 1065869.0,
            "start_time": 1679838013022405603,
            "stop_time": 1679838013023471472,
            "ram_samples": [],
            "cpu_samples": [
                0.0,
                0.0,
                0.0,
                0.0,
                0.0,
                0.0,
                0.0,
                0.0,
                0.0,
                0.0,
                0.0,
                0.0,
                0.0,
                0.0,
                0.0,
                0.0
            ],
            "average_cpu_busy": 0.0,
            "user_cpu_time": 0.002386,
            "sys_cpu_time": 0.0,
            "total_cpu_time": 0.002386,
            "max_rss": 18376,
            "exit_code": 0,
            "failed": false
        },
        {
            "index": 1,
            "input": 10000.0,
            "run_time": 907131.0,
            "start_time": 1679838013028397071,
            "stop_time": 1679838013029304202,
            "ram_samples": [],
            "cpu_samples": [
                0.0,
                0.0,
                0.0,
                0.0,
                0.0,
                0.0,
                0.0,
                0.0,
                0.0,
                0.0,
                0.0,
                0.0,
                0.0,
                0.0,
                0.0,
                0.0
            ],
            "average_cpu_busy": 0.0,
            "user_cpu_time": 0.002127,
            "sys_cpu_time": 0.0,
            "total_cpu_time": 0.002127,
            "max_rss": 18380,
            "exit_code": 0,
            "failed": false
        },
        {
            "index": 2,
            "input": 10000.0,
            "run_time": 937378.0,
            "start_time": 1679838013034114584,
            "stop_time": 1679838013035051962,
            "ram_samples": [],
            "cpu_samples": [
                0.0,
                0.0,
                0.0,
                0.0,
                0.0,
                0.0,
                0.0,
                0.0,
                0.0,
                0.0,
                0.0,
                0.0,
                0.0,
                0.0,
                0.0,
                0.0
            ],
            "average_cpu_busy": 0.0,
            "user_cpu_time": 0.002252,
            "sys_cpu_time": 0.0,
            "total_cpu_time": 0.002252,
            "max_rss": 18380,
            "exit_code": 0,
            "failed": false
        },
        {
            "index": 3,
            "input": 10000.0,
            "run_time": 893385.0,
            "start_time": 1679838013039595875,
            "stop_time": 1679838013040489260,
            "ram_samples": [],
            "cpu_samples": [
                0.0,
                0.0,
                0.0,
                0.0,
                0.0,
                0.0,
                0.0,
                0.0,
                0.0,
                0.0,
                0.0,
                0.0,
                0.0,
                0.0,
                0.0,
                0.0
            ],
            "average_cpu_busy": 0.0,
            "user_cpu_time": 0.0012699999999999999,
            "sys_cpu_time": 0.0,
            "total_cpu_time": 0.0012699999999999999,
            "max_rss": 18384,
            "exit_code": 0,
            "failed": false
        },
        {
            "index": 4,
            "input": 10000.0,
            "run_time": 784000.0,
            "start_time": 1679838013044022828,
            "stop_time": 1679838013044806828,
            "ram_samples": [],
            "cpu_samples": [
                0.0,
                0.0,
                0.0,
                0.0,
                0.0,
                0.0,
                0.0,
                0.0,
                0.0,
                0.0,
                0.0,
                0.0,
                0.0,
                0.0,
                0.0,
                0.0
            ],
            "average_cpu_busy": 0.0,
            "user_cpu_time": 0.001191,
            "sys_cpu_time": 0.0,
            "total_cpu_time": 0.001191,
            "max_rss": 18384,
            "exit_code": 0,
            "failed": false
        },
        {
            "index": 5,
            "input": 10000.0,
            "run_time": 872156.0,
            "start_time": 1679838013048339704,
            "stop_time": 1679838013049211860,
            "ram_samples": [],
            "cpu_samples": [
                0.0,
                0.0,
                0.0,
                0.0,
                0.0,
                0.0,
                0.0,
                0.0,
                0.0,
                0.0,
                0.0,
                0.0,
                0.0,
                0.0,
                0.0,
                0.0
            ],
            "average_cpu_busy": 0.0,
            "user_cpu_time": 0.001219,
            "sys_cpu_time": 0.0,
            "total_cpu_time": 0.001219,
            "max_rss": 18384,
            "exit_code": 0,
            "failed": false
        }
    ]
}