{
    "bench": "nbody-7.c",
    "language": "c",
    "input": 50000.0,
    "average_run_time": 1038153.8333333334,
    "maximum_run_time": 1062223.0,
    "minimum_run_time": 998433.0,
    "average_cpu_time": 0.004905333333333334,
    "minimum_cpu_time": 0.004873,
    "maximum_cpu_time": 0.004952,
    "average_cpu_busy": 0,
    "average_ram_load": 0,
    "run_results": [
        {
            "index": 0,
            "input": 50000.0,
            "run_time": 1034339.0,
            "start_time": 1680003233202904446,
            "stop_time": 1680003233203938785,
            "ram_samples": [],
            "cpu_samples": [
                0.0,
                0.0,
                0.0,
                0.0,
                0.0,
                0.0,
                0.0,
                0.0,
                0.0,
                0.0,
                0.0,
                0.0,
                0.0,
                0.0,
                0.0,
                0.0
            ],
            "average_cpu_busy": 0.0,
            "user_cpu_time": 0.004952,
            "sys_cpu_time": 0.0,
            "total_cpu_time": 0.004952,
            "max_rss": 19780,
            "exit_code": 0,
            "failed": false
        },
        {
            "index": 1,
            "input": 50000.0,
            "run_time": 1062223.0,
            "start_time": 1680003233211278842,
            "stop_time": 1680003233212341065,
            "ram_samples": [],
            "cpu_samples": [
                0.0,
                0.0,
                0.0,
                0.0,
                0.0,
                0.0,
                0.0,
                0.0,
                0.0,
                0.0,
                0.0,
                0.0,
                0.0,
                0.0,
                0.0,
                0.0
            ],
            "average_cpu_busy": 0.0,
            "user_cpu_time": 0.004873,
            "sys_cpu_time": 0.0,
            "total_cpu_time": 0.004873,
            "max_rss": 19780,
            "exit_code": 0,
            "failed": false
        },
        {
            "index": 2,
            "input": 50000.0,
            "run_time": 998433.0,
            "start_time": 1680003233219744330,
            "stop_time": 1680003233220742763,
            "ram_samples": [],
            "cpu_samples": [
                0.0,
                0.0,
                0.0,
                0.0,
                0.0,
                0.0,
                0.0,
                0.0,
                0.0,
                0.0,
                0.0,
                0.0,
                0.0,
                0.0,
                0.0,
                0.0
            ],
            "average_cpu_busy": 0.0,
            "user_cpu_time": 0.004881,
            "sys_cpu_time": 0.0,
            "total_cpu_time": 0.004881,
            "max_rss": 19780,
            "exit_code": 0,
            "failed": false
        },
        {
            "index": 3,
            "input": 50000.0,
            "run_time": 1037827.0,
            "start_time": 1680003233228165003,
            "stop_time": 1680003233229202830,
            "ram_samples": [],
            "cpu_samples": [
                0.0,
                0.0,
                0.0,
                0.0,
                0.0,
                0.0,
                0.0,
                0.0,
                0.0,
                0.0,
                0.0,
                0.0,
                0.0,
                0.0,
                0.0,
                0.0
            ],
            "average_cpu_busy": 0.0,
            "user_cpu_time": 0.0048839999999999995,
            "sys_cpu_time": 0.0,
            "total_cpu_time": 0.0048839999999999995,
            "max_rss": 19780,
            "exit_code": 0,
            "failed": false
        },
        {
            "index": 4,
            "input": 50000.0,
            "run_time": 1037926.0,
            "start_time": 1680003233236773139,
            "stop_time": 1680003233237811065,
            "ram_samples": [],
            "cpu_samples": [
                0.0,
                0.0,
                0.0,
                0.0,
                0.0,
                0.0,
                0.0,
                0.0,
                0.0,
                0.0,
                0.0,
                0.0,
                0.0,
                0.0,
                0.0,
                0.0
            ],
            "average_cpu_busy": 0.0,
            "user_cpu_time": 0.0049369999999999995,
            "sys_cpu_time": 0.0,
            "total_cpu_time": 0.0049369999999999995,
            "max_rss": 19780,
            "exit_code": 0,
            "failed": false
        },
        {
            "index": 5,
            "input": 50000.0,
            "run_time": 1058175.0,
            "start_time": 1680003233245288149,
            "stop_time": 1680003233246346324,
            "ram_samples": [],
            "cpu_samples": [
                0.0,
                0.0,
                0.0,
                0.0,
                0.0,
                0.0,
                0.0,
                0.0,
                0.0,
                0.0,
                0.0,
                0.0,
                0.0,
                0.0,
                0.0,
                0.0
            ],
            "average_cpu_busy": 0.0,
            "user_cpu_time": 0.004905,
            "sys_cpu_time": 0.0,
            "total_cpu_time": 0.004905,
            "max_rss": 19780,
            "exit_code": 0,
            "failed": false
        }
    ]
}