{
    "bench": "nbody-1.rust",
    "language": "rust",
    "input": 30000.0,
    "average_run_time": 906951.0,
    "maximum_run_time": 1114139.0,
    "minimum_run_time": 808215.0,
    "average_cpu_time": 0.0028351666666666664,
    "minimum_cpu_time": 0.002761,
    "maximum_cpu_time": 0.002904,
    "average_cpu_busy": 0,
    "average_ram_load": 0,
    "run_results": [
        {
            "index": 0,
            "input": 30000.0,
            "run_time": 897113.0,
            "start_time": 1680003238239137952,
            "stop_time": 1680003238240035065,
            "ram_samples": [],
            "cpu_samples": [
                0.0,
                0.0,
                0.0,
                0.0,
                0.0,
                0.0,
                0.0,
                0.0,
                0.0,
                0.0,
                0.0,
                0.0,
                0.0,
                0.0,
                0.0,
                0.0
            ],
            "average_cpu_busy": 0.0,
            "user_cpu_time": 0.002817,
            "sys_cpu_time": 0.0,
            "total_cpu_time": 0.002817,
            "max_rss": 20720,
            "exit_code": 0,
            "failed": false
        },
        {
            "index": 1,
            "input": 30000.0,
            "run_time": 922460.0,
            "start_time": 1680003238245746307,
            "stop_time": 1680003238246668767,
            "ram_samples": [],
            "cpu_samples": [
                0.0,
                0.0,
                0.0,
                0.0,
                0.0,
                0.0,
                0.0,
                0.0,
                0.0,
                0.0,
                0.0,
                0.0,
                0.0,
                0.0,
                0.0,
                0.0
            ],
            "average_cpu_busy": 0.0,
            "user_cpu_time": 0.0,
            "sys_cpu_time": 0.002828,
            "total_cpu_time": 0.002828,
            "max_rss": 20724,
            "exit_code": 0,
            "failed": false
        },
        {
            "index": 2,
            "input": 30000.0,
            "run_time": 1114139.0,
            "start_time": 1680003238252391721,
            "stop_time": 1680003238253505860,
            "ram_samples": [],
            "cpu_samples": [
                0.0,
                0.0,
                0.0,
                0.0,
                0.0,
                0.0,
                0.0,
                0.0,
                0.0,
                0.0,
                0.0,
                0.0,
                0.0,
                0.0,
                0.0,
                0.0
            ],
            "average_cpu_busy": 0.0,
            "user_cpu_time": 0.002761,
            "sys_cpu_time": 0.0,
            "total_cpu_time": 0.002761,
            "max_rss": 20724,
            "exit_code": 0,
            "failed": false
        },
        {
            "index": 3,
            "input": 30000.0,
            "run_time": 878087.0,
            "start_time": 1680003238258882014,
            "stop_time": 1680003238259760101,
            "ram_samples": [],
            "cpu_samples": [
                0.0,
                0.0,
                0.0,
                0.0,
                0.0,
                0.0,
                0.0,
                0.0,
                0.0,
                0.0,
                0.0,
                0.0,
                0.0,
                0.0,
                0.0,
                0.0
            ],
            "average_cpu_busy": 0.0,
            "user_cpu_time": 0.002888,
            "sys_cpu_time": 0.0,
            "total_cpu_time": 0.002888,
            "max_rss": 20724,
            "exit_code": 0,
            "failed": false
        },
        {
            "index": 4,
            "input": 30000.0,
            "run_time": 821692.0,
            "start_time": 1680003238265026097,
            "stop_time": 1680003238265847789,
            "ram_samples": [],
            "cpu_samples": [
                0.0,
                0.0,
                0.0,
                0.0,
                0.0,
                0.0,
                0.0,
                0.0,
                0.0,
                0.0,
                0.0,
                0.0,
                0.0,
                0.0,
                0.0,
                0.0
            ],
            "average_cpu_busy": 0.0,
            "user_cpu_time": 0.002813,
            "sys_cpu_time": 0.0,
            "total_cpu_time": 0.002813,
            "max_rss": 20724,
            "exit_code": 0,
            "failed": false
        },
        {
            "index": 5,
            "input": 30000.0,
            "run_time": 808215.0,
            "start_time": 1680003238270795118,
            "stop_time": 1680003238271603333,
            "ram_samples": [],
            "cpu_samples": [
                0.0,
                0.0,
                0.0,
                0.0,
                0.0,
                0.0,
                0.0,
                0.0,
                0.0,
                0.0,
                0.0,
                0.0,
                0.0,
                0.0,
                0.0,
                0.0
            ],
            "average_cpu_busy": 0.0,
            "user_cpu_time": 0.002904,
            "sys_cpu_time": 0.0,
            "total_cpu_time": 0.002904,
            "max_rss": 20724,
            "exit_code": 0,
            "failed": false
        }
    ]
}