{
    "bench": "nbody-2.c",
    "language": "c",
    "input": 20000.0,
    "average_runtime": 831853.6666666666,
    "average_cpu_busy": 0.0,
    "average_ram_load": 0,
    "run_results": [
        {
            "index": 0,
            "input": 20000.0,
            "run_time": 785593.0,
            "start_time": 1679835072269728567,
            "stop_time": 1679835072270514160,
            "ram_samples": [],
            "cpu_samples": [
                0.0,
                0.0,
                0.0,
                0.0,
                0.0,
                0.0,
                0.0,
                0.0,
                0.0,
                0.0,
                0.0,
                0.0,
                0.0,
                0.0,
                0.0,
                0.0
            ],
            "average_cpu_busy": 0.0,
            "user_cpu_time": 0.002177,
            "sys_cpu_time": 0.0,
            "total_cpu_time": 0.002177,
            "max_rss": 18580,
            "exit_code": 0,
            "failed": false
        },
        {
            "index": 1,
            "input": 20000.0,
            "run_time": 916790.0,
            "start_time": 1679835072274869058,
            "stop_time": 1679835072275785848,
            "ram_samples": [],
            "cpu_samples": [
                0.0,
                0.0,
                0.0,
                0.0,
                0.0,
                0.0,
                0.0,
                0.0,
                0.0,
                0.0,
                0.0,
                0.0,
                0.0,
                0.0,
                0.0,
                0.0
            ],
            "average_cpu_busy": 0.0,
            "user_cpu_time": 0.002238,
            "sys_cpu_time": 0.0,
            "total_cpu_time": 0.002238,
            "max_rss": 18584,
            "exit_code": 0,
            "failed": false
        },
        {
            "index": 2,
            "input": 20000.0,
            "run_time": 769814.0,
            "start_time": 1679835072279849319,
            "stop_time": 1679835072280619133,
            "ram_samples": [],
            "cpu_samples": [
                0.0,
                0.0,
                0.0,
                0.0,
                0.0,
                0.0,
                0.0,
                0.0,
                0.0,
                0.0,
                0.0,
                0.0,
                0.0,
                0.0,
                0.0,
                0.0
            ],
            "average_cpu_busy": 0.0,
            "user_cpu_time": 0.002167,
            "sys_cpu_time": 0.0,
            "total_cpu_time": 0.002167,
            "max_rss": 18584,
            "exit_code": 0,
            "failed": false
        },
        {
            "index": 3,
            "input": 20000.0,
            "run_time": 888397.0,
            "start_time": 1679835072284895964,
            "stop_time": 1679835072285784361,
            "ram_samples": [],
            "cpu_samples": [
                0.0,
                0.0,
                0.0,
                0.0,
                0.0,
                0.0,
                0.0,
                0.0,
                0.0,
                0.0,
                0.0,
                0.0,
                0.0,
                0.0,
                0.0,
                0.0
            ],
            "average_cpu_busy": 0.0,
            "user_cpu_time": 0.002188,
            "sys_cpu_time": 0.0,
            "total_cpu_time": 0.002188,
            "max_rss": 18588,
            "exit_code": 0,
            "failed": false
        },
        {
            "index": 4,
            "input": 20000.0,
            "run_time": 801453.0,
            "start_time": 1679835072289853733,
            "stop_time": 1679835072290655186,
            "ram_samples": [],
            "cpu_samples": [
                0.0,
                0.0,
                0.0,
                0.0,
                0.0,
                0.0,
                0.0,
                0.0,
                0.0,
                0.0,
                0.0,
                0.0,
                0.0,
                0.0,
                0.0,
                0.0
            ],
            "average_cpu_busy": 0.0,
            "user_cpu_time": 0.0,
            "sys_cpu_time": 0.002215,
            "total_cpu_time": 0.002215,
            "max_rss": 18588,
            "exit_code": 0,
            "failed": false
        },
        {
            "index": 5,
            "input": 20000.0,
            "run_time": 829075.0,
            "start_time": 1679835072295169623,
            "stop_time": 1679835072295998698,
            "ram_samples": [],
            "cpu_samples": [
                0.0,
                0.0,
                0.0,
                0.0,
                0.0,
                0.0,
                0.0,
                0.0,
                0.0,
                0.0,
                0.0,
                0.0,
                0.0,
                0.0,
                0.0,
                0.0
            ],
            "average_cpu_busy": 0.0,
            "user_cpu_time": 0.002219,
            "sys_cpu_time": 0.0,
            "total_cpu_time": 0.002219,
            "max_rss": 18588,
            "exit_code": 0,
            "failed": false
        }
    ],
    "maximum_runtime": 916790.0,
    "minimum_runtime": 769814.0
}