{
    "bench": "nbody-3.java",
    "language": "java",
    "input": 20000.0,
    "average_runtime": 1112454.6666666667,
    "average_cpu_busy": 1.8785233333333332e-07,
    "average_ram_load": 0,
    "run_results": [
        {
            "index": 0,
            "input": 20000.0,
            "run_time": 1100013.0,
            "start_time": 1679756190451298115,
            "stop_time": 1679756190452398128,
            "ram_samples": [],
            "cpu_samples": [
                0.0,
                0.0,
                0.0,
                0.0,
                0.0,
                0.0,
                0.0,
                0.0,
                0.0,
                0.0,
                0.0,
                0.0,
                0.0,
                0.0,
                0.0,
                0.0
            ],
            "average_cpu_busy": 0.0,
            "user_cpu_time": 0.003294,
            "sys_cpu_time": 0.016474,
            "total_cpu_time": 0.019768,
            "max_rss": 38144,
            "exit_code": 256,
            "failed": false
        },
        {
            "index": 1,
            "input": 20000.0,
            "run_time": 1064817.0,
            "start_time": 1679756190472267184,
            "stop_time": 1679756190473332001,
            "ram_samples": [],
            "cpu_samples": [
                0.0,
                0.0,
                0.0,
                0.0,
                0.0,
                0.0,
                0.0,
                0.0,
                0.0,
                0.0,
                0.0,
                0.0,
                0.0,
                0.0,
                0.0,
                0.0
            ],
            "average_cpu_busy": 0.0,
            "user_cpu_time": 0.013755999999999999,
            "sys_cpu_time": 0.0068779999999999996,
            "total_cpu_time": 0.020634,
            "max_rss": 38016,
            "exit_code": 256,
            "failed": false
        },
        {
            "index": 2,
            "input": 20000.0,
            "run_time": 1127114.0,
            "start_time": 1679756190494247830,
            "stop_time": 1679756190495374944,
            "ram_samples": [],
            "cpu_samples": [
                0.0,
                0.0,
                0.0,
                0.0,
                0.0,
                0.0,
                0.0,
                0.0,
                0.0,
                0.0,
                100.0,
                0.0,
                0.0,
                0.0,
                0.0,
                0.0
            ],
            "average_cpu_busy": 1.127114e-06,
            "user_cpu_time": 0.012024,
            "sys_cpu_time": 0.008015999999999999,
            "total_cpu_time": 0.02004,
            "max_rss": 37888,
            "exit_code": 256,
            "failed": false
        },
        {
            "index": 3,
            "input": 20000.0,
            "run_time": 1151620.0,
            "start_time": 1679756190516010538,
            "stop_time": 1679756190517162158,
            "ram_samples": [],
            "cpu_samples": [
                0.0,
                0.0,
                0.0,
                0.0,
                0.0,
                0.0,
                0.0,
                0.0,
                0.0,
                0.0,
                0.0,
                0.0,
                0.0,
                0.0,
                0.0,
                0.0
            ],
            "average_cpu_busy": 0.0,
            "user_cpu_time": 0.004974,
            "sys_cpu_time": 0.014922999999999999,
            "total_cpu_time": 0.019896999999999998,
            "max_rss": 38016,
            "exit_code": 256,
            "failed": false
        },
        {
            "index": 4,
            "input": 20000.0,
            "run_time": 1108008.0,
            "start_time": 1679756190537432907,
            "stop_time": 1679756190538540915,
            "ram_samples": [],
            "cpu_samples": [
                0.0,
                0.0,
                0.0,
                0.0,
                0.0,
                0.0,
                0.0,
                0.0,
                0.0,
                0.0,
                0.0,
                0.0,
                0.0,
                0.0,
                0.0,
                0.0
            ],
            "average_cpu_busy": 0.0,
            "user_cpu_time": 0.016371999999999998,
            "sys_cpu_time": 0.004092999999999999,
            "total_cpu_time": 0.020464999999999997,
            "max_rss": 38016,
            "exit_code": 256,
            "failed": false
        },
        {
            "index": 5,
            "input": 20000.0,
            "run_time": 1123156.0,
            "start_time": 1679756190559441967,
            "stop_time": 1679756190560565123,
            "ram_samples": [],
            "cpu_samples": [
                0.0,
                0.0,
                0.0,
                0.0,
                0.0,
                0.0,
                0.0,
                0.0,
                0.0,
                0.0,
                0.0,
                0.0,
                0.0,
                0.0,
                0.0,
                0.0
            ],
            "average_cpu_busy": 0.0,
            "user_cpu_time": 0.010053999999999999,
            "sys_cpu_time": 0.010053999999999999,
            "total_cpu_time": 0.020107999999999997,
            "max_rss": 37760,
            "exit_code": 256,
            "failed": false
        }
    ]
}