{
    "bench": "nbody-1.ada",
    "language": "ada",
    "input": 10000.0,
    "average_run_time": 933000.0,
    "maximum_run_time": 1095174.0,
    "minimum_run_time": 830658.0,
    "average_cpu_time": 0.0022211666666666664,
    "minimum_cpu_time": 0.0018759999999999998,
    "maximum_cpu_time": 0.0032619999999999997,
    "average_cpu_busy": 0,
    "average_ram_load": 0,
    "run_results": [
        {
            "index": 0,
            "input": 10000.0,
            "run_time": 1095174.0,
            "start_time": 1680003233595278311,
            "stop_time": 1680003233596373485,
            "ram_samples": [],
            "cpu_samples": [
                0.0,
                0.0,
                0.0,
                0.0,
                0.0,
                0.0,
                0.0,
                0.0,
                0.0,
                0.0,
                0.0,
                0.0,
                0.0,
                0.0,
                0.0,
                0.0
            ],
            "average_cpu_busy": 0.0,
            "user_cpu_time": 0.002074,
            "sys_cpu_time": 0.0,
            "total_cpu_time": 0.002074,
            "max_rss": 19812,
            "exit_code": 0,
            "failed": false
        },
        {
            "index": 1,
            "input": 10000.0,
            "run_time": 892003.0,
            "start_time": 1680003233601388741,
            "stop_time": 1680003233602280744,
            "ram_samples": [],
            "cpu_samples": [
                0.0,
                0.0,
                0.0,
                0.0,
                0.0,
                0.0,
                0.0,
                0.0,
                0.0,
                0.0,
                0.0,
                0.0,
                0.0,
                0.0,
                0.0,
                0.0
            ],
            "average_cpu_busy": 0.0,
            "user_cpu_time": 0.0,
            "sys_cpu_time": 0.0018759999999999998,
            "total_cpu_time": 0.0018759999999999998,
            "max_rss": 19812,
            "exit_code": 0,
            "failed": false
        },
        {
            "index": 2,
            "input": 10000.0,
            "run_time": 874901.0,
            "start_time": 1680003233607613637,
            "stop_time": 1680003233608488538,
            "ram_samples": [],
            "cpu_samples": [
                0.0,
                0.0,
                0.0,
                0.0,
                0.0,
                0.0,
                0.0,
                0.0,
                0.0,
                0.0,
                0.0,
                0.0,
                0.0,
                0.0,
                0.0,
                0.0
            ],
            "average_cpu_busy": 0.0,
            "user_cpu_time": 0.002254,
            "sys_cpu_time": 0.0,
            "total_cpu_time": 0.002254,
            "max_rss": 19812,
            "exit_code": 0,
            "failed": false
        },
        {
            "index": 3,
            "input": 10000.0,
            "run_time": 1031635.0,
            "start_time": 1680003233614067491,
            "stop_time": 1680003233615099126,
            "ram_samples": [],
            "cpu_samples": [
                0.0,
                0.0,
                0.0,
                0.0,
                0.0,
                0.0,
                0.0,
                0.0,
                0.0,
                0.0,
                0.0,
                0.0,
                0.0,
                0.0,
                0.0,
                0.0
            ],
            "average_cpu_busy": 0.0,
            "user_cpu_time": 0.001949,
            "sys_cpu_time": 0.0,
            "total_cpu_time": 0.001949,
            "max_rss": 19812,
            "exit_code": 0,
            "failed": false
        },
        {
            "index": 4,
            "input": 10000.0,
            "run_time": 873629.0,
            "start_time": 1680003233619648128,
            "stop_time": 1680003233620521757,
            "ram_samples": [],
            "cpu_samples": [
                0.0,
                0.0,
                0.0,
                0.0,
                0.0,
                0.0,
                0.0,
                0.0,
                0.0,
                0.0,
                0.0,
                0.0,
                0.0,
                0.0,
                0.0,
                0.0
            ],
            "average_cpu_busy": 0.0,
            "user_cpu_time": 0.0032619999999999997,
            "sys_cpu_time": 0.0,
            "total_cpu_time": 0.0032619999999999997,
            "max_rss": 19812,
            "exit_code": 0,
            "failed": false
        },
        {
            "index": 5,
            "input": 10000.0,
            "run_time": 830658.0,
            "start_time": 1680003233626059523,
            "stop_time": 1680003233626890181,
            "ram_samples": [],
            "cpu_samples": [
                0.0,
                0.0,
                0.0,
                0.0,
                0.0,
                0.0,
                0.0,
                0.0,
                0.0,
                0.0,
                0.0,
                0.0,
                0.0,
                0.0,
                0.0,
                0.0
            ],
            "average_cpu_busy": 0.0,
            "user_cpu_time": 0.0,
            "sys_cpu_time": 0.0019119999999999999,
            "total_cpu_time": 0.0019119999999999999,
            "max_rss": 19812,
            "exit_code": 0,
            "failed": false
        }
    ]
}