{
    "bench": "nbody-1.cpp",
    "language": "cpp",
    "input": 10000.0,
    "average_runtime": 867438.3333333334,
    "average_cpu_busy": 1.4296633333333333e-07,
    "average_ram_load": 0,
    "run_results": [
        {
            "index": 0,
            "input": 10000.0,
            "run_time": 857798.0,
            "start_time": 1679756189905980383,
            "stop_time": 1679756189906838181,
            "ram_samples": [],
            "cpu_samples": [
                0.0,
                0.0,
                0.0,
                0.0,
                0.0,
                0.0,
                0.0,
                100.0,
                0.0,
                0.0,
                0.0,
                0.0,
                0.0,
                0.0,
                0.0,
                0.0
            ],
            "average_cpu_busy": 8.577979999999999e-07,
            "user_cpu_time": 0.0,
            "sys_cpu_time": 0.001158,
            "total_cpu_time": 0.001158,
            "max_rss": 18084,
            "exit_code": 0,
            "failed": false
        },
        {
            "index": 1,
            "input": 10000.0,
            "run_time": 803457.0,
            "start_time": 1679756189910403418,
            "stop_time": 1679756189911206875,
            "ram_samples": [],
            "cpu_samples": [
                0.0,
                0.0,
                0.0,
                0.0,
                0.0,
                0.0,
                0.0,
                0.0,
                0.0,
                0.0,
                0.0,
                0.0,
                0.0,
                0.0,
                0.0,
                0.0
            ],
            "average_cpu_busy": 0.0,
            "user_cpu_time": 0.001109,
            "sys_cpu_time": 0.0,
            "total_cpu_time": 0.001109,
            "max_rss": 18088,
            "exit_code": 0,
            "failed": false
        },
        {
            "index": 2,
            "input": 10000.0,
            "run_time": 1087089.0,
            "start_time": 1679756189914802790,
            "stop_time": 1679756189915889879,
            "ram_samples": [],
            "cpu_samples": [
                0.0,
                0.0,
                0.0,
                0.0,
                0.0,
                0.0,
                0.0,
                0.0,
                0.0,
                0.0,
                0.0,
                0.0,
                0.0,
                0.0,
                0.0,
                0.0
            ],
            "average_cpu_busy": 0.0,
            "user_cpu_time": 0.0011769999999999999,
            "sys_cpu_time": 0.0,
            "total_cpu_time": 0.0011769999999999999,
            "max_rss": 18088,
            "exit_code": 0,
            "failed": false
        },
        {
            "index": 3,
            "input": 10000.0,
            "run_time": 827883.0,
            "start_time": 1679756189918854619,
            "stop_time": 1679756189919682502,
            "ram_samples": [],
            "cpu_samples": [
                0.0,
                0.0,
                0.0,
                0.0,
                0.0,
                0.0,
                0.0,
                0.0,
                0.0,
                0.0,
                0.0,
                0.0,
                0.0,
                0.0,
                0.0,
                0.0
            ],
            "average_cpu_busy": 0.0,
            "user_cpu_time": 0.001138,
            "sys_cpu_time": 0.0,
            "total_cpu_time": 0.001138,
            "max_rss": 18088,
            "exit_code": 0,
            "failed": false
        },
        {
            "index": 4,
            "input": 10000.0,
            "run_time": 818294.0,
            "start_time": 1679756189922828593,
            "stop_time": 1679756189923646887,
            "ram_samples": [],
            "cpu_samples": [
                0.0,
                0.0,
                0.0,
                0.0,
                0.0,
                0.0,
                0.0,
                0.0,
                0.0,
                0.0,
                0.0,
                0.0,
                0.0,
                0.0,
                0.0,
                0.0
            ],
            "average_cpu_busy": 0.0,
            "user_cpu_time": 0.001112,
            "sys_cpu_time": 0.0,
            "total_cpu_time": 0.001112,
            "max_rss": 18088,
            "exit_code": 0,
            "failed": false
        },
        {
            "index": 5,
            "input": 10000.0,
            "run_time": 810109.0,
            "start_time": 1679756189926695716,
            "stop_time": 1679756189927505825,
            "ram_samples": [],
            "cpu_samples": [
                0.0,
                0.0,
                0.0,
                0.0,
                0.0,
                0.0,
                0.0,
                0.0,
                0.0,
                0.0,
                0.0,
                0.0,
                0.0,
                0.0,
                0.0,
                0.0
            ],
            "average_cpu_busy": 0.0,
            "user_cpu_time": 0.001148,
            "sys_cpu_time": 0.0,
            "total_cpu_time": 0.001148,
            "max_rss": 18088,
            "exit_code": 0,
            "failed": false
        }
    ]
}