{
    "bench": "nbody-1.c",
    "language": "c",
    "input": 20000.0,
    "average_run_time": 877532.5,
    "maximum_run_time": 945103.0,
    "minimum_run_time": 834675.0,
    "average_cpu_time": 0.0022775,
    "minimum_cpu_time": 0.002166,
    "maximum_cpu_time": 0.002708,
    "average_cpu_busy": 0,
    "average_ram_load": 0,
    "run_results": [
        {
            "index": 0,
            "input": 20000.0,
            "run_time": 923202.0,
            "start_time": 1680003236811198389,
            "stop_time": 1680003236812121591,
            "ram_samples": [],
            "cpu_samples": [
                0.0,
                0.0,
                0.0,
                0.0,
                0.0,
                0.0,
                0.0,
                0.0,
                0.0,
                0.0,
                0.0,
                0.0,
                0.0,
                0.0,
                0.0,
                0.0
            ],
            "average_cpu_busy": 0.0,
            "user_cpu_time": 0.002255,
            "sys_cpu_time": 0.0,
            "total_cpu_time": 0.002255,
            "max_rss": 20428,
            "exit_code": 0,
            "failed": false
        },
        {
            "index": 1,
            "input": 20000.0,
            "run_time": 945103.0,
            "start_time": 1680003236817494097,
            "stop_time": 1680003236818439200,
            "ram_samples": [],
            "cpu_samples": [
                0.0,
                0.0,
                0.0,
                0.0,
                0.0,
                0.0,
                0.0,
                0.0,
                0.0,
                0.0,
                0.0,
                0.0,
                0.0,
                0.0,
                0.0,
                0.0
            ],
            "average_cpu_busy": 0.0,
            "user_cpu_time": 0.002708,
            "sys_cpu_time": 0.0,
            "total_cpu_time": 0.002708,
            "max_rss": 20428,
            "exit_code": 0,
            "failed": false
        },
        {
            "index": 2,
            "input": 20000.0,
            "run_time": 854292.0,
            "start_time": 1680003236823578990,
            "stop_time": 1680003236824433282,
            "ram_samples": [],
            "cpu_samples": [
                0.0,
                0.0,
                0.0,
                0.0,
                0.0,
                0.0,
                0.0,
                0.0,
                0.0,
                0.0,
                0.0,
                0.0,
                0.0,
                0.0,
                0.0,
                0.0
            ],
            "average_cpu_busy": 0.0,
            "user_cpu_time": 0.002177,
            "sys_cpu_time": 0.0,
            "total_cpu_time": 0.002177,
            "max_rss": 20432,
            "exit_code": 0,
            "failed": false
        },
        {
            "index": 3,
            "input": 20000.0,
            "run_time": 851066.0,
            "start_time": 1680003236829157433,
            "stop_time": 1680003236830008499,
            "ram_samples": [],
            "cpu_samples": [
                0.0,
                0.0,
                0.0,
                0.0,
                0.0,
                0.0,
                0.0,
                0.0,
                0.0,
                0.0,
                0.0,
                0.0,
                0.0,
                0.0,
                0.0,
                0.0
            ],
            "average_cpu_busy": 0.0,
            "user_cpu_time": 0.002179,
            "sys_cpu_time": 0.0,
            "total_cpu_time": 0.002179,
            "max_rss": 20432,
            "exit_code": 0,
            "failed": false
        },
        {
            "index": 4,
            "input": 20000.0,
            "run_time": 834675.0,
            "start_time": 1680003236834586646,
            "stop_time": 1680003236835421321,
            "ram_samples": [],
            "cpu_samples": [
                0.0,
                0.0,
                0.0,
                0.0,
                0.0,
                0.0,
                0.0,
                0.0,
                0.0,
                0.0,
                0.0,
                0.0,
                0.0,
                0.0,
                0.0,
                0.0
            ],
            "average_cpu_busy": 0.0,
            "user_cpu_time": 0.002166,
            "sys_cpu_time": 0.0,
            "total_cpu_time": 0.002166,
            "max_rss": 20432,
            "exit_code": 0,
            "failed": false
        },
        {
            "index": 5,
            "input": 20000.0,
            "run_time": 856857.0,
            "start_time": 1680003236840049031,
            "stop_time": 1680003236840905888,
            "ram_samples": [],
            "cpu_samples": [
                0.0,
                0.0,
                0.0,
                0.0,
                0.0,
                0.0,
                0.0,
                0.0,
                0.0,
                0.0,
                0.0,
                0.0,
                0.0,
                0.0,
                0.0,
                0.0
            ],
            "average_cpu_busy": 0.0,
            "user_cpu_time": 0.00218,
            "sys_cpu_time": 0.0,
            "total_cpu_time": 0.00218,
            "max_rss": 20432,
            "exit_code": 0,
            "failed": false
        }
    ]
}