{
    "bench": "nbody-2.cpp",
    "language": "cpp",
    "input": 20000.0,
    "average_runtime": 830090.3333333334,
    "average_cpu_busy": 1.3274066666666667e-07,
    "average_ram_load": 0,
    "run_results": [
        {
            "index": 0,
            "input": 20000.0,
            "run_time": 800672.0,
            "start_time": 1679835075361376444,
            "stop_time": 1679835075362177116,
            "ram_samples": [],
            "cpu_samples": [
                0.0,
                0.0,
                0.0,
                0.0,
                0.0,
                0.0,
                0.0,
                0.0,
                0.0,
                0.0,
                0.0,
                0.0,
                0.0,
                0.0,
                0.0,
                0.0
            ],
            "average_cpu_busy": 0.0,
            "user_cpu_time": 0.0,
            "sys_cpu_time": 0.001936,
            "total_cpu_time": 0.001936,
            "max_rss": 18780,
            "exit_code": 0,
            "failed": false
        },
        {
            "index": 1,
            "input": 20000.0,
            "run_time": 798237.0,
            "start_time": 1679835075366544818,
            "stop_time": 1679835075367343055,
            "ram_samples": [],
            "cpu_samples": [
                0.0,
                0.0,
                0.0,
                0.0,
                0.0,
                0.0,
                0.0,
                0.0,
                0.0,
                0.0,
                0.0,
                0.0,
                0.0,
                0.0,
                0.0,
                0.0
            ],
            "average_cpu_busy": 0.0,
            "user_cpu_time": 0.001856,
            "sys_cpu_time": 0.0,
            "total_cpu_time": 0.001856,
            "max_rss": 18784,
            "exit_code": 0,
            "failed": false
        },
        {
            "index": 2,
            "input": 20000.0,
            "run_time": 810981.0,
            "start_time": 1679835075371355380,
            "stop_time": 1679835075372166361,
            "ram_samples": [],
            "cpu_samples": [
                0.0,
                0.0,
                0.0,
                0.0,
                0.0,
                0.0,
                0.0,
                0.0,
                0.0,
                0.0,
                0.0,
                0.0,
                0.0,
                0.0,
                0.0,
                0.0
            ],
            "average_cpu_busy": 0.0,
            "user_cpu_time": 0.00188,
            "sys_cpu_time": 0.0,
            "total_cpu_time": 0.00188,
            "max_rss": 18784,
            "exit_code": 0,
            "failed": false
        },
        {
            "index": 3,
            "input": 20000.0,
            "run_time": 885842.0,
            "start_time": 1679835075376410471,
            "stop_time": 1679835075377296313,
            "ram_samples": [],
            "cpu_samples": [
                0.0,
                0.0,
                0.0,
                0.0,
                0.0,
                0.0,
                0.0,
                0.0,
                0.0,
                0.0,
                0.0,
                0.0,
                0.0,
                0.0,
                0.0,
                0.0
            ],
            "average_cpu_busy": 0.0,
            "user_cpu_time": 0.001903,
            "sys_cpu_time": 0.0,
            "total_cpu_time": 0.001903,
            "max_rss": 18784,
            "exit_code": 0,
            "failed": false
        },
        {
            "index": 4,
            "input": 20000.0,
            "run_time": 888366.0,
            "start_time": 1679835075381264636,
            "stop_time": 1679835075382153002,
            "ram_samples": [],
            "cpu_samples": [
                0.0,
                0.0,
                0.0,
                0.0,
                0.0,
                0.0,
                0.0,
                0.0,
                0.0,
                0.0,
                0.0,
                0.0,
                0.0,
                0.0,
                0.0,
                0.0
            ],
            "average_cpu_busy": 0.0,
            "user_cpu_time": 0.001887,
            "sys_cpu_time": 0.0,
            "total_cpu_time": 0.001887,
            "max_rss": 18784,
            "exit_code": 0,
            "failed": false
        },
        {
            "index": 5,
            "input": 20000.0,
            "run_time": 796444.0,
            "start_time": 1679835075386264934,
            "stop_time": 1679835075387061378,
            "ram_samples": [],
            "cpu_samples": [
                0.0,
                0.0,
                100.0,
                0.0,
                0.0,
                0.0,
                0.0,
                0.0,
                0.0,
                0.0,
                0.0,
                0.0,
                0.0,
                0.0,
                0.0,
                0.0
            ],
            "average_cpu_busy": 7.96444e-07,
            "user_cpu_time": 0.0017809999999999998,
            "sys_cpu_time": 0.0,
            "total_cpu_time": 0.0017809999999999998,
            "max_rss": 18784,
            "exit_code": 0,
            "failed": false
        }
    ],
    "maximum_runtime": 888366.0,
    "minimum_runtime": 796444.0
}