{
    "bench": "nbody-2.rust",
    "language": "rust",
    "input": 30000.0,
    "average_run_time": 865441.3333333334,
    "maximum_run_time": 900659.0,
    "minimum_run_time": 829195.0,
    "average_cpu_time": 0.002251,
    "minimum_cpu_time": 0.0021219999999999998,
    "maximum_cpu_time": 0.002591,
    "average_cpu_busy": 0,
    "average_ram_load": 0,
    "run_results": [
        {
            "index": 0,
            "input": 30000.0,
            "run_time": 891853.0,
            "start_time": 1680003234425963861,
            "stop_time": 1680003234426855714,
            "ram_samples": [],
            "cpu_samples": [
                0.0,
                0.0,
                0.0,
                0.0,
                0.0,
                0.0,
                0.0,
                0.0,
                0.0,
                0.0,
                0.0,
                0.0,
                0.0,
                0.0,
                0.0,
                0.0
            ],
            "average_cpu_busy": 0.0,
            "user_cpu_time": 0.0,
            "sys_cpu_time": 0.0022359999999999997,
            "total_cpu_time": 0.0022359999999999997,
            "max_rss": 20012,
            "exit_code": 0,
            "failed": false
        },
        {
            "index": 1,
            "input": 30000.0,
            "run_time": 829195.0,
            "start_time": 1680003234431378146,
            "stop_time": 1680003234432207341,
            "ram_samples": [],
            "cpu_samples": [
                0.0,
                0.0,
                0.0,
                0.0,
                0.0,
                0.0,
                0.0,
                0.0,
                0.0,
                0.0,
                0.0,
                0.0,
                0.0,
                0.0,
                0.0,
                0.0
            ],
            "average_cpu_busy": 0.0,
            "user_cpu_time": 0.0021219999999999998,
            "sys_cpu_time": 0.0,
            "total_cpu_time": 0.0021219999999999998,
            "max_rss": 20012,
            "exit_code": 0,
            "failed": false
        },
        {
            "index": 2,
            "input": 30000.0,
            "run_time": 900659.0,
            "start_time": 1680003234436558853,
            "stop_time": 1680003234437459512,
            "ram_samples": [],
            "cpu_samples": [
                0.0,
                0.0,
                0.0,
                0.0,
                0.0,
                0.0,
                0.0,
                0.0,
                0.0,
                0.0,
                0.0,
                0.0,
                0.0,
                0.0,
                0.0,
                0.0
            ],
            "average_cpu_busy": 0.0,
            "user_cpu_time": 0.002156,
            "sys_cpu_time": 0.0,
            "total_cpu_time": 0.002156,
            "max_rss": 20012,
            "exit_code": 0,
            "failed": false
        },
        {
            "index": 3,
            "input": 30000.0,
            "run_time": 893966.0,
            "start_time": 1680003234442221053,
            "stop_time": 1680003234443115019,
            "ram_samples": [],
            "cpu_samples": [
                0.0,
                0.0,
                0.0,
                0.0,
                0.0,
                0.0,
                0.0,
                0.0,
                0.0,
                0.0,
                0.0,
                0.0,
                0.0,
                0.0,
                0.0,
                0.0
            ],
            "average_cpu_busy": 0.0,
            "user_cpu_time": 0.002591,
            "sys_cpu_time": 0.0,
            "total_cpu_time": 0.002591,
            "max_rss": 20012,
            "exit_code": 0,
            "failed": false
        },
        {
            "index": 4,
            "input": 30000.0,
            "run_time": 839254.0,
            "start_time": 1680003234447998889,
            "stop_time": 1680003234448838143,
            "ram_samples": [],
            "cpu_samples": [
                0.0,
                0.0,
                0.0,
                0.0,
                0.0,
                0.0,
                0.0,
                0.0,
                0.0,
                0.0,
                0.0,
                0.0,
                0.0,
                0.0,
                0.0,
                0.0
            ],
            "average_cpu_busy": 0.0,
            "user_cpu_time": 0.002179,
            "sys_cpu_time": 0.0,
            "total_cpu_time": 0.002179,
            "max_rss": 20012,
            "exit_code": 0,
            "failed": false
        },
        {
            "index": 5,
            "input": 30000.0,
            "run_time": 837721.0,
            "start_time": 1680003234453139982,
            "stop_time": 1680003234453977703,
            "ram_samples": [],
            "cpu_samples": [
                0.0,
                0.0,
                0.0,
                0.0,
                0.0,
                0.0,
                0.0,
                0.0,
                0.0,
                0.0,
                0.0,
                0.0,
                0.0,
                0.0,
                0.0,
                0.0
            ],
            "average_cpu_busy": 0.0,
            "user_cpu_time": 0.002222,
            "sys_cpu_time": 0.0,
            "total_cpu_time": 0.002222,
            "max_rss": 20016,
            "exit_code": 0,
            "failed": false
        }
    ]
}