{
    "bench": "nbody-1.cpp",
    "language": "cpp",
    "input": 20000.0,
    "average_run_time": 872456.3333333334,
    "maximum_run_time": 957426.0,
    "minimum_run_time": 830427.0,
    "average_cpu_time": 0.0018876666666666662,
    "minimum_cpu_time": 0.001841,
    "maximum_cpu_time": 0.001977,
    "average_cpu_busy": 0,
    "average_ram_load": 0,
    "run_results": [
        {
            "index": 0,
            "input": 20000.0,
            "run_time": 957426.0,
            "start_time": 1680003230735420813,
            "stop_time": 1680003230736378239,
            "ram_samples": [],
            "cpu_samples": [
                0.0,
                0.0,
                0.0,
                0.0,
                0.0,
                0.0,
                0.0,
                0.0,
                0.0,
                0.0,
                0.0,
                0.0,
                0.0,
                0.0,
                0.0,
                0.0
            ],
            "average_cpu_busy": 0.0,
            "user_cpu_time": 0.0018859999999999999,
            "sys_cpu_time": 0.0,
            "total_cpu_time": 0.0018859999999999999,
            "max_rss": 19376,
            "exit_code": 0,
            "failed": false
        },
        {
            "index": 1,
            "input": 20000.0,
            "run_time": 879751.0,
            "start_time": 1680003230740819879,
            "stop_time": 1680003230741699630,
            "ram_samples": [],
            "cpu_samples": [
                0.0,
                0.0,
                0.0,
                0.0,
                0.0,
                0.0,
                0.0,
                0.0,
                0.0,
                0.0,
                0.0,
                0.0,
                0.0,
                0.0,
                0.0,
                0.0
            ],
            "average_cpu_busy": 0.0,
            "user_cpu_time": 0.001875,
            "sys_cpu_time": 0.0,
            "total_cpu_time": 0.001875,
            "max_rss": 19380,
            "exit_code": 0,
            "failed": false
        },
        {
            "index": 2,
            "input": 20000.0,
            "run_time": 859572.0,
            "start_time": 1680003230745915687,
            "stop_time": 1680003230746775259,
            "ram_samples": [],
            "cpu_samples": [
                0.0,
                0.0,
                0.0,
                0.0,
                0.0,
                0.0,
                0.0,
                0.0,
                0.0,
                0.0,
                0.0,
                0.0,
                0.0,
                0.0,
                0.0,
                0.0
            ],
            "average_cpu_busy": 0.0,
            "user_cpu_time": 0.0,
            "sys_cpu_time": 0.001841,
            "total_cpu_time": 0.001841,
            "max_rss": 19380,
            "exit_code": 0,
            "failed": false
        },
        {
            "index": 3,
            "input": 20000.0,
            "run_time": 830427.0,
            "start_time": 1680003230751044006,
            "stop_time": 1680003230751874433,
            "ram_samples": [],
            "cpu_samples": [
                0.0,
                0.0,
                0.0,
                0.0,
                0.0,
                0.0,
                0.0,
                0.0,
                0.0,
                0.0,
                0.0,
                0.0,
                0.0,
                0.0,
                0.0,
                0.0
            ],
            "average_cpu_busy": 0.0,
            "user_cpu_time": 0.001977,
            "sys_cpu_time": 0.0,
            "total_cpu_time": 0.001977,
            "max_rss": 19380,
            "exit_code": 0,
            "failed": false
        },
        {
            "index": 4,
            "input": 20000.0,
            "run_time": 846227.0,
            "start_time": 1680003230756266030,
            "stop_time": 1680003230757112257,
            "ram_samples": [],
            "cpu_samples": [
                0.0,
                0.0,
                0.0,
                0.0,
                0.0,
                0.0,
                0.0,
                0.0,
                0.0,
                0.0,
                0.0,
                0.0,
                0.0,
                0.0,
                0.0,
                0.0
            ],
            "average_cpu_busy": 0.0,
            "user_cpu_time": 0.0,
            "sys_cpu_time": 0.0018479999999999998,
            "total_cpu_time": 0.0018479999999999998,
            "max_rss": 19380,
            "exit_code": 0,
            "failed": false
        },
        {
            "index": 5,
            "input": 20000.0,
            "run_time": 861335.0,
            "start_time": 1680003230761377908,
            "stop_time": 1680003230762239243,
            "ram_samples": [],
            "cpu_samples": [
                0.0,
                0.0,
                0.0,
                0.0,
                0.0,
                0.0,
                0.0,
                0.0,
                0.0,
                0.0,
                0.0,
                0.0,
                0.0,
                0.0,
                0.0,
                0.0
            ],
            "average_cpu_busy": 0.0,
            "user_cpu_time": 0.0018989999999999999,
            "sys_cpu_time": 0.0,
            "total_cpu_time": 0.0018989999999999999,
            "max_rss": 19380,
            "exit_code": 0,
            "failed": false
        }
    ]
}