{
    "bench": "nbody-7.c",
    "language": "c",
    "input": 10000.0,
    "average_run_time": 899583.8333333334,
    "maximum_run_time": 1169734.0,
    "minimum_run_time": 783910.0,
    "average_cpu_time": 0.0015711666666666667,
    "minimum_cpu_time": 0.001305,
    "maximum_cpu_time": 0.002571,
    "average_cpu_busy": 0,
    "average_ram_load": 0,
    "run_results": [
        {
            "index": 0,
            "input": 10000.0,
            "run_time": 1169734.0,
            "start_time": 1679838013670721105,
            "stop_time": 1679838013671890839,
            "ram_samples": [],
            "cpu_samples": [
                0.0,
                0.0,
                0.0,
                0.0,
                0.0,
                0.0,
                0.0,
                0.0,
                0.0,
                0.0,
                0.0,
                0.0,
                0.0,
                0.0,
                0.0,
                0.0
            ],
            "average_cpu_busy": 0.0,
            "user_cpu_time": 0.002571,
            "sys_cpu_time": 0.0,
            "total_cpu_time": 0.002571,
            "max_rss": 18456,
            "exit_code": 0,
            "failed": false
        },
        {
            "index": 1,
            "input": 10000.0,
            "run_time": 884899.0,
            "start_time": 1679838013677360328,
            "stop_time": 1679838013678245227,
            "ram_samples": [],
            "cpu_samples": [
                0.0,
                0.0,
                0.0,
                0.0,
                0.0,
                0.0,
                0.0,
                0.0,
                0.0,
                0.0,
                0.0,
                0.0,
                0.0,
                0.0,
                0.0,
                0.0
            ],
            "average_cpu_busy": 0.0,
            "user_cpu_time": 0.001371,
            "sys_cpu_time": 0.0,
            "total_cpu_time": 0.001371,
            "max_rss": 18460,
            "exit_code": 0,
            "failed": false
        },
        {
            "index": 2,
            "input": 10000.0,
            "run_time": 902262.0,
            "start_time": 1679838013681985673,
            "stop_time": 1679838013682887935,
            "ram_samples": [],
            "cpu_samples": [
                0.0,
                0.0,
                0.0,
                0.0,
                0.0,
                0.0,
                0.0,
                0.0,
                0.0,
                0.0,
                0.0,
                0.0,
                0.0,
                0.0,
                0.0,
                0.0
            ],
            "average_cpu_busy": 0.0,
            "user_cpu_time": 0.0,
            "sys_cpu_time": 0.0015249999999999999,
            "total_cpu_time": 0.0015249999999999999,
            "max_rss": 18460,
            "exit_code": 0,
            "failed": false
        },
        {
            "index": 3,
            "input": 10000.0,
            "run_time": 839375.0,
            "start_time": 1679838013686680448,
            "stop_time": 1679838013687519823,
            "ram_samples": [],
            "cpu_samples": [
                0.0,
                0.0,
                0.0,
                0.0,
                0.0,
                0.0,
                0.0,
                0.0,
                0.0,
                0.0,
                0.0,
                0.0,
                0.0,
                0.0,
                0.0,
                0.0
            ],
            "average_cpu_busy": 0.0,
            "user_cpu_time": 0.00133,
            "sys_cpu_time": 0.0,
            "total_cpu_time": 0.00133,
            "max_rss": 18460,
            "exit_code": 0,
            "failed": false
        },
        {
            "index": 4,
            "input": 10000.0,
            "run_time": 817323.0,
            "start_time": 1679838013691190056,
            "stop_time": 1679838013692007379,
            "ram_samples": [],
            "cpu_samples": [
                0.0,
                0.0,
                0.0,
                0.0,
                0.0,
                0.0,
                0.0,
                0.0,
                0.0,
                0.0,
                0.0,
                0.0,
                0.0,
                0.0,
                0.0,
                0.0
            ],
            "average_cpu_busy": 0.0,
            "user_cpu_time": 0.001305,
            "sys_cpu_time": 0.0,
            "total_cpu_time": 0.001305,
            "max_rss": 18464,
            "exit_code": 0,
            "failed": false
        },
        {
            "index": 5,
            "input": 10000.0,
            "run_time": 783910.0,
            "start_time": 1679838013695226948,
            "stop_time": 1679838013696010858,
            "ram_samples": [],
            "cpu_samples": [
                0.0,
                0.0,
                0.0,
                0.0,
                0.0,
                0.0,
                0.0,
                0.0,
                0.0,
                0.0,
                0.0,
                0.0,
                0.0,
                0.0,
                0.0,
                0.0
            ],
            "average_cpu_busy": 0.0,
            "user_cpu_time": 0.001325,
            "sys_cpu_time": 0.0,
            "total_cpu_time": 0.001325,
            "max_rss": 18464,
            "exit_code": 0,
            "failed": false
        }
    ]
}