{
    "bench": "nbody-1.cpp",
    "language": "cpp",
    "input": 20000.0,
    "average_run_time": 883583.8333333334,
    "maximum_run_time": 1080497.0,
    "minimum_run_time": 815029.0,
    "average_cpu_time": 0.0018663333333333333,
    "minimum_cpu_time": 0.001821,
    "maximum_cpu_time": 0.001908,
    "average_cpu_busy": 0,
    "average_ram_load": 0,
    "run_results": [
        {
            "index": 0,
            "input": 20000.0,
            "run_time": 870372.0,
            "start_time": 1679838012158198481,
            "stop_time": 1679838012159068853,
            "ram_samples": [],
            "cpu_samples": [
                0.0,
                0.0,
                0.0,
                0.0,
                0.0,
                0.0,
                0.0,
                0.0,
                0.0,
                0.0,
                0.0,
                0.0,
                0.0,
                0.0,
                0.0,
                0.0
            ],
            "average_cpu_busy": 0.0,
            "user_cpu_time": 0.001821,
            "sys_cpu_time": 0.0,
            "total_cpu_time": 0.001821,
            "max_rss": 18308,
            "exit_code": 0,
            "failed": false
        },
        {
            "index": 1,
            "input": 20000.0,
            "run_time": 816762.0,
            "start_time": 1679838012163287686,
            "stop_time": 1679838012164104448,
            "ram_samples": [],
            "cpu_samples": [
                0.0,
                0.0,
                0.0,
                0.0,
                0.0,
                0.0,
                0.0,
                0.0,
                0.0,
                0.0,
                0.0,
                0.0,
                0.0,
                0.0,
                0.0,
                0.0
            ],
            "average_cpu_busy": 0.0,
            "user_cpu_time": 0.001893,
            "sys_cpu_time": 0.0,
            "total_cpu_time": 0.001893,
            "max_rss": 18312,
            "exit_code": 0,
            "failed": false
        },
        {
            "index": 2,
            "input": 20000.0,
            "run_time": 1080497.0,
            "start_time": 1679838012168346935,
            "stop_time": 1679838012169427432,
            "ram_samples": [],
            "cpu_samples": [
                0.0,
                0.0,
                0.0,
                0.0,
                0.0,
                0.0,
                0.0,
                0.0,
                0.0,
                0.0,
                0.0,
                0.0,
                0.0,
                0.0,
                0.0,
                0.0
            ],
            "average_cpu_busy": 0.0,
            "user_cpu_time": 0.001841,
            "sys_cpu_time": 0.0,
            "total_cpu_time": 0.001841,
            "max_rss": 18312,
            "exit_code": 0,
            "failed": false
        },
        {
            "index": 3,
            "input": 20000.0,
            "run_time": 815029.0,
            "start_time": 1679838012173434617,
            "stop_time": 1679838012174249646,
            "ram_samples": [],
            "cpu_samples": [
                0.0,
                0.0,
                0.0,
                0.0,
                0.0,
                0.0,
                0.0,
                0.0,
                0.0,
                0.0,
                0.0,
                0.0,
                0.0,
                0.0,
                0.0,
                0.0
            ],
            "average_cpu_busy": 0.0,
            "user_cpu_time": 0.0019,
            "sys_cpu_time": 0.0,
            "total_cpu_time": 0.0019,
            "max_rss": 18312,
            "exit_code": 0,
            "failed": false
        },
        {
            "index": 4,
            "input": 20000.0,
            "run_time": 876253.0,
            "start_time": 1679838012178394380,
            "stop_time": 1679838012179270633,
            "ram_samples": [],
            "cpu_samples": [
                0.0,
                0.0,
                0.0,
                0.0,
                0.0,
                0.0,
                0.0,
                0.0,
                0.0,
                0.0,
                0.0,
                0.0,
                0.0,
                0.0,
                0.0,
                0.0
            ],
            "average_cpu_busy": 0.0,
            "user_cpu_time": 0.0018349999999999998,
            "sys_cpu_time": 0.0,
            "total_cpu_time": 0.0018349999999999998,
            "max_rss": 18312,
            "exit_code": 0,
            "failed": false
        },
        {
            "index": 5,
            "input": 20000.0,
            "run_time": 842590.0,
            "start_time": 1679838012183419094,
            "stop_time": 1679838012184261684,
            "ram_samples": [],
            "cpu_samples": [
                0.0,
                0.0,
                0.0,
                0.0,
                0.0,
                0.0,
                0.0,
                0.0,
                0.0,
                0.0,
                0.0,
                0.0,
                0.0,
                0.0,
                0.0,
                0.0
            ],
            "average_cpu_busy": 0.0,
            "user_cpu_time": 0.001908,
            "sys_cpu_time": 0.0,
            "total_cpu_time": 0.001908,
            "max_rss": 18316,
            "exit_code": 0,
            "failed": false
        }
    ]
}