{
    "bench": "nbody-3.c",
    "language": "c",
    "input": 10000.0,
    "average_run_time": 915350.3333333334,
    "maximum_run_time": 998222.0,
    "minimum_run_time": 855635.0,
    "average_cpu_time": 0.0016799999999999999,
    "minimum_cpu_time": 0.001419,
    "maximum_cpu_time": 0.0027949999999999997,
    "average_cpu_busy": 0,
    "average_ram_load": 0,
    "run_results": [
        {
            "index": 0,
            "input": 10000.0,
            "run_time": 901291.0,
            "start_time": 1679838014230755750,
            "stop_time": 1679838014231657041,
            "ram_samples": [],
            "cpu_samples": [
                0.0,
                0.0,
                0.0,
                0.0,
                0.0,
                0.0,
                0.0,
                0.0,
                0.0,
                0.0,
                0.0,
                0.0,
                0.0,
                0.0,
                0.0,
                0.0
            ],
            "average_cpu_busy": 0.0,
            "user_cpu_time": 0.0014449999999999999,
            "sys_cpu_time": 0.0,
            "total_cpu_time": 0.0014449999999999999,
            "max_rss": 18524,
            "exit_code": 0,
            "failed": false
        },
        {
            "index": 1,
            "input": 10000.0,
            "run_time": 932349.0,
            "start_time": 1679838014235747633,
            "stop_time": 1679838014236679982,
            "ram_samples": [],
            "cpu_samples": [
                0.0,
                0.0,
                0.0,
                0.0,
                0.0,
                0.0,
                0.0,
                0.0,
                0.0,
                0.0,
                0.0,
                0.0,
                0.0,
                0.0,
                0.0,
                0.0
            ],
            "average_cpu_busy": 0.0,
            "user_cpu_time": 0.001485,
            "sys_cpu_time": 0.0,
            "total_cpu_time": 0.001485,
            "max_rss": 18528,
            "exit_code": 0,
            "failed": false
        },
        {
            "index": 2,
            "input": 10000.0,
            "run_time": 874521.0,
            "start_time": 1679838014240823012,
            "stop_time": 1679838014241697533,
            "ram_samples": [],
            "cpu_samples": [
                0.0,
                0.0,
                0.0,
                0.0,
                0.0,
                0.0,
                0.0,
                0.0,
                0.0,
                0.0,
                0.0,
                0.0,
                0.0,
                0.0,
                0.0,
                0.0
            ],
            "average_cpu_busy": 0.0,
            "user_cpu_time": 0.001452,
            "sys_cpu_time": 0.0,
            "total_cpu_time": 0.001452,
            "max_rss": 18528,
            "exit_code": 0,
            "failed": false
        },
        {
            "index": 3,
            "input": 10000.0,
            "run_time": 930084.0,
            "start_time": 1679838014245581107,
            "stop_time": 1679838014246511191,
            "ram_samples": [],
            "cpu_samples": [
                0.0,
                0.0,
                0.0,
                0.0,
                0.0,
                0.0,
                0.0,
                0.0,
                0.0,
                0.0,
                0.0,
                0.0,
                0.0,
                0.0,
                0.0,
                0.0
            ],
            "average_cpu_busy": 0.0,
            "user_cpu_time": 0.0,
            "sys_cpu_time": 0.0014839999999999999,
            "total_cpu_time": 0.0014839999999999999,
            "max_rss": 18528,
            "exit_code": 0,
            "failed": false
        },
        {
            "index": 4,
            "input": 10000.0,
            "run_time": 998222.0,
            "start_time": 1679838014251072576,
            "stop_time": 1679838014252070798,
            "ram_samples": [],
            "cpu_samples": [
                0.0,
                0.0,
                0.0,
                0.0,
                0.0,
                0.0,
                0.0,
                0.0,
                0.0,
                0.0,
                0.0,
                0.0,
                0.0,
                0.0,
                0.0,
                0.0
            ],
            "average_cpu_busy": 0.0,
            "user_cpu_time": 0.0027949999999999997,
            "sys_cpu_time": 0.0,
            "total_cpu_time": 0.0027949999999999997,
            "max_rss": 18532,
            "exit_code": 0,
            "failed": false
        },
        {
            "index": 5,
            "input": 10000.0,
            "run_time": 855635.0,
            "start_time": 1679838014257536670,
            "stop_time": 1679838014258392305,
            "ram_samples": [],
            "cpu_samples": [
                0.0,
                0.0,
                0.0,
                0.0,
                0.0,
                0.0,
                0.0,
                0.0,
                0.0,
                0.0,
                0.0,
                0.0,
                0.0,
                0.0,
                0.0,
                0.0
            ],
            "average_cpu_busy": 0.0,
            "user_cpu_time": 0.001419,
            "sys_cpu_time": 0.0,
            "total_cpu_time": 0.001419,
            "max_rss": 18536,
            "exit_code": 0,
            "failed": false
        }
    ]
}