{
    "bench": "nbody-3.cpp",
    "language": "cpp",
    "input": 50000.0,
    "average_run_time": 884831.1666666666,
    "maximum_run_time": 933130.0,
    "minimum_run_time": 866345.0,
    "average_cpu_time": 0.00424,
    "minimum_cpu_time": 0.004188,
    "maximum_cpu_time": 0.004308,
    "average_cpu_busy": 0,
    "average_ram_load": 0,
    "run_results": [
        {
            "index": 0,
            "input": 50000.0,
            "run_time": 866345.0,
            "start_time": 1680003232300601351,
            "stop_time": 1680003232301467696,
            "ram_samples": [],
            "cpu_samples": [
                0.0,
                0.0,
                0.0,
                0.0,
                0.0,
                0.0,
                0.0,
                0.0,
                0.0,
                0.0,
                0.0,
                0.0,
                0.0,
                0.0,
                0.0,
                0.0
            ],
            "average_cpu_busy": 0.0,
            "user_cpu_time": 0.004235,
            "sys_cpu_time": 0.0,
            "total_cpu_time": 0.004235,
            "max_rss": 19596,
            "exit_code": 0,
            "failed": false
        },
        {
            "index": 1,
            "input": 50000.0,
            "run_time": 878848.0,
            "start_time": 1680003232308605945,
            "stop_time": 1680003232309484793,
            "ram_samples": [],
            "cpu_samples": [
                0.0,
                0.0,
                0.0,
                0.0,
                0.0,
                0.0,
                0.0,
                0.0,
                0.0,
                0.0,
                0.0,
                0.0,
                0.0,
                0.0,
                0.0,
                0.0
            ],
            "average_cpu_busy": 0.0,
            "user_cpu_time": 0.004223,
            "sys_cpu_time": 0.0,
            "total_cpu_time": 0.004223,
            "max_rss": 19600,
            "exit_code": 0,
            "failed": false
        },
        {
            "index": 2,
            "input": 50000.0,
            "run_time": 885902.0,
            "start_time": 1680003232316435770,
            "stop_time": 1680003232317321672,
            "ram_samples": [],
            "cpu_samples": [
                0.0,
                0.0,
                0.0,
                0.0,
                0.0,
                0.0,
                0.0,
                0.0,
                0.0,
                0.0,
                0.0,
                0.0,
                0.0,
                0.0,
                0.0,
                0.0
            ],
            "average_cpu_busy": 0.0,
            "user_cpu_time": 0.004188,
            "sys_cpu_time": 0.0,
            "total_cpu_time": 0.004188,
            "max_rss": 19600,
            "exit_code": 0,
            "failed": false
        },
        {
            "index": 3,
            "input": 50000.0,
            "run_time": 870162.0,
            "start_time": 1680003232324254414,
            "stop_time": 1680003232325124576,
            "ram_samples": [],
            "cpu_samples": [
                0.0,
                0.0,
                0.0,
                0.0,
                0.0,
                0.0,
                0.0,
                0.0,
                0.0,
                0.0,
                0.0,
                0.0,
                0.0,
                0.0,
                0.0,
                0.0
            ],
            "average_cpu_busy": 0.0,
            "user_cpu_time": 0.004232,
            "sys_cpu_time": 0.0,
            "total_cpu_time": 0.004232,
            "max_rss": 19600,
            "exit_code": 0,
            "failed": false
        },
        {
            "index": 4,
            "input": 50000.0,
            "run_time": 874600.0,
            "start_time": 1680003232332043774,
            "stop_time": 1680003232332918374,
            "ram_samples": [],
            "cpu_samples": [
                0.0,
                0.0,
                0.0,
                0.0,
                0.0,
                0.0,
                0.0,
                0.0,
                0.0,
                0.0,
                0.0,
                0.0,
                0.0,
                0.0,
                0.0,
                0.0
            ],
            "average_cpu_busy": 0.0,
            "user_cpu_time": 0.004254,
            "sys_cpu_time": 0.0,
            "total_cpu_time": 0.004254,
            "max_rss": 19604,
            "exit_code": 0,
            "failed": false
        },
        {
            "index": 5,
            "input": 50000.0,
            "run_time": 933130.0,
            "start_time": 1680003232339799270,
            "stop_time": 1680003232340732400,
            "ram_samples": [],
            "cpu_samples": [
                0.0,
                0.0,
                0.0,
                0.0,
                0.0,
                0.0,
                0.0,
                0.0,
                0.0,
                0.0,
                0.0,
                0.0,
                0.0,
                0.0,
                0.0,
                0.0
            ],
            "average_cpu_busy": 0.0,
            "user_cpu_time": 0.004308,
            "sys_cpu_time": 0.0,
            "total_cpu_time": 0.004308,
            "max_rss": 19604,
            "exit_code": 0,
            "failed": false
        }
    ]
}