{
    "bench": "nbody-3.c",
    "input": 20000.0,
    "average_runtime": 900986.6666666666,
    "average_cpu_busy": 0.0,
    "average_ram_load": 0,
    "run_results": [
        {
            "index": 0,
            "input": 20000.0,
            "run_time": 848699.0,
            "start_time": 1679581689761683245,
            "stop_time": 1679581689762531944,
            "ram_samples": [],
            "cpu_samples": [
                0.0,
                0.0,
                0.0,
                0.0,
                0.0,
                0.0,
                0.0,
                0.0,
                0.0,
                0.0,
                0.0,
                0.0,
                0.0,
                0.0,
                0.0,
                0.0
            ],
            "average_cpu_busy": 0.0,
            "user_cpu_time": 0.002315,
            "sys_cpu_time": 0.0,
            "total_cpu_time": 0.002315,
            "max_rss": 17828,
            "exit_code": 0,
            "failed": false
        },
        {
            "index": 1,
            "input": 20000.0,
            "run_time": 890829.0,
            "start_time": 1679581689766949267,
            "stop_time": 1679581689767840096,
            "ram_samples": [],
            "cpu_samples": [
                0.0,
                0.0,
                0.0,
                0.0,
                0.0,
                0.0,
                0.0,
                0.0,
                0.0,
                0.0,
                0.0,
                0.0,
                0.0,
                0.0,
                0.0,
                0.0
            ],
            "average_cpu_busy": 0.0,
            "user_cpu_time": 0.002379,
            "sys_cpu_time": 0.0,
            "total_cpu_time": 0.002379,
            "max_rss": 17768,
            "exit_code": 0,
            "failed": false
        },
        {
            "index": 2,
            "input": 20000.0,
            "run_time": 971182.0,
            "start_time": 1679581689772646392,
            "stop_time": 1679581689773617574,
            "ram_samples": [],
            "cpu_samples": [
                0.0,
                0.0,
                0.0,
                0.0,
                0.0,
                0.0,
                0.0,
                0.0,
                0.0,
                0.0,
                0.0,
                0.0,
                0.0,
                0.0,
                0.0,
                0.0
            ],
            "average_cpu_busy": 0.0,
            "user_cpu_time": 0.004102,
            "sys_cpu_time": 0.0,
            "total_cpu_time": 0.004102,
            "max_rss": 17760,
            "exit_code": 0,
            "failed": false
        },
        {
            "index": 3,
            "input": 20000.0,
            "run_time": 945724.0,
            "start_time": 1679581689780153948,
            "stop_time": 1679581689781099672,
            "ram_samples": [],
            "cpu_samples": [
                0.0,
                0.0,
                0.0,
                0.0,
                0.0,
                0.0,
                0.0,
                0.0,
                0.0,
                0.0,
                0.0,
                0.0,
                0.0,
                0.0,
                0.0,
                0.0
            ],
            "average_cpu_busy": 0.0,
            "user_cpu_time": 0.002401,
            "sys_cpu_time": 0.0,
            "total_cpu_time": 0.002401,
            "max_rss": 17768,
            "exit_code": 0,
            "failed": false
        },
        {
            "index": 4,
            "input": 20000.0,
            "run_time": 901489.0,
            "start_time": 1679581689786091541,
            "stop_time": 1679581689786993030,
            "ram_samples": [],
            "cpu_samples": [
                0.0,
                0.0,
                0.0,
                0.0,
                0.0,
                0.0,
                0.0,
                0.0,
                0.0,
                0.0,
                0.0,
                0.0,
                0.0,
                0.0,
                0.0,
                0.0
            ],
            "average_cpu_busy": 0.0,
            "user_cpu_time": 0.0026049999999999997,
            "sys_cpu_time": 0.0,
            "total_cpu_time": 0.0026049999999999997,
            "max_rss": 17836,
            "exit_code": 0,
            "failed": false
        },
        {
            "index": 5,
            "input": 20000.0,
            "run_time": 847997.0,
            "start_time": 1679581689791845774,
            "stop_time": 1679581689792693771,
            "ram_samples": [],
            "cpu_samples": [
                0.0,
                0.0,
                0.0,
                0.0,
                0.0,
                0.0,
                0.0,
                0.0,
                0.0,
                0.0,
                0.0,
                0.0,
                0.0,
                0.0,
                0.0,
                0.0
            ],
            "average_cpu_busy": 0.0,
            "user_cpu_time": 0.002457,
            "sys_cpu_time": 0.0,
            "total_cpu_time": 0.002457,
            "max_rss": 17836,
            "exit_code": 0,
            "failed": false
        }
    ]
}