{
    "bench": "nbody-1.c",
    "language": "c",
    "input": 20000.0,
    "average_runtime": 918572.8333333334,
    "average_cpu_busy": 0.0,
    "average_ram_load": 0,
    "run_results": [
        {
            "index": 0,
            "input": 20000.0,
            "run_time": 963246.0,
            "start_time": 1679756193886420163,
            "stop_time": 1679756193887383409,
            "ram_samples": [],
            "cpu_samples": [
                0.0,
                0.0,
                0.0,
                0.0,
                0.0,
                0.0,
                0.0,
                0.0,
                0.0,
                0.0,
                0.0,
                0.0,
                0.0,
                0.0,
                0.0,
                0.0
            ],
            "average_cpu_busy": 0.0,
            "user_cpu_time": 0.002288,
            "sys_cpu_time": 0.0,
            "total_cpu_time": 0.002288,
            "max_rss": 18536,
            "exit_code": 0,
            "failed": false
        },
        {
            "index": 1,
            "input": 20000.0,
            "run_time": 941997.0,
            "start_time": 1679756193891985731,
            "stop_time": 1679756193892927728,
            "ram_samples": [],
            "cpu_samples": [
                0.0,
                0.0,
                0.0,
                0.0,
                0.0,
                0.0,
                0.0,
                0.0,
                0.0,
                0.0,
                0.0,
                0.0,
                0.0,
                0.0,
                0.0,
                0.0
            ],
            "average_cpu_busy": 0.0,
            "user_cpu_time": 0.002293,
            "sys_cpu_time": 0.0,
            "total_cpu_time": 0.002293,
            "max_rss": 18540,
            "exit_code": 0,
            "failed": false
        },
        {
            "index": 2,
            "input": 20000.0,
            "run_time": 944632.0,
            "start_time": 1679756193897648682,
            "stop_time": 1679756193898593314,
            "ram_samples": [],
            "cpu_samples": [
                0.0,
                0.0,
                0.0,
                0.0,
                0.0,
                0.0,
                0.0,
                0.0,
                0.0,
                0.0,
                0.0,
                0.0,
                0.0,
                0.0,
                0.0,
                0.0
            ],
            "average_cpu_busy": 0.0,
            "user_cpu_time": 0.0,
            "sys_cpu_time": 0.002204,
            "total_cpu_time": 0.002204,
            "max_rss": 18544,
            "exit_code": 0,
            "failed": false
        },
        {
            "index": 3,
            "input": 20000.0,
            "run_time": 860174.0,
            "start_time": 1679756193903423984,
            "stop_time": 1679756193904284158,
            "ram_samples": [],
            "cpu_samples": [
                0.0,
                0.0,
                0.0,
                0.0,
                0.0,
                0.0,
                0.0,
                0.0,
                0.0,
                0.0,
                0.0,
                0.0,
                0.0,
                0.0,
                0.0,
                0.0
            ],
            "average_cpu_busy": 0.0,
            "user_cpu_time": 0.002342,
            "sys_cpu_time": 0.0,
            "total_cpu_time": 0.002342,
            "max_rss": 18544,
            "exit_code": 0,
            "failed": false
        },
        {
            "index": 4,
            "input": 20000.0,
            "run_time": 913453.0,
            "start_time": 1679756193909288223,
            "stop_time": 1679756193910201676,
            "ram_samples": [],
            "cpu_samples": [
                0.0,
                0.0,
                0.0,
                0.0,
                0.0,
                0.0,
                0.0,
                0.0,
                0.0,
                0.0,
                0.0,
                0.0,
                0.0,
                0.0,
                0.0,
                0.0
            ],
            "average_cpu_busy": 0.0,
            "user_cpu_time": 0.0022619999999999997,
            "sys_cpu_time": 0.0,
            "total_cpu_time": 0.0022619999999999997,
            "max_rss": 18544,
            "exit_code": 0,
            "failed": false
        },
        {
            "index": 5,
            "input": 20000.0,
            "run_time": 887935.0,
            "start_time": 1679756193915282897,
            "stop_time": 1679756193916170832,
            "ram_samples": [],
            "cpu_samples": [
                0.0,
                0.0,
                0.0,
                0.0,
                0.0,
                0.0,
                0.0,
                0.0,
                0.0,
                0.0,
                0.0,
                0.0,
                0.0,
                0.0,
                0.0,
                0.0
            ],
            "average_cpu_busy": 0.0,
            "user_cpu_time": 0.0021869999999999997,
            "sys_cpu_time": 0.0,
            "total_cpu_time": 0.0021869999999999997,
            "max_rss": 18548,
            "exit_code": 0,
            "failed": false
        }
    ]
}