{
    "bench": "nbody-5.ada",
    "language": "ada",
    "input": 10000.0,
    "average_runtime": 934973.6666666666,
    "average_cpu_busy": 1.9106333333333334e-07,
    "average_ram_load": 0,
    "run_results": [
        {
            "index": 0,
            "input": 10000.0,
            "run_time": 870172.0,
            "start_time": 1679756192851733794,
            "stop_time": 1679756192852603966,
            "ram_samples": [],
            "cpu_samples": [
                0.0,
                0.0,
                0.0,
                0.0,
                0.0,
                0.0,
                0.0,
                0.0,
                0.0,
                0.0,
                0.0,
                0.0,
                0.0,
                0.0,
                0.0,
                0.0
            ],
            "average_cpu_busy": 0.0,
            "user_cpu_time": 0.001984,
            "sys_cpu_time": 0.0,
            "total_cpu_time": 0.001984,
            "max_rss": 18436,
            "exit_code": 0,
            "failed": false
        },
        {
            "index": 1,
            "input": 10000.0,
            "run_time": 994054.0,
            "start_time": 1679756192856854178,
            "stop_time": 1679756192857848232,
            "ram_samples": [],
            "cpu_samples": [
                0.0,
                0.0,
                0.0,
                0.0,
                0.0,
                0.0,
                0.0,
                0.0,
                0.0,
                0.0,
                0.0,
                0.0,
                0.0,
                0.0,
                0.0,
                0.0
            ],
            "average_cpu_busy": 0.0,
            "user_cpu_time": 0.0020499999999999997,
            "sys_cpu_time": 0.0,
            "total_cpu_time": 0.0020499999999999997,
            "max_rss": 18436,
            "exit_code": 0,
            "failed": false
        },
        {
            "index": 2,
            "input": 10000.0,
            "run_time": 882065.0,
            "start_time": 1679756192862357770,
            "stop_time": 1679756192863239835,
            "ram_samples": [],
            "cpu_samples": [
                0.0,
                0.0,
                0.0,
                0.0,
                0.0,
                0.0,
                0.0,
                0.0,
                0.0,
                0.0,
                0.0,
                0.0,
                0.0,
                0.0,
                0.0,
                0.0
            ],
            "average_cpu_busy": 0.0,
            "user_cpu_time": 0.0020039999999999997,
            "sys_cpu_time": 0.0,
            "total_cpu_time": 0.0020039999999999997,
            "max_rss": 18436,
            "exit_code": 0,
            "failed": false
        },
        {
            "index": 3,
            "input": 10000.0,
            "run_time": 863460.0,
            "start_time": 1679756192867806179,
            "stop_time": 1679756192868669639,
            "ram_samples": [],
            "cpu_samples": [
                0.0,
                0.0,
                0.0,
                0.0,
                0.0,
                0.0,
                0.0,
                0.0,
                0.0,
                0.0,
                0.0,
                0.0,
                0.0,
                0.0,
                0.0,
                0.0
            ],
            "average_cpu_busy": 0.0,
            "user_cpu_time": 0.001772,
            "sys_cpu_time": 0.0,
            "total_cpu_time": 0.001772,
            "max_rss": 18436,
            "exit_code": 0,
            "failed": false
        },
        {
            "index": 4,
            "input": 10000.0,
            "run_time": 853711.0,
            "start_time": 1679756192872930370,
            "stop_time": 1679756192873784081,
            "ram_samples": [],
            "cpu_samples": [
                0.0,
                0.0,
                0.0,
                0.0,
                0.0,
                0.0,
                0.0,
                0.0,
                0.0,
                0.0,
                0.0,
                0.0,
                0.0,
                0.0,
                0.0,
                0.0
            ],
            "average_cpu_busy": 0.0,
            "user_cpu_time": 0.001856,
            "sys_cpu_time": 0.0,
            "total_cpu_time": 0.001856,
            "max_rss": 18436,
            "exit_code": 0,
            "failed": false
        },
        {
            "index": 5,
            "input": 10000.0,
            "run_time": 1146380.0,
            "start_time": 1679756192878011129,
            "stop_time": 1679756192879157509,
            "ram_samples": [],
            "cpu_samples": [
                0.0,
                0.0,
                0.0,
                0.0,
                0.0,
                100.0,
                0.0,
                0.0,
                0.0,
                0.0,
                0.0,
                0.0,
                0.0,
                0.0,
                0.0,
                0.0
            ],
            "average_cpu_busy": 1.14638e-06,
            "user_cpu_time": 0.003341,
            "sys_cpu_time": 0.0,
            "total_cpu_time": 0.003341,
            "max_rss": 18436,
            "exit_code": 0,
            "failed": false
        }
    ]
}