{
    "bench": "nbody-1.rust",
    "language": "rust",
    "input": 20000.0,
    "average_runtime": 868558.1666666666,
    "average_cpu_busy": 1.4726583333333335e-07,
    "average_ram_load": 0,
    "run_results": [
        {
            "index": 0,
            "input": 20000.0,
            "run_time": 870230.0,
            "start_time": 1679663715631433003,
            "stop_time": 1679663715632303233,
            "ram_samples": [],
            "cpu_samples": [
                0.0,
                0.0,
                0.0,
                0.0,
                0.0,
                0.0,
                0.0,
                0.0,
                0.0,
                0.0,
                0.0,
                0.0,
                0.0,
                0.0,
                0.0,
                0.0
            ],
            "average_cpu_busy": 0.0,
            "user_cpu_time": 0.002045,
            "sys_cpu_time": 0.0,
            "total_cpu_time": 0.002045,
            "max_rss": 18460,
            "exit_code": 0,
            "failed": false
        },
        {
            "index": 1,
            "input": 20000.0,
            "run_time": 848348.0,
            "start_time": 1679663715636705608,
            "stop_time": 1679663715637553956,
            "ram_samples": [],
            "cpu_samples": [
                0.0,
                0.0,
                0.0,
                0.0,
                0.0,
                0.0,
                0.0,
                0.0,
                0.0,
                0.0,
                0.0,
                0.0,
                0.0,
                0.0,
                0.0,
                0.0
            ],
            "average_cpu_busy": 0.0,
            "user_cpu_time": 0.002036,
            "sys_cpu_time": 0.0,
            "total_cpu_time": 0.002036,
            "max_rss": 18468,
            "exit_code": 0,
            "failed": false
        },
        {
            "index": 2,
            "input": 20000.0,
            "run_time": 879988.0,
            "start_time": 1679663715641968123,
            "stop_time": 1679663715642848111,
            "ram_samples": [],
            "cpu_samples": [
                0.0,
                0.0,
                0.0,
                0.0,
                0.0,
                0.0,
                0.0,
                0.0,
                0.0,
                0.0,
                0.0,
                0.0,
                0.0,
                0.0,
                0.0,
                0.0
            ],
            "average_cpu_busy": 0.0,
            "user_cpu_time": 0.002049,
            "sys_cpu_time": 0.0,
            "total_cpu_time": 0.002049,
            "max_rss": 18468,
            "exit_code": 0,
            "failed": false
        },
        {
            "index": 3,
            "input": 20000.0,
            "run_time": 868366.0,
            "start_time": 1679663715647186956,
            "stop_time": 1679663715648055322,
            "ram_samples": [],
            "cpu_samples": [
                0.0,
                0.0,
                0.0,
                0.0,
                0.0,
                0.0,
                0.0,
                0.0,
                0.0,
                0.0,
                0.0,
                0.0,
                0.0,
                0.0,
                0.0,
                0.0
            ],
            "average_cpu_busy": 0.0,
            "user_cpu_time": 0.00203,
            "sys_cpu_time": 0.0,
            "total_cpu_time": 0.00203,
            "max_rss": 18468,
            "exit_code": 0,
            "failed": false
        },
        {
            "index": 4,
            "input": 20000.0,
            "run_time": 860822.0,
            "start_time": 1679663715652339872,
            "stop_time": 1679663715653200694,
            "ram_samples": [],
            "cpu_samples": [
                0.0,
                0.0,
                0.0,
                0.0,
                0.0,
                0.0,
                0.0,
                0.0,
                0.0,
                0.0,
                0.0,
                0.0,
                0.0,
                0.0,
                0.0,
                0.0
            ],
            "average_cpu_busy": 0.0,
            "user_cpu_time": 0.00198,
            "sys_cpu_time": 0.0,
            "total_cpu_time": 0.00198,
            "max_rss": 18468,
            "exit_code": 0,
            "failed": false
        },
        {
            "index": 5,
            "input": 20000.0,
            "run_time": 883595.0,
            "start_time": 1679663715657528747,
            "stop_time": 1679663715658412342,
            "ram_samples": [],
            "cpu_samples": [
                0.0,
                0.0,
                0.0,
                0.0,
                0.0,
                100.0,
                0.0,
                0.0,
                0.0,
                0.0,
                0.0,
                0.0,
                0.0,
                0.0,
                0.0,
                0.0
            ],
            "average_cpu_busy": 8.835950000000001e-07,
            "user_cpu_time": 0.0,
            "sys_cpu_time": 0.002098,
            "total_cpu_time": 0.002098,
            "max_rss": 18464,
            "exit_code": 0,
            "failed": false
        }
    ]
}