{
    "bench": "nbody-2.c",
    "language": "c",
    "input": 20000.0,
    "average_runtime": 850242.6666666666,
    "average_cpu_busy": 0.0,
    "average_ram_load": 0,
    "run_results": [
        {
            "index": 0,
            "input": 20000.0,
            "run_time": 896790.0,
            "start_time": 1679663714530092145,
            "stop_time": 1679663714530988935,
            "ram_samples": [],
            "cpu_samples": [
                0.0,
                0.0,
                0.0,
                0.0,
                0.0,
                0.0,
                0.0,
                0.0,
                0.0,
                0.0,
                0.0,
                0.0,
                0.0,
                0.0,
                0.0,
                0.0
            ],
            "average_cpu_busy": 0.0,
            "user_cpu_time": 0.002149,
            "sys_cpu_time": 0.0,
            "total_cpu_time": 0.002149,
            "max_rss": 18312,
            "exit_code": 0,
            "failed": false
        },
        {
            "index": 1,
            "input": 20000.0,
            "run_time": 823269.0,
            "start_time": 1679663714535491442,
            "stop_time": 1679663714536314711,
            "ram_samples": [],
            "cpu_samples": [
                0.0,
                0.0,
                0.0,
                0.0,
                0.0,
                0.0,
                0.0,
                0.0,
                0.0,
                0.0,
                0.0,
                0.0,
                0.0,
                0.0,
                0.0,
                0.0
            ],
            "average_cpu_busy": 0.0,
            "user_cpu_time": 0.002199,
            "sys_cpu_time": 0.0,
            "total_cpu_time": 0.002199,
            "max_rss": 18312,
            "exit_code": 0,
            "failed": false
        },
        {
            "index": 2,
            "input": 20000.0,
            "run_time": 871502.0,
            "start_time": 1679663714540968105,
            "stop_time": 1679663714541839607,
            "ram_samples": [],
            "cpu_samples": [
                0.0,
                0.0,
                0.0,
                0.0,
                0.0,
                0.0,
                0.0,
                0.0,
                0.0,
                0.0,
                0.0,
                0.0,
                0.0,
                0.0,
                0.0,
                0.0
            ],
            "average_cpu_busy": 0.0,
            "user_cpu_time": 0.002252,
            "sys_cpu_time": 0.0,
            "total_cpu_time": 0.002252,
            "max_rss": 18312,
            "exit_code": 0,
            "failed": false
        },
        {
            "index": 3,
            "input": 20000.0,
            "run_time": 846093.0,
            "start_time": 1679663714546428248,
            "stop_time": 1679663714547274341,
            "ram_samples": [],
            "cpu_samples": [
                0.0,
                0.0,
                0.0,
                0.0,
                0.0,
                0.0,
                0.0,
                0.0,
                0.0,
                0.0,
                0.0,
                0.0,
                0.0,
                0.0,
                0.0,
                0.0
            ],
            "average_cpu_busy": 0.0,
            "user_cpu_time": 0.002188,
            "sys_cpu_time": 0.0,
            "total_cpu_time": 0.002188,
            "max_rss": 18312,
            "exit_code": 0,
            "failed": false
        },
        {
            "index": 4,
            "input": 20000.0,
            "run_time": 866001.0,
            "start_time": 1679663714551620089,
            "stop_time": 1679663714552486090,
            "ram_samples": [],
            "cpu_samples": [
                0.0,
                0.0,
                0.0,
                0.0,
                0.0,
                0.0,
                0.0,
                0.0,
                0.0,
                0.0,
                0.0,
                0.0,
                0.0,
                0.0,
                0.0,
                0.0
            ],
            "average_cpu_busy": 0.0,
            "user_cpu_time": 0.0021479999999999997,
            "sys_cpu_time": 0.0,
            "total_cpu_time": 0.0021479999999999997,
            "max_rss": 18316,
            "exit_code": 0,
            "failed": false
        },
        {
            "index": 5,
            "input": 20000.0,
            "run_time": 797801.0,
            "start_time": 1679663714556924705,
            "stop_time": 1679663714557722506,
            "ram_samples": [],
            "cpu_samples": [
                0.0,
                0.0,
                0.0,
                0.0,
                0.0,
                0.0,
                0.0,
                0.0,
                0.0,
                0.0,
                0.0,
                0.0,
                0.0,
                0.0,
                0.0,
                0.0
            ],
            "average_cpu_busy": 0.0,
            "user_cpu_time": 0.002103,
            "sys_cpu_time": 0.0,
            "total_cpu_time": 0.002103,
            "max_rss": 18316,
            "exit_code": 0,
            "failed": false
        }
    ]
}