{
    "bench": "nbody-3.ada",
    "input": 10000.0,
    "average_runtime": 902741.5,
    "average_cpu_busy": 0.0,
    "average_ram_load": 0,
    "run_results": [
        {
            "index": 0,
            "input": 10000.0,
            "run_time": 961644.0,
            "start_time": 1679581691275703862,
            "stop_time": 1679581691276665506,
            "ram_samples": [],
            "cpu_samples": [
                0.0,
                0.0,
                0.0,
                0.0,
                0.0,
                0.0,
                0.0,
                0.0,
                0.0,
                0.0,
                0.0,
                0.0,
                0.0,
                0.0,
                0.0,
                0.0
            ],
            "average_cpu_busy": 0.0,
            "user_cpu_time": 0.003342,
            "sys_cpu_time": 0.0,
            "total_cpu_time": 0.003342,
            "max_rss": 17980,
            "exit_code": 0,
            "failed": false
        },
        {
            "index": 1,
            "input": 10000.0,
            "run_time": 905517.0,
            "start_time": 1679581691281982024,
            "stop_time": 1679581691282887541,
            "ram_samples": [],
            "cpu_samples": [
                0.0,
                0.0,
                0.0,
                0.0,
                0.0,
                0.0,
                0.0,
                0.0,
                0.0,
                0.0,
                0.0,
                0.0,
                0.0,
                0.0,
                0.0,
                0.0
            ],
            "average_cpu_busy": 0.0,
            "user_cpu_time": 0.002969,
            "sys_cpu_time": 0.0,
            "total_cpu_time": 0.002969,
            "max_rss": 17984,
            "exit_code": 0,
            "failed": false
        },
        {
            "index": 2,
            "input": 10000.0,
            "run_time": 805997.0,
            "start_time": 1679581691287791403,
            "stop_time": 1679581691288597400,
            "ram_samples": [],
            "cpu_samples": [
                0.0,
                0.0,
                0.0,
                0.0,
                0.0,
                0.0,
                0.0,
                0.0,
                0.0,
                0.0,
                0.0,
                0.0,
                0.0,
                0.0,
                0.0,
                0.0
            ],
            "average_cpu_busy": 0.0,
            "user_cpu_time": 0.002044,
            "sys_cpu_time": 0.0,
            "total_cpu_time": 0.002044,
            "max_rss": 17984,
            "exit_code": 0,
            "failed": false
        },
        {
            "index": 3,
            "input": 10000.0,
            "run_time": 885719.0,
            "start_time": 1679581691292528937,
            "stop_time": 1679581691293414656,
            "ram_samples": [],
            "cpu_samples": [
                0.0,
                0.0,
                0.0,
                0.0,
                0.0,
                0.0,
                0.0,
                0.0,
                0.0,
                0.0,
                0.0,
                0.0,
                0.0,
                0.0,
                0.0,
                0.0
            ],
            "average_cpu_busy": 0.0,
            "user_cpu_time": 0.003025,
            "sys_cpu_time": 0.0,
            "total_cpu_time": 0.003025,
            "max_rss": 17988,
            "exit_code": 0,
            "failed": false
        },
        {
            "index": 4,
            "input": 10000.0,
            "run_time": 960772.0,
            "start_time": 1679581691298539700,
            "stop_time": 1679581691299500472,
            "ram_samples": [],
            "cpu_samples": [
                0.0,
                0.0,
                0.0,
                0.0,
                0.0,
                0.0,
                0.0,
                0.0,
                0.0,
                0.0,
                0.0,
                0.0,
                0.0,
                0.0,
                0.0,
                0.0
            ],
            "average_cpu_busy": 0.0,
            "user_cpu_time": 0.003699,
            "sys_cpu_time": 0.0,
            "total_cpu_time": 0.003699,
            "max_rss": 17988,
            "exit_code": 0,
            "failed": false
        },
        {
            "index": 5,
            "input": 10000.0,
            "run_time": 896800.0,
            "start_time": 1679581691305932688,
            "stop_time": 1679581691306829488,
            "ram_samples": [],
            "cpu_samples": [
                0.0,
                0.0,
                0.0,
                0.0,
                0.0,
                0.0,
                0.0,
                0.0,
                0.0,
                0.0,
                0.0,
                0.0,
                0.0,
                0.0,
                0.0,
                0.0
            ],
            "average_cpu_busy": 0.0,
            "user_cpu_time": 0.002046,
            "sys_cpu_time": 0.0,
            "total_cpu_time": 0.002046,
            "max_rss": 18052,
            "exit_code": 0,
            "failed": false
        }
    ]
}