{
    "bench": "nbody-4.java",
    "language": "java",
    "input": 10000.0,
    "average_runtime": 1169471.5,
    "average_cpu_busy": 0.0,
    "average_ram_load": 0,
    "run_results": [
        {
            "index": 0,
            "input": 10000.0,
            "run_time": 1093351.0,
            "start_time": 1679835071852096017,
            "stop_time": 1679835071853189368,
            "ram_samples": [],
            "cpu_samples": [
                0.0,
                0.0,
                0.0,
                0.0,
                0.0,
                0.0,
                0.0,
                0.0,
                0.0,
                0.0,
                0.0,
                0.0,
                0.0,
                0.0,
                0.0,
                0.0
            ],
            "average_cpu_busy": 0.0,
            "user_cpu_time": 0.004181,
            "sys_cpu_time": 0.016725,
            "total_cpu_time": 0.020906,
            "max_rss": 38016,
            "exit_code": 256,
            "failed": false
        },
        {
            "index": 1,
            "input": 10000.0,
            "run_time": 1254232.0,
            "start_time": 1679835071874529663,
            "stop_time": 1679835071875783895,
            "ram_samples": [],
            "cpu_samples": [
                0.0,
                0.0,
                0.0,
                0.0,
                0.0,
                0.0,
                0.0,
                0.0,
                0.0,
                0.0,
                0.0,
                0.0,
                0.0,
                0.0,
                0.0,
                0.0
            ],
            "average_cpu_busy": 0.0,
            "user_cpu_time": 0.005222999999999999,
            "sys_cpu_time": 0.015671,
            "total_cpu_time": 0.020894,
            "max_rss": 38144,
            "exit_code": 256,
            "failed": false
        },
        {
            "index": 2,
            "input": 10000.0,
            "run_time": 1165896.0,
            "start_time": 1679835071896653448,
            "stop_time": 1679835071897819344,
            "ram_samples": [],
            "cpu_samples": [
                0.0,
                0.0,
                0.0,
                0.0,
                0.0,
                0.0,
                0.0,
                0.0,
                0.0,
                0.0,
                0.0,
                0.0,
                0.0,
                0.0,
                0.0,
                0.0
            ],
            "average_cpu_busy": 0.0,
            "user_cpu_time": 0.018258,
            "sys_cpu_time": 0.0036509999999999997,
            "total_cpu_time": 0.021908999999999998,
            "max_rss": 37760,
            "exit_code": 256,
            "failed": false
        },
        {
            "index": 3,
            "input": 10000.0,
            "run_time": 1277225.0,
            "start_time": 1679835071919942438,
            "stop_time": 1679835071921219663,
            "ram_samples": [],
            "cpu_samples": [
                0.0,
                0.0,
                0.0,
                0.0,
                0.0,
                0.0,
                0.0,
                0.0,
                0.0,
                0.0,
                0.0,
                0.0,
                0.0,
                0.0,
                0.0,
                0.0
            ],
            "average_cpu_busy": 0.0,
            "user_cpu_time": 0.011164,
            "sys_cpu_time": 0.011164,
            "total_cpu_time": 0.022328,
            "max_rss": 38144,
            "exit_code": 256,
            "failed": false
        },
        {
            "index": 4,
            "input": 10000.0,
            "run_time": 1096136.0,
            "start_time": 1679835071943845289,
            "stop_time": 1679835071944941425,
            "ram_samples": [],
            "cpu_samples": [
                0.0,
                0.0,
                0.0,
                0.0,
                0.0,
                0.0,
                0.0,
                0.0,
                0.0,
                0.0,
                0.0,
                0.0,
                0.0,
                0.0,
                0.0,
                0.0
            ],
            "average_cpu_busy": 0.0,
            "user_cpu_time": 0.004225,
            "sys_cpu_time": 0.0169,
            "total_cpu_time": 0.021124999999999998,
            "max_rss": 37888,
            "exit_code": 256,
            "failed": false
        },
        {
            "index": 5,
            "input": 10000.0,
            "run_time": 1129989.0,
            "start_time": 1679835071966724030,
            "stop_time": 1679835071967854019,
            "ram_samples": [],
            "cpu_samples": [
                0.0,
                0.0,
                0.0,
                0.0,
                0.0,
                0.0,
                0.0,
                0.0,
                0.0,
                0.0,
                0.0,
                0.0,
                0.0,
                0.0,
                0.0,
                0.0
            ],
            "average_cpu_busy": 0.0,
            "user_cpu_time": 0.017190999999999998,
            "sys_cpu_time": 0.0034379999999999997,
            "total_cpu_time": 0.020628999999999998,
            "max_rss": 37888,
            "exit_code": 256,
            "failed": false
        }
    ],
    "maximum_runtime": 1277225.0,
    "minimum_runtime": 1093351.0
}