{
    "bench": "nbody-3.c",
    "language": "c",
    "input": 20000.0,
    "average_runtime": 948198.3333333334,
    "average_cpu_busy": 3.205895e-07,
    "average_ram_load": 0,
    "run_results": [
        {
            "index": 0,
            "input": 20000.0,
            "run_time": 941215.0,
            "start_time": 1679756192070040302,
            "stop_time": 1679756192070981517,
            "ram_samples": [],
            "cpu_samples": [
                0.0,
                0.0,
                0.0,
                0.0,
                100.0,
                0.0,
                0.0,
                0.0,
                0.0,
                0.0,
                0.0,
                0.0,
                0.0,
                0.0,
                0.0,
                0.0
            ],
            "average_cpu_busy": 9.41215e-07,
            "user_cpu_time": 0.0,
            "sys_cpu_time": 0.002584,
            "total_cpu_time": 0.002584,
            "max_rss": 18328,
            "exit_code": 0,
            "failed": false
        },
        {
            "index": 1,
            "input": 20000.0,
            "run_time": 987753.0,
            "start_time": 1679756192075955256,
            "stop_time": 1679756192076943009,
            "ram_samples": [],
            "cpu_samples": [
                0.0,
                0.0,
                0.0,
                0.0,
                0.0,
                0.0,
                0.0,
                0.0,
                0.0,
                0.0,
                0.0,
                0.0,
                0.0,
                0.0,
                0.0,
                0.0
            ],
            "average_cpu_busy": 0.0,
            "user_cpu_time": 0.00247,
            "sys_cpu_time": 0.0,
            "total_cpu_time": 0.00247,
            "max_rss": 18332,
            "exit_code": 0,
            "failed": false
        },
        {
            "index": 2,
            "input": 20000.0,
            "run_time": 982322.0,
            "start_time": 1679756192082056730,
            "stop_time": 1679756192083039052,
            "ram_samples": [],
            "cpu_samples": [
                0.0,
                0.0,
                0.0,
                0.0,
                0.0,
                0.0,
                100.0,
                0.0,
                0.0,
                0.0,
                0.0,
                0.0,
                0.0,
                0.0,
                0.0,
                0.0
            ],
            "average_cpu_busy": 9.82322e-07,
            "user_cpu_time": 0.002424,
            "sys_cpu_time": 0.0,
            "total_cpu_time": 0.002424,
            "max_rss": 18332,
            "exit_code": 0,
            "failed": false
        },
        {
            "index": 3,
            "input": 20000.0,
            "run_time": 925736.0,
            "start_time": 1679756192088057595,
            "stop_time": 1679756192088983331,
            "ram_samples": [],
            "cpu_samples": [
                0.0,
                0.0,
                0.0,
                0.0,
                0.0,
                0.0,
                0.0,
                0.0,
                0.0,
                0.0,
                0.0,
                0.0,
                0.0,
                0.0,
                0.0,
                0.0
            ],
            "average_cpu_busy": 0.0,
            "user_cpu_time": 0.0023829999999999997,
            "sys_cpu_time": 0.0,
            "total_cpu_time": 0.0023829999999999997,
            "max_rss": 18332,
            "exit_code": 0,
            "failed": false
        },
        {
            "index": 4,
            "input": 20000.0,
            "run_time": 882475.0,
            "start_time": 1679756192093913478,
            "stop_time": 1679756192094795953,
            "ram_samples": [],
            "cpu_samples": [
                0.0,
                0.0,
                0.0,
                0.0,
                0.0,
                0.0,
                0.0,
                0.0,
                0.0,
                0.0,
                0.0,
                0.0,
                0.0,
                0.0,
                0.0,
                0.0
            ],
            "average_cpu_busy": 0.0,
            "user_cpu_time": 0.002348,
            "sys_cpu_time": 0.0,
            "total_cpu_time": 0.002348,
            "max_rss": 18332,
            "exit_code": 0,
            "failed": false
        },
        {
            "index": 5,
            "input": 20000.0,
            "run_time": 969689.0,
            "start_time": 1679756192099403214,
            "stop_time": 1679756192100372903,
            "ram_samples": [],
            "cpu_samples": [
                0.0,
                0.0,
                0.0,
                0.0,
                0.0,
                0.0,
                0.0,
                0.0,
                0.0,
                0.0,
                0.0,
                0.0,
                0.0,
                0.0,
                0.0,
                0.0
            ],
            "average_cpu_busy": 0.0,
            "user_cpu_time": 0.002483,
            "sys_cpu_time": 0.0,
            "total_cpu_time": 0.002483,
            "max_rss": 18332,
            "exit_code": 0,
            "failed": false
        }
    ]
}