{
    "bench": "nbody-1.java",
    "language": "java",
    "input": 10000.0,
    "average_run_time": 1153323.1666666667,
    "maximum_run_time": 1187357.0,
    "minimum_run_time": 1126894.0,
    "average_cpu_time": 0.05078533333333333,
    "minimum_cpu_time": 0.048752,
    "maximum_cpu_time": 0.052825,
    "average_cpu_busy": 0,
    "average_ram_load": 0,
    "run_results": [
        {
            "index": 0,
            "input": 10000.0,
            "run_time": 1187357.0,
            "start_time": 1680003238724255144,
            "stop_time": 1680003238725442501,
            "ram_samples": [],
            "cpu_samples": [
                0.0,
                0.0,
                0.0,
                0.0,
                0.0,
                0.0,
                0.0,
                0.0,
                0.0,
                0.0,
                0.0,
                0.0,
                0.0,
                0.0,
                0.0,
                0.0
            ],
            "average_cpu_busy": 0.0,
            "user_cpu_time": 0.039619,
            "sys_cpu_time": 0.013205999999999999,
            "total_cpu_time": 0.052825,
            "max_rss": 42752,
            "exit_code": 256,
            "failed": false
        },
        {
            "index": 1,
            "input": 10000.0,
            "run_time": 1145298.0,
            "start_time": 1680003238773311243,
            "stop_time": 1680003238774456541,
            "ram_samples": [],
            "cpu_samples": [
                0.0,
                0.0,
                0.0,
                0.0,
                0.0,
                0.0,
                0.0,
                0.0,
                0.0,
                0.0,
                0.0,
                0.0,
                0.0,
                0.0,
                0.0,
                0.0
            ],
            "average_cpu_busy": 0.0,
            "user_cpu_time": 0.041885,
            "sys_cpu_time": 0.009307,
            "total_cpu_time": 0.051192,
            "max_rss": 42496,
            "exit_code": 256,
            "failed": false
        },
        {
            "index": 2,
            "input": 10000.0,
            "run_time": 1136862.0,
            "start_time": 1680003238820819438,
            "stop_time": 1680003238821956300,
            "ram_samples": [],
            "cpu_samples": [
                0.0,
                0.0,
                0.0,
                0.0,
                0.0,
                0.0,
                0.0,
                0.0,
                0.0,
                0.0,
                0.0,
                0.0,
                0.0,
                0.0,
                0.0,
                0.0
            ],
            "average_cpu_busy": 0.0,
            "user_cpu_time": 0.043132,
            "sys_cpu_time": 0.007188,
            "total_cpu_time": 0.05032,
            "max_rss": 42752,
            "exit_code": 256,
            "failed": false
        },
        {
            "index": 3,
            "input": 10000.0,
            "run_time": 1149336.0,
            "start_time": 1680003238867676281,
            "stop_time": 1680003238868825617,
            "ram_samples": [],
            "cpu_samples": [
                0.0,
                0.0,
                0.0,
                0.0,
                0.0,
                0.0,
                0.0,
                0.0,
                0.0,
                0.0,
                0.0,
                0.0,
                0.0,
                0.0,
                0.0,
                0.0
            ],
            "average_cpu_busy": 0.0,
            "user_cpu_time": 0.029251,
            "sys_cpu_time": 0.019500999999999998,
            "total_cpu_time": 0.048752,
            "max_rss": 42624,
            "exit_code": 256,
            "failed": false
        },
        {
            "index": 4,
            "input": 10000.0,
            "run_time": 1126894.0,
            "start_time": 1680003238914652959,
            "stop_time": 1680003238915779853,
            "ram_samples": [],
            "cpu_samples": [
                0.0,
                0.0,
                0.0,
                0.0,
                0.0,
                0.0,
                0.0,
                0.0,
                0.0,
                0.0,
                0.0,
                0.0,
                0.0,
                0.0,
                0.0,
                0.0
            ],
            "average_cpu_busy": 0.0,
            "user_cpu_time": 0.035523,
            "sys_cpu_time": 0.015224,
            "total_cpu_time": 0.050747,
            "max_rss": 42496,
            "exit_code": 256,
            "failed": false
        },
        {
            "index": 5,
            "input": 10000.0,
            "run_time": 1174192.0,
            "start_time": 1680003238961674381,
            "stop_time": 1680003238962848573,
            "ram_samples": [],
            "cpu_samples": [
                0.0,
                0.0,
                0.0,
                0.0,
                0.0,
                0.0,
                0.0,
                0.0,
                0.0,
                0.0,
                0.0,
                0.0,
                100.0,
                0.0,
                0.0,
                0.0
            ],
            "average_cpu_busy": 1.174192e-06,
            "user_cpu_time": 0.047242,
            "sys_cpu_time": 0.0036339999999999996,
            "total_cpu_time": 0.050876,
            "max_rss": 42496,
            "exit_code": 256,
            "failed": false
        }
    ]
}