{
    "bench": "spectralnorm-4.rust",
    "language": "rust",
    "input": 2000.0,
    "average_runtime": 976110.6666666666,
    "average_cpu_busy": 3.2631233333333336e-07,
    "average_ram_load": 0,
    "run_results": [
        {
            "index": 0,
            "input": 2000.0,
            "run_time": 944241.0,
            "start_time": 1679756582700839345,
            "stop_time": 1679756582701783586,
            "ram_samples": [],
            "cpu_samples": [
                0.0,
                0.0,
                0.0,
                0.0,
                0.0,
                0.0,
                0.0,
                0.0,
                0.0,
                0.0,
                0.0,
                0.0,
                0.0,
                0.0,
                0.0,
                0.0
            ],
            "average_cpu_busy": 0.0,
            "user_cpu_time": 0.287364,
            "sys_cpu_time": 0.021445,
            "total_cpu_time": 0.308809,
            "max_rss": 19308,
            "exit_code": 0,
            "failed": false
        },
        {
            "index": 1,
            "input": 2000.0,
            "run_time": 1005215.0,
            "start_time": 1679756582731886146,
            "stop_time": 1679756582732891361,
            "ram_samples": [],
            "cpu_samples": [
                0.0,
                0.0,
                0.0,
                0.0,
                0.0,
                0.0,
                0.0,
                0.0,
                0.0,
                0.0,
                0.0,
                0.0,
                0.0,
                0.0,
                0.0,
                0.0
            ],
            "average_cpu_busy": 0.0,
            "user_cpu_time": 0.31945999999999997,
            "sys_cpu_time": 0.0,
            "total_cpu_time": 0.31945999999999997,
            "max_rss": 19308,
            "exit_code": 0,
            "failed": false
        },
        {
            "index": 2,
            "input": 2000.0,
            "run_time": 954039.0,
            "start_time": 1679756582759001112,
            "stop_time": 1679756582759955151,
            "ram_samples": [],
            "cpu_samples": [
                0.0,
                0.0,
                0.0,
                0.0,
                0.0,
                0.0,
                0.0,
                0.0,
                0.0,
                0.0,
                0.0,
                0.0,
                0.0,
                0.0,
                0.0,
                0.0
            ],
            "average_cpu_busy": 0.0,
            "user_cpu_time": 0.25736,
            "sys_cpu_time": 0.061620999999999995,
            "total_cpu_time": 0.31898099999999996,
            "max_rss": 19308,
            "exit_code": 0,
            "failed": false
        },
        {
            "index": 3,
            "input": 2000.0,
            "run_time": 999474.0,
            "start_time": 1679756582786288411,
            "stop_time": 1679756582787287885,
            "ram_samples": [],
            "cpu_samples": [
                0.0,
                0.0,
                0.0,
                0.0,
                0.0,
                0.0,
                0.0,
                0.0,
                0.0,
                0.0,
                0.0,
                0.0,
                0.0,
                0.0,
                0.0,
                0.0
            ],
            "average_cpu_busy": 0.0,
            "user_cpu_time": 0.31213799999999997,
            "sys_cpu_time": 0.004161,
            "total_cpu_time": 0.316299,
            "max_rss": 19312,
            "exit_code": 0,
            "failed": false
        },
        {
            "index": 4,
            "input": 2000.0,
            "run_time": 978937.0,
            "start_time": 1679756582814034390,
            "stop_time": 1679756582815013327,
            "ram_samples": [],
            "cpu_samples": [
                0.0,
                100.0,
                0.0,
                0.0,
                0.0,
                0.0,
                0.0,
                0.0,
                0.0,
                0.0,
                100.0,
                0.0,
                0.0,
                0.0,
                0.0,
                0.0
            ],
            "average_cpu_busy": 1.957874e-06,
            "user_cpu_time": 0.319997,
            "sys_cpu_time": 0.0,
            "total_cpu_time": 0.319997,
            "max_rss": 19316,
            "exit_code": 0,
            "failed": false
        },
        {
            "index": 5,
            "input": 2000.0,
            "run_time": 974758.0,
            "start_time": 1679756582841026576,
            "stop_time": 1679756582842001334,
            "ram_samples": [],
            "cpu_samples": [
                0.0,
                0.0,
                0.0,
                0.0,
                0.0,
                0.0,
                0.0,
                0.0,
                0.0,
                0.0,
                0.0,
                0.0,
                0.0,
                0.0,
                0.0,
                0.0
            ],
            "average_cpu_busy": 0.0,
            "user_cpu_time": 0.25003,
            "sys_cpu_time": 0.054173,
            "total_cpu_time": 0.304203,
            "max_rss": 19316,
            "exit_code": 0,
            "failed": false
        }
    ]
}