{
    "bench": "spectralnorm-1.ada",
    "language": "ada",
    "input": 2000.0,
    "average_runtime": 1027271.8333333334,
    "average_cpu_busy": 0.0,
    "average_ram_load": 0,
    "run_results": [
        {
            "index": 0,
            "input": 2000.0,
            "run_time": 862949.0,
            "start_time": 1679835458193490504,
            "stop_time": 1679835458194353453,
            "ram_samples": [],
            "cpu_samples": [
                0.0,
                0.0,
                0.0,
                0.0,
                0.0,
                0.0,
                0.0,
                0.0,
                0.0,
                0.0,
                0.0,
                0.0,
                0.0,
                0.0,
                0.0,
                0.0
            ],
            "average_cpu_busy": 0.0,
            "user_cpu_time": 0.207874,
            "sys_cpu_time": 0.0,
            "total_cpu_time": 0.207874,
            "max_rss": 19400,
            "exit_code": 0,
            "failed": false
        },
        {
            "index": 1,
            "input": 2000.0,
            "run_time": 1142083.0,
            "start_time": 1679835458406604725,
            "stop_time": 1679835458407746808,
            "ram_samples": [],
            "cpu_samples": [
                0.0,
                0.0,
                0.0,
                0.0,
                0.0,
                0.0,
                0.0,
                0.0,
                0.0,
                0.0,
                0.0,
                0.0,
                0.0,
                0.0,
                0.0,
                0.0
            ],
            "average_cpu_busy": 0.0,
            "user_cpu_time": 0.202648,
            "sys_cpu_time": 0.0,
            "total_cpu_time": 0.202648,
            "max_rss": 19400,
            "exit_code": 0,
            "failed": false
        },
        {
            "index": 2,
            "input": 2000.0,
            "run_time": 977102.0,
            "start_time": 1679835458613936922,
            "stop_time": 1679835458614914024,
            "ram_samples": [],
            "cpu_samples": [
                0.0,
                0.0,
                0.0,
                0.0,
                0.0,
                0.0,
                0.0,
                0.0,
                0.0,
                0.0,
                0.0,
                0.0,
                0.0,
                0.0,
                0.0,
                0.0
            ],
            "average_cpu_busy": 0.0,
            "user_cpu_time": 0.19607,
            "sys_cpu_time": 0.004001,
            "total_cpu_time": 0.200071,
            "max_rss": 19400,
            "exit_code": 0,
            "failed": false
        },
        {
            "index": 3,
            "input": 2000.0,
            "run_time": 1268459.0,
            "start_time": 1679835458819184328,
            "stop_time": 1679835458820452787,
            "ram_samples": [],
            "cpu_samples": [
                0.0,
                0.0,
                0.0,
                0.0,
                0.0,
                0.0,
                0.0,
                0.0,
                0.0,
                0.0,
                0.0,
                0.0,
                0.0,
                0.0,
                0.0,
                0.0
            ],
            "average_cpu_busy": 0.0,
            "user_cpu_time": 0.202375,
            "sys_cpu_time": 0.0,
            "total_cpu_time": 0.202375,
            "max_rss": 19400,
            "exit_code": 0,
            "failed": false
        },
        {
            "index": 4,
            "input": 2000.0,
            "run_time": 935846.0,
            "start_time": 1679835459027171182,
            "stop_time": 1679835459028107028,
            "ram_samples": [],
            "cpu_samples": [
                0.0,
                0.0,
                0.0,
                0.0,
                0.0,
                0.0,
                0.0,
                0.0,
                0.0,
                0.0,
                0.0,
                0.0,
                0.0,
                0.0,
                0.0,
                0.0
            ],
            "average_cpu_busy": 0.0,
            "user_cpu_time": 0.202765,
            "sys_cpu_time": 0.0,
            "total_cpu_time": 0.202765,
            "max_rss": 19408,
            "exit_code": 0,
            "failed": false
        },
        {
            "index": 5,
            "input": 2000.0,
            "run_time": 977192.0,
            "start_time": 1679835459234864226,
            "stop_time": 1679835459235841418,
            "ram_samples": [],
            "cpu_samples": [
                0.0,
                0.0,
                0.0,
                0.0,
                0.0,
                0.0,
                0.0,
                0.0,
                0.0,
                0.0,
                0.0,
                0.0,
                0.0,
                0.0,
                0.0,
                0.0
            ],
            "average_cpu_busy": 0.0,
            "user_cpu_time": 0.207397,
            "sys_cpu_time": 0.0,
            "total_cpu_time": 0.207397,
            "max_rss": 19408,
            "exit_code": 0,
            "failed": false
        }
    ],
    "maximum_runtime": 1268459.0,
    "minimum_runtime": 862949.0
}