{
    "bench": "spectralnorm-1.cpp",
    "language": "cpp",
    "input": 2000.0,
    "average_runtime": 1021474.5,
    "average_cpu_busy": 0.0,
    "average_ram_load": 0,
    "run_results": [
        {
            "index": 0,
            "input": 2000.0,
            "run_time": 948259.0,
            "start_time": 1679756580462501101,
            "stop_time": 1679756580463449360,
            "ram_samples": [],
            "cpu_samples": [
                0.0,
                0.0,
                0.0,
                0.0,
                0.0,
                0.0,
                0.0,
                0.0,
                0.0,
                0.0,
                0.0,
                0.0,
                0.0,
                0.0,
                0.0,
                0.0
            ],
            "average_cpu_busy": 0.0,
            "user_cpu_time": 0.200021,
            "sys_cpu_time": 0.0,
            "total_cpu_time": 0.200021,
            "max_rss": 19124,
            "exit_code": 0,
            "failed": false
        },
        {
            "index": 1,
            "input": 2000.0,
            "run_time": 991129.0,
            "start_time": 1679756580666827951,
            "stop_time": 1679756580667819080,
            "ram_samples": [],
            "cpu_samples": [
                0.0,
                0.0,
                0.0,
                0.0,
                0.0,
                0.0,
                0.0,
                0.0,
                0.0,
                0.0,
                0.0,
                0.0,
                0.0,
                0.0,
                0.0,
                0.0
            ],
            "average_cpu_busy": 0.0,
            "user_cpu_time": 0.206507,
            "sys_cpu_time": 0.0,
            "total_cpu_time": 0.206507,
            "max_rss": 19252,
            "exit_code": 0,
            "failed": false
        },
        {
            "index": 2,
            "input": 2000.0,
            "run_time": 938290.0,
            "start_time": 1679756580879342477,
            "stop_time": 1679756580880280767,
            "ram_samples": [],
            "cpu_samples": [
                0.0,
                0.0,
                0.0,
                0.0,
                0.0,
                0.0,
                0.0,
                0.0,
                0.0,
                0.0,
                0.0,
                0.0,
                0.0,
                0.0,
                0.0,
                0.0
            ],
            "average_cpu_busy": 0.0,
            "user_cpu_time": 0.199654,
            "sys_cpu_time": 0.0,
            "total_cpu_time": 0.199654,
            "max_rss": 19252,
            "exit_code": 0,
            "failed": false
        },
        {
            "index": 3,
            "input": 2000.0,
            "run_time": 940354.0,
            "start_time": 1679756581083326013,
            "stop_time": 1679756581084266367,
            "ram_samples": [],
            "cpu_samples": [
                0.0,
                0.0,
                0.0,
                0.0,
                0.0,
                0.0,
                0.0,
                0.0,
                0.0,
                0.0,
                0.0,
                0.0,
                0.0,
                0.0,
                0.0,
                0.0
            ],
            "average_cpu_busy": 0.0,
            "user_cpu_time": 0.202557,
            "sys_cpu_time": 0.0,
            "total_cpu_time": 0.202557,
            "max_rss": 19252,
            "exit_code": 0,
            "failed": false
        },
        {
            "index": 4,
            "input": 2000.0,
            "run_time": 1387673.0,
            "start_time": 1679756581290543374,
            "stop_time": 1679756581291931047,
            "ram_samples": [],
            "cpu_samples": [
                0.0,
                0.0,
                0.0,
                0.0,
                0.0,
                0.0,
                0.0,
                0.0,
                0.0,
                0.0,
                0.0,
                0.0,
                0.0,
                0.0,
                0.0,
                0.0
            ],
            "average_cpu_busy": 0.0,
            "user_cpu_time": 0.20102399999999998,
            "sys_cpu_time": 0.0,
            "total_cpu_time": 0.20102399999999998,
            "max_rss": 19252,
            "exit_code": 0,
            "failed": false
        },
        {
            "index": 5,
            "input": 2000.0,
            "run_time": 923142.0,
            "start_time": 1679756581496527652,
            "stop_time": 1679756581497450794,
            "ram_samples": [],
            "cpu_samples": [
                0.0,
                0.0,
                0.0,
                0.0,
                0.0,
                0.0,
                0.0,
                0.0,
                0.0,
                0.0,
                0.0,
                0.0,
                0.0,
                0.0,
                0.0,
                0.0
            ],
            "average_cpu_busy": 0.0,
            "user_cpu_time": 0.20018,
            "sys_cpu_time": 0.0,
            "total_cpu_time": 0.20018,
            "max_rss": 19252,
            "exit_code": 0,
            "failed": false
        }
    ]
}