{
    "bench": "spectralnorm-1.c",
    "language": "c",
    "input": 1000.0,
    "average_runtime": 1116896.0,
    "average_cpu_busy": 0.0,
    "average_ram_load": 0,
    "run_results": [
        {
            "index": 0,
            "input": 1000.0,
            "run_time": 1220779.0,
            "start_time": 1679756584802767342,
            "stop_time": 1679756584803988121,
            "ram_samples": [],
            "cpu_samples": [
                0.0,
                0.0,
                0.0,
                0.0,
                0.0,
                0.0,
                0.0,
                0.0,
                0.0,
                0.0,
                0.0,
                0.0,
                0.0,
                0.0,
                0.0,
                0.0
            ],
            "average_cpu_busy": 0.0,
            "user_cpu_time": 0.047094,
            "sys_cpu_time": 0.0039239999999999995,
            "total_cpu_time": 0.051017999999999994,
            "max_rss": 19376,
            "exit_code": 0,
            "failed": false
        },
        {
            "index": 1,
            "input": 1000.0,
            "run_time": 1114249.0,
            "start_time": 1679756584858115812,
            "stop_time": 1679756584859230061,
            "ram_samples": [],
            "cpu_samples": [
                0.0,
                0.0,
                0.0,
                0.0,
                0.0,
                0.0,
                0.0,
                0.0,
                0.0,
                0.0,
                0.0,
                0.0,
                0.0,
                0.0,
                0.0,
                0.0
            ],
            "average_cpu_busy": 0.0,
            "user_cpu_time": 0.050487,
            "sys_cpu_time": 0.0,
            "total_cpu_time": 0.050487,
            "max_rss": 19376,
            "exit_code": 0,
            "failed": false
        },
        {
            "index": 2,
            "input": 1000.0,
            "run_time": 1085876.0,
            "start_time": 1679756584912925732,
            "stop_time": 1679756584914011608,
            "ram_samples": [],
            "cpu_samples": [
                0.0,
                0.0,
                0.0,
                0.0,
                0.0,
                0.0,
                0.0,
                0.0,
                0.0,
                0.0,
                0.0,
                0.0,
                0.0,
                0.0,
                0.0,
                0.0
            ],
            "average_cpu_busy": 0.0,
            "user_cpu_time": 0.050316,
            "sys_cpu_time": 0.0,
            "total_cpu_time": 0.050316,
            "max_rss": 19376,
            "exit_code": 0,
            "failed": false
        },
        {
            "index": 3,
            "input": 1000.0,
            "run_time": 1095915.0,
            "start_time": 1679756584967474672,
            "stop_time": 1679756584968570587,
            "ram_samples": [],
            "cpu_samples": [
                0.0,
                0.0,
                0.0,
                0.0,
                0.0,
                0.0,
                0.0,
                0.0,
                0.0,
                0.0,
                0.0,
                0.0,
                0.0,
                0.0,
                0.0,
                0.0
            ],
            "average_cpu_busy": 0.0,
            "user_cpu_time": 0.051753,
            "sys_cpu_time": 0.0,
            "total_cpu_time": 0.051753,
            "max_rss": 19376,
            "exit_code": 0,
            "failed": false
        },
        {
            "index": 4,
            "input": 1000.0,
            "run_time": 1116594.0,
            "start_time": 1679756585023253499,
            "stop_time": 1679756585024370093,
            "ram_samples": [],
            "cpu_samples": [
                0.0,
                0.0,
                0.0,
                0.0,
                0.0,
                0.0,
                0.0,
                0.0,
                0.0,
                0.0,
                0.0,
                0.0,
                0.0,
                0.0,
                0.0,
                0.0
            ],
            "average_cpu_busy": 0.0,
            "user_cpu_time": 0.050031,
            "sys_cpu_time": 0.0,
            "total_cpu_time": 0.050031,
            "max_rss": 19376,
            "exit_code": 0,
            "failed": false
        },
        {
            "index": 5,
            "input": 1000.0,
            "run_time": 1067963.0,
            "start_time": 1679756585077417127,
            "stop_time": 1679756585078485090,
            "ram_samples": [],
            "cpu_samples": [
                0.0,
                0.0,
                0.0,
                0.0,
                0.0,
                0.0,
                0.0,
                0.0,
                0.0,
                0.0,
                0.0,
                0.0,
                0.0,
                0.0,
                0.0,
                0.0
            ],
            "average_cpu_busy": 0.0,
            "user_cpu_time": 0.050204,
            "sys_cpu_time": 0.0,
            "total_cpu_time": 0.050204,
            "max_rss": 19380,
            "exit_code": 0,
            "failed": false
        }
    ]
}