{
    "bench": "spectralnorm-1.ada",
    "language": "ada",
    "input": 1000.0,
    "average_runtime": 1126347.5,
    "average_cpu_busy": 1.0128311666666666e-06,
    "average_ram_load": 0,
    "run_results": [
        {
            "index": 0,
            "input": 1000.0,
            "run_time": 1516955.0,
            "start_time": 1679835457849595535,
            "stop_time": 1679835457851112490,
            "ram_samples": [],
            "cpu_samples": [
                0.0,
                0.0,
                0.0,
                0.0,
                0.0,
                0.0,
                0.0,
                100.0,
                0.0,
                0.0,
                0.0,
                0.0,
                0.0,
                0.0,
                0.0,
                0.0
            ],
            "average_cpu_busy": 1.516955e-06,
            "user_cpu_time": 0.047431999999999995,
            "sys_cpu_time": 0.003952,
            "total_cpu_time": 0.05138399999999999,
            "max_rss": 19388,
            "exit_code": 0,
            "failed": false
        },
        {
            "index": 1,
            "input": 1000.0,
            "run_time": 899096.0,
            "start_time": 1679835457905840807,
            "stop_time": 1679835457906739903,
            "ram_samples": [],
            "cpu_samples": [
                0.0,
                0.0,
                0.0,
                0.0,
                0.0,
                0.0,
                0.0,
                0.0,
                0.0,
                0.0,
                0.0,
                0.0,
                0.0,
                0.0,
                0.0,
                0.0
            ],
            "average_cpu_busy": 0.0,
            "user_cpu_time": 0.058568999999999996,
            "sys_cpu_time": 0.0,
            "total_cpu_time": 0.058568999999999996,
            "max_rss": 19388,
            "exit_code": 0,
            "failed": false
        },
        {
            "index": 2,
            "input": 1000.0,
            "run_time": 1318784.0,
            "start_time": 1679835457969050601,
            "stop_time": 1679835457970369385,
            "ram_samples": [],
            "cpu_samples": [
                0.0,
                0.0,
                0.0,
                0.0,
                0.0,
                0.0,
                0.0,
                0.0,
                0.0,
                0.0,
                0.0,
                0.0,
                0.0,
                0.0,
                0.0,
                0.0
            ],
            "average_cpu_busy": 0.0,
            "user_cpu_time": 0.047549,
            "sys_cpu_time": 0.003962,
            "total_cpu_time": 0.051511,
            "max_rss": 19388,
            "exit_code": 0,
            "failed": false
        },
        {
            "index": 3,
            "input": 1000.0,
            "run_time": 977834.0,
            "start_time": 1679835458025460923,
            "stop_time": 1679835458026438757,
            "ram_samples": [],
            "cpu_samples": [
                0.0,
                0.0,
                0.0,
                0.0,
                0.0,
                0.0,
                0.0,
                0.0,
                0.0,
                0.0,
                0.0,
                0.0,
                0.0,
                0.0,
                0.0,
                0.0
            ],
            "average_cpu_busy": 0.0,
            "user_cpu_time": 0.047514999999999995,
            "sys_cpu_time": 0.003959,
            "total_cpu_time": 0.05147399999999999,
            "max_rss": 19396,
            "exit_code": 0,
            "failed": false
        },
        {
            "index": 4,
            "input": 1000.0,
            "run_time": 1140008.0,
            "start_time": 1679835458081649439,
            "stop_time": 1679835458082789447,
            "ram_samples": [],
            "cpu_samples": [
                0.0,
                0.0,
                0.0,
                100.0,
                0.0,
                0.0,
                0.0,
                0.0,
                0.0,
                0.0,
                100.0,
                100.0,
                0.0,
                100.0,
                0.0,
                0.0
            ],
            "average_cpu_busy": 4.5600319999999996e-06,
            "user_cpu_time": 0.047087,
            "sys_cpu_time": 0.003922999999999999,
            "total_cpu_time": 0.05101,
            "max_rss": 19396,
            "exit_code": 0,
            "failed": false
        },
        {
            "index": 5,
            "input": 1000.0,
            "run_time": 905408.0,
            "start_time": 1679835458137727918,
            "stop_time": 1679835458138633326,
            "ram_samples": [],
            "cpu_samples": [
                0.0,
                0.0,
                0.0,
                0.0,
                0.0,
                0.0,
                0.0,
                0.0,
                0.0,
                0.0,
                0.0,
                0.0,
                0.0,
                0.0,
                0.0,
                0.0
            ],
            "average_cpu_busy": 0.0,
            "user_cpu_time": 0.046645,
            "sys_cpu_time": 0.003887,
            "total_cpu_time": 0.050532,
            "max_rss": 19396,
            "exit_code": 0,
            "failed": false
        }
    ],
    "maximum_runtime": 1516955.0,
    "minimum_runtime": 899096.0
}