{
    "bench": "spectralnorm-2.java",
    "language": "java",
    "input": 1000.0,
    "average_run_time": 1176520.1666666667,
    "maximum_run_time": 1323473.0,
    "minimum_run_time": 1109701.0,
    "average_cpu_time": 1.3095970000000001,
    "minimum_cpu_time": 1.2073800000000001,
    "maximum_cpu_time": 1.356376,
    "average_cpu_busy": 0,
    "average_ram_load": 0,
    "run_results": [
        {
            "index": 0,
            "input": 1000.0,
            "run_time": 1109701.0,
            "start_time": 1680009280259543706,
            "stop_time": 1680009280260653407,
            "ram_samples": [],
            "cpu_samples": [
                0.0,
                0.0,
                0.0,
                0.0,
                0.0,
                0.0,
                0.0,
                0.0,
                0.0,
                0.0,
                0.0,
                0.0,
                0.0,
                0.0,
                0.0,
                0.0
            ],
            "average_cpu_busy": 0.0,
            "user_cpu_time": 1.307625,
            "sys_cpu_time": 0.015946,
            "total_cpu_time": 1.323571,
            "max_rss": 45568,
            "exit_code": 0,
            "failed": false
        },
        {
            "index": 1,
            "input": 1000.0,
            "run_time": 1323473.0,
            "start_time": 1680009280396927719,
            "stop_time": 1680009280398251192,
            "ram_samples": [],
            "cpu_samples": [
                0.0,
                0.0,
                0.0,
                0.0,
                0.0,
                0.0,
                0.0,
                0.0,
                0.0,
                0.0,
                0.0,
                0.0,
                0.0,
                0.0,
                0.0,
                0.0
            ],
            "average_cpu_busy": 0.0,
            "user_cpu_time": 1.2339310000000001,
            "sys_cpu_time": 0.07303599999999999,
            "total_cpu_time": 1.3069670000000002,
            "max_rss": 45408,
            "exit_code": 0,
            "failed": false
        },
        {
            "index": 2,
            "input": 1000.0,
            "run_time": 1147512.0,
            "start_time": 1680009280531418236,
            "stop_time": 1680009280532565748,
            "ram_samples": [],
            "cpu_samples": [
                0.0,
                0.0,
                0.0,
                0.0,
                0.0,
                0.0,
                0.0,
                0.0,
                0.0,
                0.0,
                0.0,
                0.0,
                0.0,
                0.0,
                0.0,
                0.0
            ],
            "average_cpu_busy": 0.0,
            "user_cpu_time": 1.323538,
            "sys_cpu_time": 0.023219,
            "total_cpu_time": 1.3467570000000002,
            "max_rss": 45568,
            "exit_code": 0,
            "failed": false
        },
        {
            "index": 3,
            "input": 1000.0,
            "run_time": 1168121.0,
            "start_time": 1680009280670869417,
            "stop_time": 1680009280672037538,
            "ram_samples": [],
            "cpu_samples": [
                0.0,
                0.0,
                0.0,
                0.0,
                0.0,
                0.0,
                0.0,
                0.0,
                0.0,
                0.0,
                0.0,
                0.0,
                0.0,
                0.0,
                0.0,
                0.0
            ],
            "average_cpu_busy": 0.0,
            "user_cpu_time": 1.203383,
            "sys_cpu_time": 0.003997,
            "total_cpu_time": 1.2073800000000001,
            "max_rss": 45556,
            "exit_code": 0,
            "failed": false
        },
        {
            "index": 4,
            "input": 1000.0,
            "run_time": 1172299.0,
            "start_time": 1680009280801732039,
            "stop_time": 1680009280802904338,
            "ram_samples": [],
            "cpu_samples": [
                0.0,
                0.0,
                0.0,
                0.0,
                0.0,
                0.0,
                0.0,
                0.0,
                100.0,
                0.0,
                0.0,
                0.0,
                0.0,
                0.0,
                0.0,
                0.0
            ],
            "average_cpu_busy": 1.172299e-06,
            "user_cpu_time": 1.315766,
            "sys_cpu_time": 0.04061,
            "total_cpu_time": 1.356376,
            "max_rss": 45536,
            "exit_code": 0,
            "failed": false
        },
        {
            "index": 5,
            "input": 1000.0,
            "run_time": 1138015.0,
            "start_time": 1680009280939914700,
            "stop_time": 1680009280941052715,
            "ram_samples": [],
            "cpu_samples": [
                0.0,
                0.0,
                0.0,
                0.0,
                0.0,
                0.0,
                0.0,
                0.0,
                0.0,
                0.0,
                0.0,
                0.0,
                0.0,
                0.0,
                0.0,
                0.0
            ],
            "average_cpu_busy": 0.0,
            "user_cpu_time": 1.255297,
            "sys_cpu_time": 0.061234,
            "total_cpu_time": 1.3165310000000001,
            "max_rss": 45696,
            "exit_code": 0,
            "failed": false
        }
    ]
}