{
    "bench": "spectralnorm-1.cpp",
    "language": "cpp",
    "input": 1000.0,
    "average_runtime": 984516.3333333334,
    "average_cpu_busy": 0.0,
    "average_ram_load": 0,
    "run_results": [
        {
            "index": 0,
            "input": 1000.0,
            "run_time": 1049458.0,
            "start_time": 1679835454815174962,
            "stop_time": 1679835454816224420,
            "ram_samples": [],
            "cpu_samples": [
                0.0,
                0.0,
                0.0,
                0.0,
                0.0,
                0.0,
                0.0,
                0.0,
                0.0,
                0.0,
                0.0,
                0.0,
                0.0,
                0.0,
                0.0,
                0.0
            ],
            "average_cpu_busy": 0.0,
            "user_cpu_time": 0.052513,
            "sys_cpu_time": 0.0,
            "total_cpu_time": 0.052513,
            "max_rss": 19296,
            "exit_code": 0,
            "failed": false
        },
        {
            "index": 1,
            "input": 1000.0,
            "run_time": 908394.0,
            "start_time": 1679835454871782012,
            "stop_time": 1679835454872690406,
            "ram_samples": [],
            "cpu_samples": [
                0.0,
                0.0,
                0.0,
                0.0,
                0.0,
                0.0,
                0.0,
                0.0,
                0.0,
                0.0,
                0.0,
                0.0,
                0.0,
                0.0,
                0.0,
                0.0
            ],
            "average_cpu_busy": 0.0,
            "user_cpu_time": 0.051101,
            "sys_cpu_time": 0.0,
            "total_cpu_time": 0.051101,
            "max_rss": 19296,
            "exit_code": 0,
            "failed": false
        },
        {
            "index": 2,
            "input": 1000.0,
            "run_time": 911710.0,
            "start_time": 1679835454926742925,
            "stop_time": 1679835454927654635,
            "ram_samples": [],
            "cpu_samples": [
                0.0,
                0.0,
                0.0,
                0.0,
                0.0,
                0.0,
                0.0,
                0.0,
                0.0,
                0.0,
                0.0,
                0.0,
                0.0,
                0.0,
                0.0,
                0.0
            ],
            "average_cpu_busy": 0.0,
            "user_cpu_time": 0.051153,
            "sys_cpu_time": 0.0,
            "total_cpu_time": 0.051153,
            "max_rss": 19296,
            "exit_code": 0,
            "failed": false
        },
        {
            "index": 3,
            "input": 1000.0,
            "run_time": 1132454.0,
            "start_time": 1679835454982113807,
            "stop_time": 1679835454983246261,
            "ram_samples": [],
            "cpu_samples": [
                0.0,
                0.0,
                0.0,
                0.0,
                0.0,
                0.0,
                0.0,
                0.0,
                0.0,
                0.0,
                0.0,
                0.0,
                0.0,
                0.0,
                0.0,
                0.0
            ],
            "average_cpu_busy": 0.0,
            "user_cpu_time": 0.050582999999999996,
            "sys_cpu_time": 0.0,
            "total_cpu_time": 0.050582999999999996,
            "max_rss": 19296,
            "exit_code": 0,
            "failed": false
        },
        {
            "index": 4,
            "input": 1000.0,
            "run_time": 909896.0,
            "start_time": 1679835455037761609,
            "stop_time": 1679835455038671505,
            "ram_samples": [],
            "cpu_samples": [
                0.0,
                0.0,
                0.0,
                0.0,
                0.0,
                0.0,
                0.0,
                0.0,
                0.0,
                0.0,
                0.0,
                0.0,
                0.0,
                0.0,
                0.0,
                0.0
            ],
            "average_cpu_busy": 0.0,
            "user_cpu_time": 0.046625,
            "sys_cpu_time": 0.003885,
            "total_cpu_time": 0.05051,
            "max_rss": 19296,
            "exit_code": 0,
            "failed": false
        },
        {
            "index": 5,
            "input": 1000.0,
            "run_time": 995186.0,
            "start_time": 1679835455093655352,
            "stop_time": 1679835455094650538,
            "ram_samples": [],
            "cpu_samples": [
                0.0,
                0.0,
                0.0,
                0.0,
                0.0,
                0.0,
                0.0,
                0.0,
                0.0,
                0.0,
                0.0,
                0.0,
                0.0,
                0.0,
                0.0,
                0.0
            ],
            "average_cpu_busy": 0.0,
            "user_cpu_time": 0.046396,
            "sys_cpu_time": 0.0038659999999999996,
            "total_cpu_time": 0.050262,
            "max_rss": 19296,
            "exit_code": 0,
            "failed": false
        }
    ],
    "maximum_runtime": 1132454.0,
    "minimum_runtime": 908394.0
}