{
    "bench": "spectralnorm-4.ada",
    "language": "ada",
    "input": 3000.0,
    "average_run_time": 1076540.6666666667,
    "maximum_run_time": 1321809.0,
    "minimum_run_time": 907192.0,
    "average_cpu_time": 0.8668954999999999,
    "minimum_cpu_time": 0.753839,
    "maximum_cpu_time": 0.962657,
    "average_cpu_busy": 0,
    "average_ram_load": 0,
    "run_results": [
        {
            "index": 0,
            "input": 3000.0,
            "run_time": 1321809.0,
            "start_time": 1680009362266663886,
            "stop_time": 1680009362267985695,
            "ram_samples": [],
            "cpu_samples": [
                0.0,
                0.0,
                0.0,
                0.0,
                0.0,
                0.0,
                0.0,
                0.0,
                0.0,
                0.0,
                0.0,
                0.0,
                0.0,
                0.0,
                0.0,
                0.0
            ],
            "average_cpu_busy": 0.0,
            "user_cpu_time": 0.836768,
            "sys_cpu_time": 0.0038729999999999997,
            "total_cpu_time": 0.840641,
            "max_rss": 22892,
            "exit_code": 0,
            "failed": false
        },
        {
            "index": 1,
            "input": 3000.0,
            "run_time": 1229145.0,
            "start_time": 1680009362580274445,
            "stop_time": 1680009362581503590,
            "ram_samples": [],
            "cpu_samples": [
                0.0,
                0.0,
                0.0,
                0.0,
                0.0,
                0.0,
                0.0,
                0.0,
                0.0,
                0.0,
                0.0,
                0.0,
                0.0,
                0.0,
                0.0,
                0.0
            ],
            "average_cpu_busy": 0.0,
            "user_cpu_time": 0.867535,
            "sys_cpu_time": 0.004072,
            "total_cpu_time": 0.8716069999999999,
            "max_rss": 22900,
            "exit_code": 0,
            "failed": false
        },
        {
            "index": 2,
            "input": 3000.0,
            "run_time": 1046443.0,
            "start_time": 1680009362900948091,
            "stop_time": 1680009362901994534,
            "ram_samples": [],
            "cpu_samples": [
                0.0,
                0.0,
                0.0,
                0.0,
                0.0,
                0.0,
                0.0,
                0.0,
                0.0,
                0.0,
                0.0,
                0.0,
                0.0,
                0.0,
                0.0,
                0.0
            ],
            "average_cpu_busy": 0.0,
            "user_cpu_time": 0.9287719999999999,
            "sys_cpu_time": 0.008041,
            "total_cpu_time": 0.9368129999999999,
            "max_rss": 22900,
            "exit_code": 0,
            "failed": false
        },
        {
            "index": 3,
            "input": 3000.0,
            "run_time": 966392.0,
            "start_time": 1680009363216725665,
            "stop_time": 1680009363217692057,
            "ram_samples": [],
            "cpu_samples": [
                0.0,
                0.0,
                0.0,
                0.0,
                0.0,
                0.0,
                0.0,
                0.0,
                0.0,
                0.0,
                0.0,
                0.0,
                0.0,
                0.0,
                0.0,
                0.0
            ],
            "average_cpu_busy": 0.0,
            "user_cpu_time": 0.831855,
            "sys_cpu_time": 0.003961,
            "total_cpu_time": 0.835816,
            "max_rss": 22900,
            "exit_code": 0,
            "failed": false
        },
        {
            "index": 4,
            "input": 3000.0,
            "run_time": 988263.0,
            "start_time": 1680009363529264604,
            "stop_time": 1680009363530252867,
            "ram_samples": [],
            "cpu_samples": [
                0.0,
                0.0,
                0.0,
                0.0,
                0.0,
                0.0,
                0.0,
                0.0,
                0.0,
                0.0,
                0.0,
                0.0,
                0.0,
                0.0,
                0.0,
                0.0
            ],
            "average_cpu_busy": 0.0,
            "user_cpu_time": 0.962657,
            "sys_cpu_time": 0.0,
            "total_cpu_time": 0.962657,
            "max_rss": 22900,
            "exit_code": 0,
            "failed": false
        },
        {
            "index": 5,
            "input": 3000.0,
            "run_time": 907192.0,
            "start_time": 1680009363856001041,
            "stop_time": 1680009363856908233,
            "ram_samples": [],
            "cpu_samples": [
                0.0,
                0.0,
                0.0,
                0.0,
                0.0,
                0.0,
                0.0,
                0.0,
                0.0,
                0.0,
                0.0,
                0.0,
                0.0,
                0.0,
                0.0,
                0.0
            ],
            "average_cpu_busy": 0.0,
            "user_cpu_time": 0.749765,
            "sys_cpu_time": 0.0040739999999999995,
            "total_cpu_time": 0.753839,
            "max_rss": 22900,
            "exit_code": 0,
            "failed": false
        }
    ]
}