{
    "bench": "spectralnorm-3.java",
    "language": "java",
    "input": 3000.0,
    "average_run_time": 1164393.8333333333,
    "maximum_run_time": 1193088.0,
    "minimum_run_time": 1141180.0,
    "average_cpu_time": 0.1422901666666667,
    "minimum_cpu_time": 0.13854,
    "maximum_cpu_time": 0.14604,
    "average_cpu_busy": 0,
    "average_ram_load": 0,
    "run_results": [
        {
            "index": 0,
            "input": 3000.0,
            "run_time": 1141180.0,
            "start_time": 1680009346820740991,
            "stop_time": 1680009346821882171,
            "ram_samples": [],
            "cpu_samples": [
                0.0,
                0.0,
                0.0,
                0.0,
                0.0,
                0.0,
                0.0,
                0.0,
                0.0,
                0.0,
                0.0,
                0.0,
                0.0,
                0.0,
                0.0,
                0.0
            ],
            "average_cpu_busy": 0.0,
            "user_cpu_time": 0.081009,
            "sys_cpu_time": 0.059690999999999994,
            "total_cpu_time": 0.1407,
            "max_rss": 44520,
            "exit_code": 0,
            "failed": false
        },
        {
            "index": 1,
            "input": 3000.0,
            "run_time": 1141271.0,
            "start_time": 1680009346887240094,
            "stop_time": 1680009346888381365,
            "ram_samples": [],
            "cpu_samples": [
                0.0,
                0.0,
                0.0,
                0.0,
                0.0,
                0.0,
                0.0,
                0.0,
                0.0,
                0.0,
                0.0,
                0.0,
                0.0,
                0.0,
                0.0,
                0.0
            ],
            "average_cpu_busy": 0.0,
            "user_cpu_time": 0.07707699999999999,
            "sys_cpu_time": 0.068963,
            "total_cpu_time": 0.14604,
            "max_rss": 44772,
            "exit_code": 0,
            "failed": false
        },
        {
            "index": 2,
            "input": 3000.0,
            "run_time": 1180073.0,
            "start_time": 1680009346956743994,
            "stop_time": 1680009346957924067,
            "ram_samples": [],
            "cpu_samples": [
                0.0,
                0.0,
                0.0,
                0.0,
                0.0,
                0.0,
                0.0,
                0.0,
                0.0,
                0.0,
                0.0,
                0.0,
                0.0,
                0.0,
                0.0,
                0.0
            ],
            "average_cpu_busy": 0.0,
            "user_cpu_time": 0.103503,
            "sys_cpu_time": 0.042168,
            "total_cpu_time": 0.145671,
            "max_rss": 44788,
            "exit_code": 0,
            "failed": false
        },
        {
            "index": 3,
            "input": 3000.0,
            "run_time": 1145999.0,
            "start_time": 1680009347023053803,
            "stop_time": 1680009347024199802,
            "ram_samples": [],
            "cpu_samples": [
                0.0,
                0.0,
                0.0,
                0.0,
                0.0,
                0.0,
                0.0,
                0.0,
                0.0,
                0.0,
                0.0,
                0.0,
                0.0,
                0.0,
                0.0,
                0.0
            ],
            "average_cpu_busy": 0.0,
            "user_cpu_time": 0.051798,
            "sys_cpu_time": 0.09064699999999999,
            "total_cpu_time": 0.142445,
            "max_rss": 44468,
            "exit_code": 0,
            "failed": false
        },
        {
            "index": 4,
            "input": 3000.0,
            "run_time": 1193088.0,
            "start_time": 1680009347088997585,
            "stop_time": 1680009347090190673,
            "ram_samples": [],
            "cpu_samples": [
                0.0,
                0.0,
                0.0,
                0.0,
                0.0,
                0.0,
                0.0,
                0.0,
                0.0,
                0.0,
                0.0,
                0.0,
                0.0,
                0.0,
                0.0,
                0.0
            ],
            "average_cpu_busy": 0.0,
            "user_cpu_time": 0.08556899999999999,
            "sys_cpu_time": 0.052971,
            "total_cpu_time": 0.13854,
            "max_rss": 44516,
            "exit_code": 0,
            "failed": false
        },
        {
            "index": 5,
            "input": 3000.0,
            "run_time": 1184752.0,
            "start_time": 1680009347154302449,
            "stop_time": 1680009347155487201,
            "ram_samples": [],
            "cpu_samples": [
                0.0,
                0.0,
                0.0,
                0.0,
                0.0,
                0.0,
                0.0,
                0.0,
                0.0,
                0.0,
                0.0,
                0.0,
                0.0,
                0.0,
                0.0,
                0.0
            ],
            "average_cpu_busy": 0.0,
            "user_cpu_time": 0.060815999999999995,
            "sys_cpu_time": 0.079529,
            "total_cpu_time": 0.140345,
            "max_rss": 44388,
            "exit_code": 0,
            "failed": false
        }
    ]
}