{
    "bench": "spectralnorm-4.rust",
    "language": "rust",
    "input": 2000.0,
    "average_run_time": 1163452.5,
    "maximum_run_time": 1285091.0,
    "minimum_run_time": 1099372.0,
    "average_cpu_time": 0.3168693333333334,
    "minimum_cpu_time": 0.311257,
    "maximum_cpu_time": 0.322745,
    "average_cpu_busy": 0,
    "average_ram_load": 0,
    "run_results": [
        {
            "index": 0,
            "input": 2000.0,
            "run_time": 1144367.0,
            "start_time": 1680009310122232989,
            "stop_time": 1680009310123377356,
            "ram_samples": [],
            "cpu_samples": [
                0.0,
                0.0,
                0.0,
                0.0,
                0.0,
                0.0,
                0.0,
                0.0,
                0.0,
                0.0,
                0.0,
                0.0,
                0.0,
                0.0,
                0.0,
                0.0
            ],
            "average_cpu_busy": 0.0,
            "user_cpu_time": 0.29878299999999997,
            "sys_cpu_time": 0.017072999999999998,
            "total_cpu_time": 0.31585599999999997,
            "max_rss": 22360,
            "exit_code": 0,
            "failed": false
        },
        {
            "index": 1,
            "input": 2000.0,
            "run_time": 1285091.0,
            "start_time": 1680009310149582014,
            "stop_time": 1680009310150867105,
            "ram_samples": [],
            "cpu_samples": [
                0.0,
                0.0,
                0.0,
                0.0,
                0.0,
                0.0,
                0.0,
                0.0,
                0.0,
                100.0,
                0.0,
                0.0,
                0.0,
                0.0,
                0.0,
                0.0
            ],
            "average_cpu_busy": 1.285091e-06,
            "user_cpu_time": 0.260397,
            "sys_cpu_time": 0.062348,
            "total_cpu_time": 0.322745,
            "max_rss": 22360,
            "exit_code": 0,
            "failed": false
        },
        {
            "index": 2,
            "input": 2000.0,
            "run_time": 1192838.0,
            "start_time": 1680009310178283115,
            "stop_time": 1680009310179475953,
            "ram_samples": [],
            "cpu_samples": [
                0.0,
                0.0,
                0.0,
                0.0,
                0.0,
                0.0,
                0.0,
                0.0,
                0.0,
                0.0,
                0.0,
                0.0,
                0.0,
                0.0,
                0.0,
                0.0
            ],
            "average_cpu_busy": 0.0,
            "user_cpu_time": 0.319436,
            "sys_cpu_time": 0.0,
            "total_cpu_time": 0.319436,
            "max_rss": 22360,
            "exit_code": 0,
            "failed": false
        },
        {
            "index": 3,
            "input": 2000.0,
            "run_time": 1099372.0,
            "start_time": 1680009310205229445,
            "stop_time": 1680009310206328817,
            "ram_samples": [],
            "cpu_samples": [
                0.0,
                0.0,
                0.0,
                0.0,
                0.0,
                0.0,
                0.0,
                0.0,
                0.0,
                0.0,
                0.0,
                0.0,
                0.0,
                0.0,
                0.0,
                0.0
            ],
            "average_cpu_busy": 0.0,
            "user_cpu_time": 0.310133,
            "sys_cpu_time": 0.004135,
            "total_cpu_time": 0.314268,
            "max_rss": 22360,
            "exit_code": 0,
            "failed": false
        },
        {
            "index": 4,
            "input": 2000.0,
            "run_time": 1103600.0,
            "start_time": 1680009310232229806,
            "stop_time": 1680009310233333406,
            "ram_samples": [],
            "cpu_samples": [
                0.0,
                0.0,
                0.0,
                0.0,
                0.0,
                0.0,
                0.0,
                0.0,
                0.0,
                0.0,
                0.0,
                0.0,
                0.0,
                0.0,
                0.0,
                0.0
            ],
            "average_cpu_busy": 0.0,
            "user_cpu_time": 0.311257,
            "sys_cpu_time": 0.0,
            "total_cpu_time": 0.311257,
            "max_rss": 22360,
            "exit_code": 0,
            "failed": false
        },
        {
            "index": 5,
            "input": 2000.0,
            "run_time": 1155447.0,
            "start_time": 1680009310258932790,
            "stop_time": 1680009310260088237,
            "ram_samples": [],
            "cpu_samples": [
                0.0,
                0.0,
                0.0,
                0.0,
                0.0,
                0.0,
                0.0,
                0.0,
                0.0,
                0.0,
                0.0,
                0.0,
                0.0,
                0.0,
                0.0,
                0.0
            ],
            "average_cpu_busy": 0.0,
            "user_cpu_time": 0.313419,
            "sys_cpu_time": 0.004235,
            "total_cpu_time": 0.317654,
            "max_rss": 22360,
            "exit_code": 0,
            "failed": false
        }
    ]
}