{
    "bench": "spectralnorm-3.c",
    "language": "c",
    "input": 2000.0,
    "average_runtime": 1003498.8333333334,
    "average_cpu_busy": 1.6361016666666667e-07,
    "average_ram_load": 0,
    "run_results": [
        {
            "index": 0,
            "input": 2000.0,
            "run_time": 1254973.0,
            "start_time": 1679756593097074850,
            "stop_time": 1679756593098329823,
            "ram_samples": [],
            "cpu_samples": [
                0.0,
                0.0,
                0.0,
                0.0,
                0.0,
                0.0,
                0.0,
                0.0,
                0.0,
                0.0,
                0.0,
                0.0,
                0.0,
                0.0,
                0.0,
                0.0
            ],
            "average_cpu_busy": 0.0,
            "user_cpu_time": 0.8711479999999999,
            "sys_cpu_time": 0.004051,
            "total_cpu_time": 0.875199,
            "max_rss": 19636,
            "exit_code": 0,
            "failed": false
        },
        {
            "index": 1,
            "input": 2000.0,
            "run_time": 981661.0,
            "start_time": 1679756593161895375,
            "stop_time": 1679756593162877036,
            "ram_samples": [],
            "cpu_samples": [
                0.0,
                0.0,
                100.0,
                0.0,
                0.0,
                0.0,
                0.0,
                0.0,
                0.0,
                0.0,
                0.0,
                0.0,
                0.0,
                0.0,
                0.0,
                0.0
            ],
            "average_cpu_busy": 9.81661e-07,
            "user_cpu_time": 0.617449,
            "sys_cpu_time": 0.0040349999999999995,
            "total_cpu_time": 0.621484,
            "max_rss": 19636,
            "exit_code": 0,
            "failed": false
        },
        {
            "index": 2,
            "input": 2000.0,
            "run_time": 943059.0,
            "start_time": 1679756593207020851,
            "stop_time": 1679756593207963910,
            "ram_samples": [],
            "cpu_samples": [
                0.0,
                0.0,
                0.0,
                0.0,
                0.0,
                0.0,
                0.0,
                0.0,
                0.0,
                0.0,
                0.0,
                0.0,
                0.0,
                0.0,
                0.0,
                0.0
            ],
            "average_cpu_busy": 0.0,
            "user_cpu_time": 0.672766,
            "sys_cpu_time": 0.0,
            "total_cpu_time": 0.672766,
            "max_rss": 19636,
            "exit_code": 0,
            "failed": false
        },
        {
            "index": 3,
            "input": 2000.0,
            "run_time": 942688.0,
            "start_time": 1679756593256068694,
            "stop_time": 1679756593257011382,
            "ram_samples": [],
            "cpu_samples": [
                0.0,
                0.0,
                0.0,
                0.0,
                0.0,
                0.0,
                0.0,
                0.0,
                0.0,
                0.0,
                0.0,
                0.0,
                0.0,
                0.0,
                0.0,
                0.0
            ],
            "average_cpu_busy": 0.0,
            "user_cpu_time": 0.726206,
            "sys_cpu_time": 0.0,
            "total_cpu_time": 0.726206,
            "max_rss": 19636,
            "exit_code": 0,
            "failed": false
        },
        {
            "index": 4,
            "input": 2000.0,
            "run_time": 940665.0,
            "start_time": 1679756593309433393,
            "stop_time": 1679756593310374058,
            "ram_samples": [],
            "cpu_samples": [
                0.0,
                0.0,
                0.0,
                0.0,
                0.0,
                0.0,
                0.0,
                0.0,
                0.0,
                0.0,
                0.0,
                0.0,
                0.0,
                0.0,
                0.0,
                0.0
            ],
            "average_cpu_busy": 0.0,
            "user_cpu_time": 0.6508229999999999,
            "sys_cpu_time": 0.004253,
            "total_cpu_time": 0.6550759999999999,
            "max_rss": 19636,
            "exit_code": 0,
            "failed": false
        },
        {
            "index": 5,
            "input": 2000.0,
            "run_time": 957947.0,
            "start_time": 1679756593357138217,
            "stop_time": 1679756593358096164,
            "ram_samples": [],
            "cpu_samples": [
                0.0,
                0.0,
                0.0,
                0.0,
                0.0,
                0.0,
                0.0,
                0.0,
                0.0,
                0.0,
                0.0,
                0.0,
                0.0,
                0.0,
                0.0,
                0.0
            ],
            "average_cpu_busy": 0.0,
            "user_cpu_time": 0.678074,
            "sys_cpu_time": 0.0,
            "total_cpu_time": 0.678074,
            "max_rss": 19636,
            "exit_code": 0,
            "failed": false
        }
    ]
}