{
    "bench": "spectralnorm-1.ada",
    "language": "ada",
    "input": 2000.0,
    "average_runtime": 975910.3333333334,
    "average_cpu_busy": 3.155283333333333e-07,
    "average_ram_load": 0,
    "run_results": [
        {
            "index": 0,
            "input": 2000.0,
            "run_time": 1023690.0,
            "start_time": 1679756583407767860,
            "stop_time": 1679756583408791550,
            "ram_samples": [],
            "cpu_samples": [
                0.0,
                0.0,
                0.0,
                0.0,
                0.0,
                0.0,
                0.0,
                0.0,
                0.0,
                0.0,
                0.0,
                0.0,
                0.0,
                0.0,
                0.0,
                0.0
            ],
            "average_cpu_busy": 0.0,
            "user_cpu_time": 0.20214,
            "sys_cpu_time": 0.004125,
            "total_cpu_time": 0.20626499999999998,
            "max_rss": 19344,
            "exit_code": 0,
            "failed": false
        },
        {
            "index": 1,
            "input": 2000.0,
            "run_time": 1017729.0,
            "start_time": 1679756583621534244,
            "stop_time": 1679756583622551973,
            "ram_samples": [],
            "cpu_samples": [
                0.0,
                0.0,
                0.0,
                0.0,
                0.0,
                0.0,
                0.0,
                0.0,
                0.0,
                0.0,
                0.0,
                0.0,
                0.0,
                0.0,
                0.0,
                0.0
            ],
            "average_cpu_busy": 0.0,
            "user_cpu_time": 0.20186099999999998,
            "sys_cpu_time": 0.003958,
            "total_cpu_time": 0.20581899999999997,
            "max_rss": 19344,
            "exit_code": 0,
            "failed": false
        },
        {
            "index": 2,
            "input": 2000.0,
            "run_time": 975529.0,
            "start_time": 1679756583831695397,
            "stop_time": 1679756583832670926,
            "ram_samples": [],
            "cpu_samples": [
                0.0,
                0.0,
                0.0,
                0.0,
                0.0,
                0.0,
                0.0,
                0.0,
                0.0,
                0.0,
                0.0,
                0.0,
                0.0,
                0.0,
                0.0,
                0.0
            ],
            "average_cpu_busy": 0.0,
            "user_cpu_time": 0.207038,
            "sys_cpu_time": 0.0,
            "total_cpu_time": 0.207038,
            "max_rss": 19344,
            "exit_code": 0,
            "failed": false
        },
        {
            "index": 3,
            "input": 2000.0,
            "run_time": 915818.0,
            "start_time": 1679756584042936975,
            "stop_time": 1679756584043852793,
            "ram_samples": [],
            "cpu_samples": [
                0.0,
                0.0,
                0.0,
                0.0,
                0.0,
                0.0,
                0.0,
                0.0,
                0.0,
                0.0,
                0.0,
                0.0,
                0.0,
                0.0,
                0.0,
                0.0
            ],
            "average_cpu_busy": 0.0,
            "user_cpu_time": 0.205405,
            "sys_cpu_time": 0.0,
            "total_cpu_time": 0.205405,
            "max_rss": 19344,
            "exit_code": 0,
            "failed": false
        },
        {
            "index": 4,
            "input": 2000.0,
            "run_time": 946585.0,
            "start_time": 1679756584254226454,
            "stop_time": 1679756584255173039,
            "ram_samples": [],
            "cpu_samples": [
                0.0,
                0.0,
                0.0,
                100.0,
                0.0,
                0.0,
                0.0,
                0.0,
                0.0,
                0.0,
                100.0,
                0.0,
                0.0,
                0.0,
                0.0,
                0.0
            ],
            "average_cpu_busy": 1.89317e-06,
            "user_cpu_time": 0.202977,
            "sys_cpu_time": 0.0,
            "total_cpu_time": 0.202977,
            "max_rss": 19344,
            "exit_code": 0,
            "failed": false
        },
        {
            "index": 5,
            "input": 2000.0,
            "run_time": 976111.0,
            "start_time": 1679756584461671101,
            "stop_time": 1679756584462647212,
            "ram_samples": [],
            "cpu_samples": [
                0.0,
                0.0,
                0.0,
                0.0,
                0.0,
                0.0,
                0.0,
                0.0,
                0.0,
                0.0,
                0.0,
                0.0,
                0.0,
                0.0,
                0.0,
                0.0
            ],
            "average_cpu_busy": 0.0,
            "user_cpu_time": 0.212637,
            "sys_cpu_time": 0.007875,
            "total_cpu_time": 0.22051199999999999,
            "max_rss": 19348,
            "exit_code": 0,
            "failed": false
        }
    ]
}