{
    "bench": "spectralnorm-1.rust",
    "language": "rust",
    "input": 1000.0,
    "average_runtime": 919609.8333333334,
    "average_cpu_busy": 0.0,
    "average_ram_load": 0,
    "run_results": [
        {
            "index": 0,
            "input": 1000.0,
            "run_time": 888427.0,
            "start_time": 1679756588021129420,
            "stop_time": 1679756588022017847,
            "ram_samples": [],
            "cpu_samples": [
                0.0,
                0.0,
                0.0,
                0.0,
                0.0,
                0.0,
                0.0,
                0.0,
                0.0,
                0.0,
                0.0,
                0.0,
                0.0,
                0.0,
                0.0,
                0.0
            ],
            "average_cpu_busy": 0.0,
            "user_cpu_time": 0.054185,
            "sys_cpu_time": 0.0,
            "total_cpu_time": 0.054185,
            "max_rss": 19432,
            "exit_code": 0,
            "failed": false
        },
        {
            "index": 1,
            "input": 1000.0,
            "run_time": 932579.0,
            "start_time": 1679756588040654882,
            "stop_time": 1679756588041587461,
            "ram_samples": [],
            "cpu_samples": [
                0.0,
                0.0,
                0.0,
                0.0,
                0.0,
                0.0,
                0.0,
                0.0,
                0.0,
                0.0,
                0.0,
                0.0,
                0.0,
                0.0,
                0.0,
                0.0
            ],
            "average_cpu_busy": 0.0,
            "user_cpu_time": 0.042672999999999996,
            "sys_cpu_time": 0.010667999999999999,
            "total_cpu_time": 0.05334099999999999,
            "max_rss": 19432,
            "exit_code": 0,
            "failed": false
        },
        {
            "index": 2,
            "input": 1000.0,
            "run_time": 930765.0,
            "start_time": 1679756588059617017,
            "stop_time": 1679756588060547782,
            "ram_samples": [],
            "cpu_samples": [
                0.0,
                0.0,
                0.0,
                0.0,
                0.0,
                0.0,
                0.0,
                0.0,
                0.0,
                0.0,
                0.0,
                0.0,
                0.0,
                0.0,
                0.0,
                0.0
            ],
            "average_cpu_busy": 0.0,
            "user_cpu_time": 0.053217,
            "sys_cpu_time": 0.0,
            "total_cpu_time": 0.053217,
            "max_rss": 19432,
            "exit_code": 0,
            "failed": false
        },
        {
            "index": 3,
            "input": 1000.0,
            "run_time": 886944.0,
            "start_time": 1679756588078062502,
            "stop_time": 1679756588078949446,
            "ram_samples": [],
            "cpu_samples": [
                0.0,
                0.0,
                0.0,
                0.0,
                0.0,
                0.0,
                0.0,
                0.0,
                0.0,
                0.0,
                0.0,
                0.0,
                0.0,
                0.0,
                0.0,
                0.0
            ],
            "average_cpu_busy": 0.0,
            "user_cpu_time": 0.050059,
            "sys_cpu_time": 0.004171,
            "total_cpu_time": 0.05423,
            "max_rss": 19432,
            "exit_code": 0,
            "failed": false
        },
        {
            "index": 4,
            "input": 1000.0,
            "run_time": 924554.0,
            "start_time": 1679756588097129744,
            "stop_time": 1679756588098054298,
            "ram_samples": [],
            "cpu_samples": [
                0.0,
                0.0,
                0.0,
                0.0,
                0.0,
                0.0,
                0.0,
                0.0,
                0.0,
                0.0,
                0.0,
                0.0,
                0.0,
                0.0,
                0.0,
                0.0
            ],
            "average_cpu_busy": 0.0,
            "user_cpu_time": 0.050157,
            "sys_cpu_time": 0.003343,
            "total_cpu_time": 0.0535,
            "max_rss": 19432,
            "exit_code": 0,
            "failed": false
        },
        {
            "index": 5,
            "input": 1000.0,
            "run_time": 954390.0,
            "start_time": 1679756588115632798,
            "stop_time": 1679756588116587188,
            "ram_samples": [],
            "cpu_samples": [
                0.0,
                0.0,
                0.0,
                0.0,
                0.0,
                0.0,
                0.0,
                0.0,
                0.0,
                0.0,
                0.0,
                0.0,
                0.0,
                0.0,
                0.0,
                0.0
            ],
            "average_cpu_busy": 0.0,
            "user_cpu_time": 0.038526,
            "sys_cpu_time": 0.01541,
            "total_cpu_time": 0.053936,
            "max_rss": 19432,
            "exit_code": 0,
            "failed": false
        }
    ]
}