{
    "bench": "spectralnorm-1.rust",
    "language": "rust",
    "input": 3000.0,
    "average_run_time": 966300.8333333334,
    "maximum_run_time": 1082280.0,
    "minimum_run_time": 933782.0,
    "average_cpu_time": 0.4407046666666667,
    "minimum_cpu_time": 0.43870499999999996,
    "maximum_cpu_time": 0.444713,
    "average_cpu_busy": 0,
    "average_ram_load": 0,
    "run_results": [
        {
            "index": 0,
            "input": 3000.0,
            "run_time": 937489.0,
            "start_time": 1680009348982001880,
            "stop_time": 1680009348982939369,
            "ram_samples": [],
            "cpu_samples": [
                0.0,
                0.0,
                0.0,
                0.0,
                0.0,
                0.0,
                0.0,
                0.0,
                0.0,
                0.0,
                0.0,
                0.0,
                0.0,
                100.0,
                0.0,
                0.0
            ],
            "average_cpu_busy": 9.37489e-07,
            "user_cpu_time": 0.440913,
            "sys_cpu_time": 0.0038,
            "total_cpu_time": 0.444713,
            "max_rss": 22712,
            "exit_code": 0,
            "failed": false
        },
        {
            "index": 1,
            "input": 3000.0,
            "run_time": 940223.0,
            "start_time": 1680009349103431751,
            "stop_time": 1680009349104371974,
            "ram_samples": [],
            "cpu_samples": [
                0.0,
                0.0,
                0.0,
                0.0,
                0.0,
                0.0,
                0.0,
                0.0,
                0.0,
                0.0,
                0.0,
                0.0,
                0.0,
                0.0,
                0.0,
                0.0
            ],
            "average_cpu_busy": 0.0,
            "user_cpu_time": 0.435285,
            "sys_cpu_time": 0.00403,
            "total_cpu_time": 0.43931499999999996,
            "max_rss": 22716,
            "exit_code": 0,
            "failed": false
        },
        {
            "index": 2,
            "input": 3000.0,
            "run_time": 1082280.0,
            "start_time": 1680009349221589885,
            "stop_time": 1680009349222672165,
            "ram_samples": [],
            "cpu_samples": [
                0.0,
                0.0,
                0.0,
                0.0,
                0.0,
                0.0,
                0.0,
                0.0,
                0.0,
                0.0,
                0.0,
                0.0,
                0.0,
                0.0,
                0.0,
                0.0
            ],
            "average_cpu_busy": 0.0,
            "user_cpu_time": 0.41839499999999996,
            "sys_cpu_time": 0.020309999999999998,
            "total_cpu_time": 0.43870499999999996,
            "max_rss": 22716,
            "exit_code": 0,
            "failed": false
        },
        {
            "index": 3,
            "input": 3000.0,
            "run_time": 941476.0,
            "start_time": 1680009349338903254,
            "stop_time": 1680009349339844730,
            "ram_samples": [],
            "cpu_samples": [
                0.0,
                0.0,
                0.0,
                0.0,
                0.0,
                0.0,
                0.0,
                0.0,
                0.0,
                0.0,
                0.0,
                0.0,
                0.0,
                0.0,
                0.0,
                0.0
            ],
            "average_cpu_busy": 0.0,
            "user_cpu_time": 0.439743,
            "sys_cpu_time": 0.0,
            "total_cpu_time": 0.439743,
            "max_rss": 22716,
            "exit_code": 0,
            "failed": false
        },
        {
            "index": 4,
            "input": 3000.0,
            "run_time": 933782.0,
            "start_time": 1680009349457905351,
            "stop_time": 1680009349458839133,
            "ram_samples": [],
            "cpu_samples": [
                0.0,
                0.0,
                0.0,
                0.0,
                0.0,
                0.0,
                0.0,
                0.0,
                0.0,
                0.0,
                0.0,
                0.0,
                0.0,
                0.0,
                100.0,
                0.0
            ],
            "average_cpu_busy": 9.33782e-07,
            "user_cpu_time": 0.43304,
            "sys_cpu_time": 0.007944999999999999,
            "total_cpu_time": 0.44098499999999996,
            "max_rss": 22716,
            "exit_code": 0,
            "failed": false
        },
        {
            "index": 5,
            "input": 3000.0,
            "run_time": 962555.0,
            "start_time": 1680009349578091900,
            "stop_time": 1680009349579054455,
            "ram_samples": [],
            "cpu_samples": [
                0.0,
                0.0,
                0.0,
                0.0,
                0.0,
                0.0,
                0.0,
                0.0,
                0.0,
                0.0,
                0.0,
                0.0,
                0.0,
                0.0,
                0.0,
                0.0
            ],
            "average_cpu_busy": 0.0,
            "user_cpu_time": 0.44076699999999996,
            "sys_cpu_time": 0.0,
            "total_cpu_time": 0.44076699999999996,
            "max_rss": 22716,
            "exit_code": 0,
            "failed": false
        }
    ]
}