{
    "bench": "spectralnorm-3.rust",
    "language": "rust",
    "input": 2000.0,
    "average_run_time": 939396.8333333334,
    "maximum_run_time": 966262.0,
    "minimum_run_time": 916278.0,
    "average_cpu_time": 0.24947866666666663,
    "minimum_cpu_time": 0.246811,
    "maximum_cpu_time": 0.250878,
    "average_cpu_busy": 0,
    "average_ram_load": 0,
    "run_results": [
        {
            "index": 0,
            "input": 2000.0,
            "run_time": 916278.0,
            "start_time": 1680009372840295239,
            "stop_time": 1680009372841211517,
            "ram_samples": [],
            "cpu_samples": [
                0.0,
                0.0,
                0.0,
                0.0,
                0.0,
                0.0,
                0.0,
                0.0,
                0.0,
                0.0,
                0.0,
                0.0,
                0.0,
                0.0,
                0.0,
                0.0
            ],
            "average_cpu_busy": 0.0,
            "user_cpu_time": 0.233821,
            "sys_cpu_time": 0.01299,
            "total_cpu_time": 0.246811,
            "max_rss": 22964,
            "exit_code": 0,
            "failed": false
        },
        {
            "index": 1,
            "input": 2000.0,
            "run_time": 966262.0,
            "start_time": 1680009372909222026,
            "stop_time": 1680009372910188288,
            "ram_samples": [],
            "cpu_samples": [
                0.0,
                0.0,
                0.0,
                0.0,
                0.0,
                0.0,
                0.0,
                0.0,
                0.0,
                0.0,
                0.0,
                0.0,
                0.0,
                0.0,
                0.0,
                0.0
            ],
            "average_cpu_busy": 0.0,
            "user_cpu_time": 0.24903999999999998,
            "sys_cpu_time": 0.0,
            "total_cpu_time": 0.24903999999999998,
            "max_rss": 22964,
            "exit_code": 0,
            "failed": false
        },
        {
            "index": 2,
            "input": 2000.0,
            "run_time": 945884.0,
            "start_time": 1680009372979784180,
            "stop_time": 1680009372980730064,
            "ram_samples": [],
            "cpu_samples": [
                0.0,
                0.0,
                0.0,
                0.0,
                0.0,
                0.0,
                0.0,
                0.0,
                0.0,
                0.0,
                0.0,
                0.0,
                0.0,
                0.0,
                0.0,
                0.0
            ],
            "average_cpu_busy": 0.0,
            "user_cpu_time": 0.242366,
            "sys_cpu_time": 0.007946,
            "total_cpu_time": 0.250312,
            "max_rss": 22964,
            "exit_code": 0,
            "failed": false
        },
        {
            "index": 3,
            "input": 2000.0,
            "run_time": 945002.0,
            "start_time": 1680009373050898120,
            "stop_time": 1680009373051843122,
            "ram_samples": [],
            "cpu_samples": [
                0.0,
                0.0,
                0.0,
                0.0,
                0.0,
                0.0,
                0.0,
                0.0,
                0.0,
                0.0,
                0.0,
                0.0,
                0.0,
                0.0,
                0.0,
                0.0
            ],
            "average_cpu_busy": 0.0,
            "user_cpu_time": 0.24984399999999998,
            "sys_cpu_time": 0.0,
            "total_cpu_time": 0.24984399999999998,
            "max_rss": 22964,
            "exit_code": 0,
            "failed": false
        },
        {
            "index": 4,
            "input": 2000.0,
            "run_time": 917201.0,
            "start_time": 1680009373121566052,
            "stop_time": 1680009373122483253,
            "ram_samples": [],
            "cpu_samples": [
                0.0,
                0.0,
                0.0,
                0.0,
                0.0,
                0.0,
                0.0,
                0.0,
                0.0,
                0.0,
                0.0,
                0.0,
                0.0,
                0.0,
                0.0,
                0.0
            ],
            "average_cpu_busy": 0.0,
            "user_cpu_time": 0.247019,
            "sys_cpu_time": 0.003859,
            "total_cpu_time": 0.250878,
            "max_rss": 22964,
            "exit_code": 0,
            "failed": false
        },
        {
            "index": 5,
            "input": 2000.0,
            "run_time": 945754.0,
            "start_time": 1680009373191623350,
            "stop_time": 1680009373192569104,
            "ram_samples": [],
            "cpu_samples": [
                0.0,
                0.0,
                0.0,
                0.0,
                0.0,
                0.0,
                0.0,
                0.0,
                0.0,
                0.0,
                0.0,
                0.0,
                0.0,
                0.0,
                0.0,
                0.0
            ],
            "average_cpu_busy": 0.0,
            "user_cpu_time": 0.241923,
            "sys_cpu_time": 0.008064,
            "total_cpu_time": 0.249987,
            "max_rss": 22968,
            "exit_code": 0,
            "failed": false
        }
    ]
}