{
    "bench": "spectralnorm-2.java",
    "language": "java",
    "input": 1000.0,
    "average_runtime": 1214337.8333333333,
    "average_cpu_busy": 1.3752799999999999e-06,
    "average_ram_load": 0,
    "run_results": [
        {
            "index": 0,
            "input": 1000.0,
            "run_time": 1132364.0,
            "start_time": 1679835450987034740,
            "stop_time": 1679835450988167104,
            "ram_samples": [],
            "cpu_samples": [
                0.0,
                0.0,
                0.0,
                0.0,
                0.0,
                0.0,
                0.0,
                0.0,
                0.0,
                0.0,
                0.0,
                0.0,
                0.0,
                0.0,
                0.0,
                0.0
            ],
            "average_cpu_busy": 0.0,
            "user_cpu_time": 1.115055,
            "sys_cpu_time": 0.01616,
            "total_cpu_time": 1.1312149999999999,
            "max_rss": 45352,
            "exit_code": 0,
            "failed": false
        },
        {
            "index": 1,
            "input": 1000.0,
            "run_time": 1046132.0,
            "start_time": 1679835451116115861,
            "stop_time": 1679835451117161993,
            "ram_samples": [],
            "cpu_samples": [
                0.0,
                0.0,
                0.0,
                0.0,
                0.0,
                0.0,
                0.0,
                0.0,
                0.0,
                0.0,
                0.0,
                0.0,
                0.0,
                0.0,
                0.0,
                0.0
            ],
            "average_cpu_busy": 0.0,
            "user_cpu_time": 1.174044,
            "sys_cpu_time": 0.011739999999999999,
            "total_cpu_time": 1.1857840000000002,
            "max_rss": 44960,
            "exit_code": 0,
            "failed": false
        },
        {
            "index": 2,
            "input": 1000.0,
            "run_time": 1650336.0,
            "start_time": 1679835451246088474,
            "stop_time": 1679835451247738810,
            "ram_samples": [],
            "cpu_samples": [
                0.0,
                0.0,
                0.0,
                0.0,
                0.0,
                100.0,
                100.0,
                0.0,
                0.0,
                0.0,
                0.0,
                0.0,
                100.0,
                0.0,
                100.0,
                100.0
            ],
            "average_cpu_busy": 8.25168e-06,
            "user_cpu_time": 1.202276,
            "sys_cpu_time": 0.015976999999999998,
            "total_cpu_time": 1.2182529999999998,
            "max_rss": 45920,
            "exit_code": 0,
            "failed": false
        },
        {
            "index": 3,
            "input": 1000.0,
            "run_time": 1187497.0,
            "start_time": 1679835451385914318,
            "stop_time": 1679835451387101815,
            "ram_samples": [],
            "cpu_samples": [
                0.0,
                0.0,
                0.0,
                0.0,
                0.0,
                0.0,
                0.0,
                0.0,
                0.0,
                0.0,
                0.0,
                0.0,
                0.0,
                0.0,
                0.0,
                0.0
            ],
            "average_cpu_busy": 0.0,
            "user_cpu_time": 1.155649,
            "sys_cpu_time": 0.018945,
            "total_cpu_time": 1.174594,
            "max_rss": 45272,
            "exit_code": 0,
            "failed": false
        },
        {
            "index": 4,
            "input": 1000.0,
            "run_time": 1125982.0,
            "start_time": 1679835451520391439,
            "stop_time": 1679835451521517421,
            "ram_samples": [],
            "cpu_samples": [
                0.0,
                0.0,
                0.0,
                0.0,
                0.0,
                0.0,
                0.0,
                0.0,
                0.0,
                0.0,
                0.0,
                0.0,
                0.0,
                0.0,
                0.0,
                0.0
            ],
            "average_cpu_busy": 0.0,
            "user_cpu_time": 1.306839,
            "sys_cpu_time": 0.003901,
            "total_cpu_time": 1.31074,
            "max_rss": 45568,
            "exit_code": 0,
            "failed": false
        },
        {
            "index": 5,
            "input": 1000.0,
            "run_time": 1143716.0,
            "start_time": 1679835451662820775,
            "stop_time": 1679835451663964491,
            "ram_samples": [],
            "cpu_samples": [
                0.0,
                0.0,
                0.0,
                0.0,
                0.0,
                0.0,
                0.0,
                0.0,
                0.0,
                0.0,
                0.0,
                0.0,
                0.0,
                0.0,
                0.0,
                0.0
            ],
            "average_cpu_busy": 0.0,
            "user_cpu_time": 1.2098849999999999,
            "sys_cpu_time": 0.023191999999999997,
            "total_cpu_time": 1.233077,
            "max_rss": 45696,
            "exit_code": 0,
            "failed": false
        }
    ],
    "maximum_runtime": 1650336.0,
    "minimum_runtime": 1046132.0
}