{
    "bench": "spectralnorm-4.rust",
    "language": "rust",
    "input": 1000.0,
    "average_run_time": 972894.5,
    "maximum_run_time": 1191935.0,
    "minimum_run_time": 893075.0,
    "average_cpu_time": 0.092302,
    "minimum_cpu_time": 0.087685,
    "maximum_cpu_time": 0.099743,
    "average_cpu_busy": 0,
    "average_ram_load": 0,
    "run_results": [
        {
            "index": 0,
            "input": 1000.0,
            "run_time": 905758.0,
            "start_time": 1679838398719771369,
            "stop_time": 1679838398720677127,
            "ram_samples": [],
            "cpu_samples": [
                0.0,
                0.0,
                0.0,
                0.0,
                0.0,
                0.0,
                0.0,
                0.0,
                0.0,
                0.0,
                0.0,
                0.0,
                0.0,
                0.0,
                0.0,
                0.0
            ],
            "average_cpu_busy": 0.0,
            "user_cpu_time": 0.09426799999999999,
            "sys_cpu_time": 0.0,
            "total_cpu_time": 0.09426799999999999,
            "max_rss": 19524,
            "exit_code": 0,
            "failed": false
        },
        {
            "index": 1,
            "input": 1000.0,
            "run_time": 931517.0,
            "start_time": 1679838398731146504,
            "stop_time": 1679838398732078021,
            "ram_samples": [],
            "cpu_samples": [
                0.0,
                0.0,
                0.0,
                0.0,
                0.0,
                0.0,
                0.0,
                0.0,
                0.0,
                0.0,
                0.0,
                0.0,
                0.0,
                0.0,
                0.0,
                0.0
            ],
            "average_cpu_busy": 0.0,
            "user_cpu_time": 0.090709,
            "sys_cpu_time": 0.0,
            "total_cpu_time": 0.090709,
            "max_rss": 19528,
            "exit_code": 0,
            "failed": false
        },
        {
            "index": 2,
            "input": 1000.0,
            "run_time": 893075.0,
            "start_time": 1679838398742180929,
            "stop_time": 1679838398743074004,
            "ram_samples": [],
            "cpu_samples": [
                0.0,
                0.0,
                0.0,
                0.0,
                0.0,
                0.0,
                0.0,
                0.0,
                100.0,
                0.0,
                0.0,
                0.0,
                0.0,
                0.0,
                0.0,
                0.0
            ],
            "average_cpu_busy": 8.930749999999998e-07,
            "user_cpu_time": 0.099743,
            "sys_cpu_time": 0.0,
            "total_cpu_time": 0.099743,
            "max_rss": 19528,
            "exit_code": 0,
            "failed": false
        },
        {
            "index": 3,
            "input": 1000.0,
            "run_time": 1191935.0,
            "start_time": 1679838398754664664,
            "stop_time": 1679838398755856599,
            "ram_samples": [],
            "cpu_samples": [
                0.0,
                0.0,
                0.0,
                0.0,
                0.0,
                0.0,
                0.0,
                0.0,
                0.0,
                0.0,
                0.0,
                0.0,
                0.0,
                0.0,
                0.0,
                0.0
            ],
            "average_cpu_busy": 0.0,
            "user_cpu_time": 0.093122,
            "sys_cpu_time": 0.0,
            "total_cpu_time": 0.093122,
            "max_rss": 19528,
            "exit_code": 0,
            "failed": false
        },
        {
            "index": 4,
            "input": 1000.0,
            "run_time": 915417.0,
            "start_time": 1679838398766763426,
            "stop_time": 1679838398767678843,
            "ram_samples": [],
            "cpu_samples": [
                0.0,
                0.0,
                0.0,
                0.0,
                0.0,
                0.0,
                0.0,
                0.0,
                0.0,
                0.0,
                0.0,
                0.0,
                0.0,
                0.0,
                0.0,
                0.0
            ],
            "average_cpu_busy": 0.0,
            "user_cpu_time": 0.082205,
            "sys_cpu_time": 0.00548,
            "total_cpu_time": 0.087685,
            "max_rss": 19532,
            "exit_code": 0,
            "failed": false
        },
        {
            "index": 5,
            "input": 1000.0,
            "run_time": 999665.0,
            "start_time": 1679838398777383645,
            "stop_time": 1679838398778383310,
            "ram_samples": [],
            "cpu_samples": [
                0.0,
                0.0,
                0.0,
                0.0,
                0.0,
                0.0,
                0.0,
                0.0,
                0.0,
                0.0,
                0.0,
                0.0,
                0.0,
                0.0,
                0.0,
                0.0
            ],
            "average_cpu_busy": 0.0,
            "user_cpu_time": 0.083092,
            "sys_cpu_time": 0.005193,
            "total_cpu_time": 0.088285,
            "max_rss": 19536,
            "exit_code": 0,
            "failed": false
        }
    ]
}