{
    "bench": "spectralnorm-1.c",
    "language": "c",
    "input": 1000.0,
    "average_runtime": 1070214.0,
    "average_cpu_busy": 1.8930600000000001e-07,
    "average_ram_load": 0,
    "run_results": [
        {
            "index": 0,
            "input": 1000.0,
            "run_time": 1187545.0,
            "start_time": 1679663728019154420,
            "stop_time": 1679663728020341965,
            "ram_samples": [],
            "cpu_samples": [
                0.0,
                0.0,
                0.0,
                0.0,
                0.0,
                0.0,
                0.0,
                0.0,
                0.0,
                0.0,
                0.0,
                0.0,
                0.0,
                0.0,
                0.0,
                0.0
            ],
            "average_cpu_busy": 0.0,
            "user_cpu_time": 0.049197,
            "sys_cpu_time": 0.0,
            "total_cpu_time": 0.049197,
            "max_rss": 18920,
            "exit_code": 0,
            "failed": false
        },
        {
            "index": 1,
            "input": 1000.0,
            "run_time": 1135836.0,
            "start_time": 1679663728073529743,
            "stop_time": 1679663728074665579,
            "ram_samples": [],
            "cpu_samples": [
                0.0,
                0.0,
                0.0,
                0.0,
                0.0,
                0.0,
                0.0,
                0.0,
                0.0,
                0.0,
                0.0,
                0.0,
                0.0,
                0.0,
                100.0,
                0.0
            ],
            "average_cpu_busy": 1.1358360000000001e-06,
            "user_cpu_time": 0.049319999999999996,
            "sys_cpu_time": 0.0,
            "total_cpu_time": 0.049319999999999996,
            "max_rss": 18928,
            "exit_code": 0,
            "failed": false
        },
        {
            "index": 2,
            "input": 1000.0,
            "run_time": 1155082.0,
            "start_time": 1679663728127524129,
            "stop_time": 1679663728128679211,
            "ram_samples": [],
            "cpu_samples": [
                0.0,
                0.0,
                0.0,
                0.0,
                0.0,
                0.0,
                0.0,
                0.0,
                0.0,
                0.0,
                0.0,
                0.0,
                0.0,
                0.0,
                0.0,
                0.0
            ],
            "average_cpu_busy": 0.0,
            "user_cpu_time": 0.050949999999999995,
            "sys_cpu_time": 0.0,
            "total_cpu_time": 0.050949999999999995,
            "max_rss": 18928,
            "exit_code": 0,
            "failed": false
        },
        {
            "index": 3,
            "input": 1000.0,
            "run_time": 925364.0,
            "start_time": 1679663728183059483,
            "stop_time": 1679663728183984847,
            "ram_samples": [],
            "cpu_samples": [
                0.0,
                0.0,
                0.0,
                0.0,
                0.0,
                0.0,
                0.0,
                0.0,
                0.0,
                0.0,
                0.0,
                0.0,
                0.0,
                0.0,
                0.0,
                0.0
            ],
            "average_cpu_busy": 0.0,
            "user_cpu_time": 0.049554,
            "sys_cpu_time": 0.0,
            "total_cpu_time": 0.049554,
            "max_rss": 18932,
            "exit_code": 0,
            "failed": false
        },
        {
            "index": 4,
            "input": 1000.0,
            "run_time": 1080069.0,
            "start_time": 1679663728236587049,
            "stop_time": 1679663728237667118,
            "ram_samples": [],
            "cpu_samples": [
                0.0,
                0.0,
                0.0,
                0.0,
                0.0,
                0.0,
                0.0,
                0.0,
                0.0,
                0.0,
                0.0,
                0.0,
                0.0,
                0.0,
                0.0,
                0.0
            ],
            "average_cpu_busy": 0.0,
            "user_cpu_time": 0.049849,
            "sys_cpu_time": 0.0,
            "total_cpu_time": 0.049849,
            "max_rss": 18928,
            "exit_code": 0,
            "failed": false
        },
        {
            "index": 5,
            "input": 1000.0,
            "run_time": 937388.0,
            "start_time": 1679663728291028737,
            "stop_time": 1679663728291966125,
            "ram_samples": [],
            "cpu_samples": [
                0.0,
                0.0,
                0.0,
                0.0,
                0.0,
                0.0,
                0.0,
                0.0,
                0.0,
                0.0,
                0.0,
                0.0,
                0.0,
                0.0,
                0.0,
                0.0
            ],
            "average_cpu_busy": 0.0,
            "user_cpu_time": 0.051091,
            "sys_cpu_time": 0.0,
            "total_cpu_time": 0.051091,
            "max_rss": 19000,
            "exit_code": 0,
            "failed": false
        }
    ]
}