{
    "bench": "spectralnorm-4.c",
    "language": "c",
    "input": 2000.0,
    "average_run_time": 908054.8333333334,
    "maximum_run_time": 940233.0,
    "minimum_run_time": 869390.0,
    "average_cpu_time": 0.41475199999999995,
    "minimum_cpu_time": 0.279836,
    "maximum_cpu_time": 0.9952549999999999,
    "average_cpu_busy": 0,
    "average_ram_load": 0,
    "run_results": [
        {
            "index": 0,
            "input": 2000.0,
            "run_time": 875312.0,
            "start_time": 1679838397956133160,
            "stop_time": 1679838397957008472,
            "ram_samples": [],
            "cpu_samples": [
                0.0,
                0.0,
                0.0,
                0.0,
                0.0,
                0.0,
                0.0,
                0.0,
                0.0,
                0.0,
                0.0,
                0.0,
                0.0,
                0.0,
                0.0,
                0.0
            ],
            "average_cpu_busy": 0.0,
            "user_cpu_time": 0.282002,
            "sys_cpu_time": 0.0,
            "total_cpu_time": 0.282002,
            "max_rss": 19508,
            "exit_code": 0,
            "failed": false
        },
        {
            "index": 1,
            "input": 2000.0,
            "run_time": 902483.0,
            "start_time": 1679838397978649682,
            "stop_time": 1679838397979552165,
            "ram_samples": [],
            "cpu_samples": [
                0.0,
                0.0,
                0.0,
                0.0,
                0.0,
                0.0,
                0.0,
                0.0,
                0.0,
                0.0,
                0.0,
                0.0,
                0.0,
                0.0,
                0.0,
                0.0
            ],
            "average_cpu_busy": 0.0,
            "user_cpu_time": 0.279836,
            "sys_cpu_time": 0.0,
            "total_cpu_time": 0.279836,
            "max_rss": 19508,
            "exit_code": 0,
            "failed": false
        },
        {
            "index": 2,
            "input": 2000.0,
            "run_time": 930726.0,
            "start_time": 1679838398000921444,
            "stop_time": 1679838398001852170,
            "ram_samples": [],
            "cpu_samples": [
                0.0,
                0.0,
                0.0,
                0.0,
                0.0,
                0.0,
                0.0,
                0.0,
                0.0,
                0.0,
                0.0,
                0.0,
                0.0,
                0.0,
                0.0,
                0.0
            ],
            "average_cpu_busy": 0.0,
            "user_cpu_time": 0.9874189999999999,
            "sys_cpu_time": 0.007836,
            "total_cpu_time": 0.9952549999999999,
            "max_rss": 19508,
            "exit_code": 0,
            "failed": false
        },
        {
            "index": 3,
            "input": 2000.0,
            "run_time": 930185.0,
            "start_time": 1679838398075818529,
            "stop_time": 1679838398076748714,
            "ram_samples": [],
            "cpu_samples": [
                0.0,
                0.0,
                0.0,
                0.0,
                0.0,
                0.0,
                0.0,
                0.0,
                0.0,
                0.0,
                0.0,
                0.0,
                0.0,
                0.0,
                0.0,
                0.0
            ],
            "average_cpu_busy": 0.0,
            "user_cpu_time": 0.311181,
            "sys_cpu_time": 0.0,
            "total_cpu_time": 0.311181,
            "max_rss": 19508,
            "exit_code": 0,
            "failed": false
        },
        {
            "index": 4,
            "input": 2000.0,
            "run_time": 869390.0,
            "start_time": 1679838398100708983,
            "stop_time": 1679838398101578373,
            "ram_samples": [],
            "cpu_samples": [
                0.0,
                0.0,
                0.0,
                0.0,
                0.0,
                0.0,
                0.0,
                0.0,
                0.0,
                0.0,
                0.0,
                0.0,
                0.0,
                0.0,
                0.0,
                0.0
            ],
            "average_cpu_busy": 0.0,
            "user_cpu_time": 0.289612,
            "sys_cpu_time": 0.0,
            "total_cpu_time": 0.289612,
            "max_rss": 19508,
            "exit_code": 0,
            "failed": false
        },
        {
            "index": 5,
            "input": 2000.0,
            "run_time": 940233.0,
            "start_time": 1679838398124043208,
            "stop_time": 1679838398124983441,
            "ram_samples": [],
            "cpu_samples": [
                0.0,
                0.0,
                0.0,
                0.0,
                0.0,
                0.0,
                0.0,
                0.0,
                0.0,
                0.0,
                0.0,
                0.0,
                0.0,
                0.0,
                0.0,
                0.0
            ],
            "average_cpu_busy": 0.0,
            "user_cpu_time": 0.330626,
            "sys_cpu_time": 0.0,
            "total_cpu_time": 0.330626,
            "max_rss": 19508,
            "exit_code": 0,
            "failed": false
        }
    ]
}