{
    "bench": "spectralnorm-4.c",
    "language": "c",
    "input": 2000.0,
    "average_runtime": 912954.1666666666,
    "average_cpu_busy": 0.0,
    "average_ram_load": 0,
    "run_results": [
        {
            "index": 0,
            "input": 2000.0,
            "run_time": 911869.0,
            "start_time": 1679663725176104439,
            "stop_time": 1679663725177016308,
            "ram_samples": [],
            "cpu_samples": [
                0.0,
                0.0,
                0.0,
                0.0,
                0.0,
                0.0,
                0.0,
                0.0,
                0.0,
                0.0,
                0.0,
                0.0,
                0.0,
                0.0,
                0.0,
                0.0
            ],
            "average_cpu_busy": 0.0,
            "user_cpu_time": 0.256645,
            "sys_cpu_time": 0.0,
            "total_cpu_time": 0.256645,
            "max_rss": 18840,
            "exit_code": 0,
            "failed": false
        },
        {
            "index": 1,
            "input": 2000.0,
            "run_time": 870019.0,
            "start_time": 1679663725196701978,
            "stop_time": 1679663725197571997,
            "ram_samples": [],
            "cpu_samples": [
                0.0,
                0.0,
                0.0,
                0.0,
                0.0,
                0.0,
                0.0,
                0.0,
                0.0,
                0.0,
                0.0,
                0.0,
                0.0,
                0.0,
                0.0,
                0.0
            ],
            "average_cpu_busy": 0.0,
            "user_cpu_time": 0.750154,
            "sys_cpu_time": 0.0,
            "total_cpu_time": 0.750154,
            "max_rss": 18840,
            "exit_code": 0,
            "failed": false
        },
        {
            "index": 2,
            "input": 2000.0,
            "run_time": 934502.0,
            "start_time": 1679663725253221499,
            "stop_time": 1679663725254156001,
            "ram_samples": [],
            "cpu_samples": [
                0.0,
                0.0,
                0.0,
                0.0,
                0.0,
                0.0,
                0.0,
                0.0,
                0.0,
                0.0,
                0.0,
                0.0,
                0.0,
                0.0,
                0.0,
                0.0
            ],
            "average_cpu_busy": 0.0,
            "user_cpu_time": 0.438102,
            "sys_cpu_time": 0.004212,
            "total_cpu_time": 0.442314,
            "max_rss": 18848,
            "exit_code": 0,
            "failed": false
        },
        {
            "index": 3,
            "input": 2000.0,
            "run_time": 914614.0,
            "start_time": 1679663725287662968,
            "stop_time": 1679663725288577582,
            "ram_samples": [],
            "cpu_samples": [
                0.0,
                0.0,
                0.0,
                0.0,
                0.0,
                0.0,
                0.0,
                0.0,
                0.0,
                0.0,
                0.0,
                0.0,
                0.0,
                0.0,
                0.0,
                0.0
            ],
            "average_cpu_busy": 0.0,
            "user_cpu_time": 0.34207099999999996,
            "sys_cpu_time": 0.0,
            "total_cpu_time": 0.34207099999999996,
            "max_rss": 18848,
            "exit_code": 0,
            "failed": false
        },
        {
            "index": 4,
            "input": 2000.0,
            "run_time": 931797.0,
            "start_time": 1679663725314999879,
            "stop_time": 1679663725315931676,
            "ram_samples": [],
            "cpu_samples": [
                0.0,
                0.0,
                0.0,
                0.0,
                0.0,
                0.0,
                0.0,
                0.0,
                0.0,
                0.0,
                0.0,
                0.0,
                0.0,
                0.0,
                0.0,
                0.0
            ],
            "average_cpu_busy": 0.0,
            "user_cpu_time": 0.324818,
            "sys_cpu_time": 0.0,
            "total_cpu_time": 0.324818,
            "max_rss": 18848,
            "exit_code": 0,
            "failed": false
        },
        {
            "index": 5,
            "input": 2000.0,
            "run_time": 914924.0,
            "start_time": 1679663725340654492,
            "stop_time": 1679663725341569416,
            "ram_samples": [],
            "cpu_samples": [
                0.0,
                0.0,
                0.0,
                0.0,
                0.0,
                0.0,
                0.0,
                0.0,
                0.0,
                0.0,
                0.0,
                0.0,
                0.0,
                0.0,
                0.0,
                0.0
            ],
            "average_cpu_busy": 0.0,
            "user_cpu_time": 0.24206599999999998,
            "sys_cpu_time": 0.0,
            "total_cpu_time": 0.24206599999999998,
            "max_rss": 18844,
            "exit_code": 0,
            "failed": false
        }
    ]
}