{
    "bench": "spectralnorm-2.java",
    "language": "java",
    "input": 3000.0,
    "average_run_time": 1157132.0,
    "maximum_run_time": 1177168.0,
    "minimum_run_time": 1138435.0,
    "average_cpu_time": 1.337324,
    "minimum_cpu_time": 1.2257529999999999,
    "maximum_cpu_time": 1.4567830000000002,
    "average_cpu_busy": 0,
    "average_ram_load": 0,
    "run_results": [
        {
            "index": 0,
            "input": 3000.0,
            "run_time": 1158694.0,
            "start_time": 1680009281902486312,
            "stop_time": 1680009281903645006,
            "ram_samples": [],
            "cpu_samples": [
                0.0,
                0.0,
                0.0,
                0.0,
                0.0,
                0.0,
                0.0,
                0.0,
                0.0,
                0.0,
                0.0,
                0.0,
                0.0,
                0.0,
                0.0,
                0.0
            ],
            "average_cpu_busy": 0.0,
            "user_cpu_time": 1.2141899999999999,
            "sys_cpu_time": 0.011562999999999999,
            "total_cpu_time": 1.2257529999999999,
            "max_rss": 44928,
            "exit_code": 0,
            "failed": false
        },
        {
            "index": 1,
            "input": 3000.0,
            "run_time": 1155277.0,
            "start_time": 1680009282036441515,
            "stop_time": 1680009282037596792,
            "ram_samples": [],
            "cpu_samples": [
                0.0,
                0.0,
                0.0,
                0.0,
                0.0,
                0.0,
                0.0,
                0.0,
                0.0,
                0.0,
                0.0,
                0.0,
                0.0,
                0.0,
                0.0,
                0.0
            ],
            "average_cpu_busy": 0.0,
            "user_cpu_time": 1.371636,
            "sys_cpu_time": 0.015325,
            "total_cpu_time": 1.386961,
            "max_rss": 45920,
            "exit_code": 0,
            "failed": false
        },
        {
            "index": 2,
            "input": 3000.0,
            "run_time": 1177168.0,
            "start_time": 1680009282180003185,
            "stop_time": 1680009282181180353,
            "ram_samples": [],
            "cpu_samples": [
                0.0,
                0.0,
                0.0,
                0.0,
                0.0,
                0.0,
                0.0,
                0.0,
                0.0,
                0.0,
                0.0,
                0.0,
                0.0,
                0.0,
                0.0,
                0.0
            ],
            "average_cpu_busy": 0.0,
            "user_cpu_time": 1.431448,
            "sys_cpu_time": 0.025335,
            "total_cpu_time": 1.4567830000000002,
            "max_rss": 45948,
            "exit_code": 0,
            "failed": false
        },
        {
            "index": 3,
            "input": 3000.0,
            "run_time": 1170014.0,
            "start_time": 1680009282328388242,
            "stop_time": 1680009282329558256,
            "ram_samples": [],
            "cpu_samples": [
                0.0,
                0.0,
                0.0,
                0.0,
                0.0,
                0.0,
                0.0,
                0.0,
                0.0,
                0.0,
                0.0,
                0.0,
                0.0,
                0.0,
                0.0,
                0.0
            ],
            "average_cpu_busy": 0.0,
            "user_cpu_time": 1.2958159999999999,
            "sys_cpu_time": 0.012872,
            "total_cpu_time": 1.3086879999999999,
            "max_rss": 46080,
            "exit_code": 0,
            "failed": false
        },
        {
            "index": 4,
            "input": 3000.0,
            "run_time": 1138435.0,
            "start_time": 1680009282465401260,
            "stop_time": 1680009282466539695,
            "ram_samples": [],
            "cpu_samples": [
                0.0,
                0.0,
                0.0,
                0.0,
                0.0,
                0.0,
                0.0,
                0.0,
                0.0,
                0.0,
                0.0,
                0.0,
                0.0,
                0.0,
                0.0,
                0.0
            ],
            "average_cpu_busy": 0.0,
            "user_cpu_time": 1.364011,
            "sys_cpu_time": 0.032476,
            "total_cpu_time": 1.396487,
            "max_rss": 45668,
            "exit_code": 0,
            "failed": false
        },
        {
            "index": 5,
            "input": 3000.0,
            "run_time": 1143204.0,
            "start_time": 1680009282603620420,
            "stop_time": 1680009282604763624,
            "ram_samples": [],
            "cpu_samples": [
                0.0,
                0.0,
                0.0,
                0.0,
                0.0,
                0.0,
                0.0,
                0.0,
                0.0,
                0.0,
                0.0,
                0.0,
                0.0,
                0.0,
                0.0,
                0.0
            ],
            "average_cpu_busy": 0.0,
            "user_cpu_time": 1.216718,
            "sys_cpu_time": 0.032554,
            "total_cpu_time": 1.249272,
            "max_rss": 45440,
            "exit_code": 0,
            "failed": false
        }
    ]
}