{
    "bench": "spectralnorm-3.c",
    "language": "c",
    "input": 3000.0,
    "average_run_time": 959543.1666666666,
    "maximum_run_time": 1079695.0,
    "minimum_run_time": 899187.0,
    "average_cpu_time": 1.0951941666666667,
    "minimum_cpu_time": 0.994402,
    "maximum_cpu_time": 1.1681329999999999,
    "average_cpu_busy": 0,
    "average_ram_load": 0,
    "run_results": [
        {
            "index": 0,
            "input": 3000.0,
            "run_time": 899187.0,
            "start_time": 1680009383595586558,
            "stop_time": 1680009383596485745,
            "ram_samples": [],
            "cpu_samples": [
                0.0,
                0.0,
                0.0,
                0.0,
                0.0,
                0.0,
                0.0,
                0.0,
                0.0,
                0.0,
                0.0,
                0.0,
                0.0,
                0.0,
                0.0,
                0.0
            ],
            "average_cpu_busy": 0.0,
            "user_cpu_time": 0.994402,
            "sys_cpu_time": 0.0,
            "total_cpu_time": 0.994402,
            "max_rss": 23148,
            "exit_code": 0,
            "failed": false
        },
        {
            "index": 1,
            "input": 3000.0,
            "run_time": 962325.0,
            "start_time": 1680009383663854630,
            "stop_time": 1680009383664816955,
            "ram_samples": [],
            "cpu_samples": [
                0.0,
                0.0,
                0.0,
                0.0,
                0.0,
                0.0,
                0.0,
                0.0,
                0.0,
                0.0,
                0.0,
                0.0,
                0.0,
                0.0,
                0.0,
                0.0
            ],
            "average_cpu_busy": 0.0,
            "user_cpu_time": 1.1642,
            "sys_cpu_time": 0.003933,
            "total_cpu_time": 1.1681329999999999,
            "max_rss": 23148,
            "exit_code": 0,
            "failed": false
        },
        {
            "index": 2,
            "input": 3000.0,
            "run_time": 961233.0,
            "start_time": 1680009383744080359,
            "stop_time": 1680009383745041592,
            "ram_samples": [],
            "cpu_samples": [
                0.0,
                0.0,
                0.0,
                0.0,
                0.0,
                0.0,
                0.0,
                0.0,
                0.0,
                0.0,
                0.0,
                0.0,
                0.0,
                0.0,
                0.0,
                0.0
            ],
            "average_cpu_busy": 0.0,
            "user_cpu_time": 1.106661,
            "sys_cpu_time": 0.0,
            "total_cpu_time": 1.106661,
            "max_rss": 23148,
            "exit_code": 0,
            "failed": false
        },
        {
            "index": 3,
            "input": 3000.0,
            "run_time": 918984.0,
            "start_time": 1680009383819911756,
            "stop_time": 1680009383820830740,
            "ram_samples": [],
            "cpu_samples": [
                0.0,
                0.0,
                0.0,
                0.0,
                0.0,
                0.0,
                0.0,
                0.0,
                0.0,
                0.0,
                0.0,
                0.0,
                0.0,
                0.0,
                0.0,
                0.0
            ],
            "average_cpu_busy": 0.0,
            "user_cpu_time": 1.087224,
            "sys_cpu_time": 0.0,
            "total_cpu_time": 1.087224,
            "max_rss": 23156,
            "exit_code": 0,
            "failed": false
        },
        {
            "index": 4,
            "input": 3000.0,
            "run_time": 1079695.0,
            "start_time": 1680009383894536551,
            "stop_time": 1680009383895616246,
            "ram_samples": [],
            "cpu_samples": [
                0.0,
                0.0,
                0.0,
                0.0,
                0.0,
                0.0,
                0.0,
                0.0,
                0.0,
                0.0,
                0.0,
                0.0,
                0.0,
                0.0,
                0.0,
                0.0
            ],
            "average_cpu_busy": 0.0,
            "user_cpu_time": 1.046755,
            "sys_cpu_time": 0.0,
            "total_cpu_time": 1.046755,
            "max_rss": 23156,
            "exit_code": 0,
            "failed": false
        },
        {
            "index": 5,
            "input": 3000.0,
            "run_time": 935835.0,
            "start_time": 1680009383966766493,
            "stop_time": 1680009383967702328,
            "ram_samples": [],
            "cpu_samples": [
                0.0,
                0.0,
                0.0,
                0.0,
                0.0,
                0.0,
                0.0,
                0.0,
                0.0,
                0.0,
                0.0,
                0.0,
                0.0,
                0.0,
                0.0,
                0.0
            ],
            "average_cpu_busy": 0.0,
            "user_cpu_time": 1.16799,
            "sys_cpu_time": 0.0,
            "total_cpu_time": 1.16799,
            "max_rss": 23160,
            "exit_code": 0,
            "failed": false
        }
    ]
}