{
    "bench": "spectralnorm-1.c",
    "language": "c",
    "input": 3000.0,
    "average_run_time": 1006509.6666666666,
    "maximum_run_time": 1230448.0,
    "minimum_run_time": 874320.0,
    "average_cpu_time": 0.44761,
    "minimum_cpu_time": 0.445604,
    "maximum_cpu_time": 0.450999,
    "average_cpu_busy": 0,
    "average_ram_load": 0,
    "run_results": [
        {
            "index": 0,
            "input": 3000.0,
            "run_time": 978415.0,
            "start_time": 1680009330664531502,
            "stop_time": 1680009330665509917,
            "ram_samples": [],
            "cpu_samples": [
                0.0,
                0.0,
                0.0,
                0.0,
                0.0,
                0.0,
                0.0,
                0.0,
                0.0,
                0.0,
                0.0,
                0.0,
                0.0,
                0.0,
                0.0,
                0.0
            ],
            "average_cpu_busy": 0.0,
            "user_cpu_time": 0.445604,
            "sys_cpu_time": 0.0,
            "total_cpu_time": 0.445604,
            "max_rss": 22548,
            "exit_code": 0,
            "failed": false
        },
        {
            "index": 1,
            "input": 3000.0,
            "run_time": 1230448.0,
            "start_time": 1680009331115315239,
            "stop_time": 1680009331116545687,
            "ram_samples": [],
            "cpu_samples": [
                0.0,
                0.0,
                0.0,
                0.0,
                0.0,
                0.0,
                0.0,
                0.0,
                0.0,
                0.0,
                0.0,
                0.0,
                0.0,
                0.0,
                0.0,
                0.0
            ],
            "average_cpu_busy": 0.0,
            "user_cpu_time": 0.447719,
            "sys_cpu_time": 0.0,
            "total_cpu_time": 0.447719,
            "max_rss": 22548,
            "exit_code": 0,
            "failed": false
        },
        {
            "index": 2,
            "input": 3000.0,
            "run_time": 952417.0,
            "start_time": 1680009331567778386,
            "stop_time": 1680009331568730803,
            "ram_samples": [],
            "cpu_samples": [
                0.0,
                0.0,
                0.0,
                0.0,
                0.0,
                0.0,
                0.0,
                0.0,
                0.0,
                0.0,
                0.0,
                0.0,
                0.0,
                0.0,
                0.0,
                0.0
            ],
            "average_cpu_busy": 0.0,
            "user_cpu_time": 0.448331,
            "sys_cpu_time": 0.0,
            "total_cpu_time": 0.448331,
            "max_rss": 22548,
            "exit_code": 0,
            "failed": false
        },
        {
            "index": 3,
            "input": 3000.0,
            "run_time": 1004735.0,
            "start_time": 1680009332020767139,
            "stop_time": 1680009332021771874,
            "ram_samples": [],
            "cpu_samples": [
                0.0,
                0.0,
                0.0,
                0.0,
                0.0,
                0.0,
                0.0,
                0.0,
                0.0,
                0.0,
                0.0,
                0.0,
                0.0,
                0.0,
                0.0,
                0.0
            ],
            "average_cpu_busy": 0.0,
            "user_cpu_time": 0.446911,
            "sys_cpu_time": 0.0,
            "total_cpu_time": 0.446911,
            "max_rss": 22548,
            "exit_code": 0,
            "failed": false
        },
        {
            "index": 4,
            "input": 3000.0,
            "run_time": 998723.0,
            "start_time": 1680009332472691235,
            "stop_time": 1680009332473689958,
            "ram_samples": [],
            "cpu_samples": [
                0.0,
                0.0,
                0.0,
                0.0,
                0.0,
                0.0,
                0.0,
                0.0,
                0.0,
                0.0,
                0.0,
                0.0,
                0.0,
                0.0,
                0.0,
                0.0
            ],
            "average_cpu_busy": 0.0,
            "user_cpu_time": 0.446096,
            "sys_cpu_time": 0.0,
            "total_cpu_time": 0.446096,
            "max_rss": 22552,
            "exit_code": 0,
            "failed": false
        },
        {
            "index": 5,
            "input": 3000.0,
            "run_time": 874320.0,
            "start_time": 1680009332923513234,
            "stop_time": 1680009332924387554,
            "ram_samples": [],
            "cpu_samples": [
                0.0,
                0.0,
                0.0,
                0.0,
                0.0,
                0.0,
                0.0,
                0.0,
                0.0,
                0.0,
                0.0,
                0.0,
                0.0,
                0.0,
                0.0,
                0.0
            ],
            "average_cpu_busy": 0.0,
            "user_cpu_time": 0.450999,
            "sys_cpu_time": 0.0,
            "total_cpu_time": 0.450999,
            "max_rss": 22552,
            "exit_code": 0,
            "failed": false
        }
    ]
}