{
    "bench": "spectralnorm-4.rust",
    "language": "rust",
    "input": 5000.0,
    "average_run_time": 1013395.5,
    "maximum_run_time": 1072381.0,
    "minimum_run_time": 991319.0,
    "average_cpu_time": 1.949858833333333,
    "minimum_cpu_time": 1.944988,
    "maximum_cpu_time": 1.954092,
    "average_cpu_busy": 0,
    "average_ram_load": 0,
    "run_results": [
        {
            "index": 0,
            "input": 5000.0,
            "run_time": 991319.0,
            "start_time": 1680009311131046722,
            "stop_time": 1680009311132038041,
            "ram_samples": [],
            "cpu_samples": [
                0.0,
                0.0,
                0.0,
                0.0,
                0.0,
                0.0,
                0.0,
                0.0,
                0.0,
                0.0,
                0.0,
                0.0,
                0.0,
                0.0,
                0.0,
                0.0
            ],
            "average_cpu_busy": 0.0,
            "user_cpu_time": 1.915051,
            "sys_cpu_time": 0.036057,
            "total_cpu_time": 1.951108,
            "max_rss": 22396,
            "exit_code": 0,
            "failed": false
        },
        {
            "index": 1,
            "input": 5000.0,
            "run_time": 1003842.0,
            "start_time": 1680009311262347466,
            "stop_time": 1680009311263351308,
            "ram_samples": [],
            "cpu_samples": [
                0.0,
                0.0,
                0.0,
                0.0,
                0.0,
                0.0,
                0.0,
                0.0,
                0.0,
                0.0,
                0.0,
                0.0,
                0.0,
                0.0,
                0.0,
                0.0
            ],
            "average_cpu_busy": 0.0,
            "user_cpu_time": 1.937431,
            "sys_cpu_time": 0.008157,
            "total_cpu_time": 1.9455879999999999,
            "max_rss": 22400,
            "exit_code": 0,
            "failed": false
        },
        {
            "index": 2,
            "input": 5000.0,
            "run_time": 1017308.0,
            "start_time": 1680009311393293865,
            "stop_time": 1680009311394311173,
            "ram_samples": [],
            "cpu_samples": [
                0.0,
                0.0,
                0.0,
                0.0,
                0.0,
                0.0,
                0.0,
                0.0,
                0.0,
                0.0,
                0.0,
                0.0,
                0.0,
                0.0,
                0.0,
                0.0
            ],
            "average_cpu_busy": 0.0,
            "user_cpu_time": 1.946111,
            "sys_cpu_time": 0.004029,
            "total_cpu_time": 1.95014,
            "max_rss": 22404,
            "exit_code": 0,
            "failed": false
        },
        {
            "index": 3,
            "input": 5000.0,
            "run_time": 991339.0,
            "start_time": 1680009311524614126,
            "stop_time": 1680009311525605465,
            "ram_samples": [],
            "cpu_samples": [
                0.0,
                0.0,
                0.0,
                0.0,
                0.0,
                0.0,
                0.0,
                0.0,
                0.0,
                0.0,
                0.0,
                0.0,
                0.0,
                0.0,
                0.0,
                0.0
            ],
            "average_cpu_busy": 0.0,
            "user_cpu_time": 1.9330319999999999,
            "sys_cpu_time": 0.011956,
            "total_cpu_time": 1.944988,
            "max_rss": 22404,
            "exit_code": 0,
            "failed": false
        },
        {
            "index": 4,
            "input": 5000.0,
            "run_time": 1072381.0,
            "start_time": 1680009311655490474,
            "stop_time": 1680009311656562855,
            "ram_samples": [],
            "cpu_samples": [
                0.0,
                0.0,
                0.0,
                0.0,
                0.0,
                0.0,
                0.0,
                0.0,
                0.0,
                0.0,
                0.0,
                0.0,
                0.0,
                0.0,
                0.0,
                0.0
            ],
            "average_cpu_busy": 0.0,
            "user_cpu_time": 1.954092,
            "sys_cpu_time": 0.0,
            "total_cpu_time": 1.954092,
            "max_rss": 22404,
            "exit_code": 0,
            "failed": false
        },
        {
            "index": 5,
            "input": 5000.0,
            "run_time": 1004184.0,
            "start_time": 1680009311787252933,
            "stop_time": 1680009311788257117,
            "ram_samples": [],
            "cpu_samples": [
                0.0,
                0.0,
                0.0,
                0.0,
                0.0,
                0.0,
                0.0,
                0.0,
                0.0,
                0.0,
                0.0,
                0.0,
                0.0,
                0.0,
                0.0,
                0.0
            ],
            "average_cpu_busy": 0.0,
            "user_cpu_time": 1.9532370000000001,
            "sys_cpu_time": 0.0,
            "total_cpu_time": 1.9532370000000001,
            "max_rss": 22404,
            "exit_code": 0,
            "failed": false
        }
    ]
}