{
    "bench": "spectralnorm-4.c",
    "language": "c",
    "input": 1000.0,
    "average_runtime": 912441.3333333334,
    "average_cpu_busy": 0.0,
    "average_ram_load": 0,
    "run_results": [
        {
            "index": 0,
            "input": 1000.0,
            "run_time": 901581.0,
            "start_time": 1679835456508357787,
            "stop_time": 1679835456509259368,
            "ram_samples": [],
            "cpu_samples": [
                0.0,
                0.0,
                0.0,
                0.0,
                0.0,
                0.0,
                0.0,
                0.0,
                0.0,
                0.0,
                0.0,
                0.0,
                0.0,
                0.0,
                0.0,
                0.0
            ],
            "average_cpu_busy": 0.0,
            "user_cpu_time": 0.190042,
            "sys_cpu_time": 0.0,
            "total_cpu_time": 0.190042,
            "max_rss": 19324,
            "exit_code": 0,
            "failed": false
        },
        {
            "index": 1,
            "input": 1000.0,
            "run_time": 921087.0,
            "start_time": 1679835456525699343,
            "stop_time": 1679835456526620430,
            "ram_samples": [],
            "cpu_samples": [
                0.0,
                0.0,
                0.0,
                0.0,
                0.0,
                0.0,
                0.0,
                0.0,
                0.0,
                0.0,
                0.0,
                0.0,
                0.0,
                0.0,
                0.0,
                0.0
            ],
            "average_cpu_busy": 0.0,
            "user_cpu_time": 0.24310299999999999,
            "sys_cpu_time": 0.004190999999999999,
            "total_cpu_time": 0.24729399999999999,
            "max_rss": 19328,
            "exit_code": 0,
            "failed": false
        },
        {
            "index": 2,
            "input": 1000.0,
            "run_time": 951905.0,
            "start_time": 1679835456547278596,
            "stop_time": 1679835456548230501,
            "ram_samples": [],
            "cpu_samples": [
                0.0,
                0.0,
                0.0,
                0.0,
                0.0,
                0.0,
                0.0,
                0.0,
                0.0,
                0.0,
                0.0,
                0.0,
                0.0,
                0.0,
                0.0,
                0.0
            ],
            "average_cpu_busy": 0.0,
            "user_cpu_time": 0.116284,
            "sys_cpu_time": 0.0038759999999999997,
            "total_cpu_time": 0.12016,
            "max_rss": 19328,
            "exit_code": 0,
            "failed": false
        },
        {
            "index": 3,
            "input": 1000.0,
            "run_time": 897925.0,
            "start_time": 1679835456559700083,
            "stop_time": 1679835456560598008,
            "ram_samples": [],
            "cpu_samples": [
                0.0,
                0.0,
                0.0,
                0.0,
                0.0,
                0.0,
                0.0,
                0.0,
                0.0,
                0.0,
                0.0,
                0.0,
                0.0,
                0.0,
                0.0,
                0.0
            ],
            "average_cpu_busy": 0.0,
            "user_cpu_time": 0.216781,
            "sys_cpu_time": 0.0,
            "total_cpu_time": 0.216781,
            "max_rss": 19328,
            "exit_code": 0,
            "failed": false
        },
        {
            "index": 4,
            "input": 1000.0,
            "run_time": 878528.0,
            "start_time": 1679835456578814233,
            "stop_time": 1679835456579692761,
            "ram_samples": [],
            "cpu_samples": [
                0.0,
                0.0,
                0.0,
                0.0,
                0.0,
                0.0,
                0.0,
                0.0,
                0.0,
                0.0,
                0.0,
                0.0,
                0.0,
                0.0,
                0.0,
                0.0
            ],
            "average_cpu_busy": 0.0,
            "user_cpu_time": 0.19106099999999998,
            "sys_cpu_time": 0.0,
            "total_cpu_time": 0.19106099999999998,
            "max_rss": 19328,
            "exit_code": 0,
            "failed": false
        },
        {
            "index": 5,
            "input": 1000.0,
            "run_time": 923622.0,
            "start_time": 1679835456595866256,
            "stop_time": 1679835456596789878,
            "ram_samples": [],
            "cpu_samples": [
                0.0,
                0.0,
                0.0,
                0.0,
                0.0,
                0.0,
                0.0,
                0.0,
                0.0,
                0.0,
                0.0,
                0.0,
                0.0,
                0.0,
                0.0,
                0.0
            ],
            "average_cpu_busy": 0.0,
            "user_cpu_time": 0.6879689999999999,
            "sys_cpu_time": 0.008140999999999999,
            "total_cpu_time": 0.6961099999999999,
            "max_rss": 19332,
            "exit_code": 0,
            "failed": false
        }
    ],
    "maximum_runtime": 951905.0,
    "minimum_runtime": 878528.0
}