{
    "bench": "spectralnorm-1.cpp",
    "language": "cpp",
    "input": 2000.0,
    "average_runtime": 1127862.0,
    "average_cpu_busy": 0.0,
    "average_ram_load": 0,
    "run_results": [
        {
            "index": 0,
            "input": 2000.0,
            "run_time": 1008451.0,
            "start_time": 1679835455149872952,
            "stop_time": 1679835455150881403,
            "ram_samples": [],
            "cpu_samples": [
                0.0,
                0.0,
                0.0,
                0.0,
                0.0,
                0.0,
                0.0,
                0.0,
                0.0,
                0.0,
                0.0,
                0.0,
                0.0,
                0.0,
                0.0,
                0.0
            ],
            "average_cpu_busy": 0.0,
            "user_cpu_time": 0.197483,
            "sys_cpu_time": 0.003949,
            "total_cpu_time": 0.201432,
            "max_rss": 19304,
            "exit_code": 0,
            "failed": false
        },
        {
            "index": 1,
            "input": 2000.0,
            "run_time": 1229987.0,
            "start_time": 1679835455356082472,
            "stop_time": 1679835455357312459,
            "ram_samples": [],
            "cpu_samples": [
                0.0,
                0.0,
                0.0,
                0.0,
                0.0,
                0.0,
                0.0,
                0.0,
                0.0,
                0.0,
                0.0,
                0.0,
                0.0,
                0.0,
                0.0,
                0.0
            ],
            "average_cpu_busy": 0.0,
            "user_cpu_time": 0.199182,
            "sys_cpu_time": 0.0,
            "total_cpu_time": 0.199182,
            "max_rss": 19304,
            "exit_code": 0,
            "failed": false
        },
        {
            "index": 2,
            "input": 2000.0,
            "run_time": 961513.0,
            "start_time": 1679835455560051511,
            "stop_time": 1679835455561013024,
            "ram_samples": [],
            "cpu_samples": [
                0.0,
                0.0,
                0.0,
                0.0,
                0.0,
                0.0,
                0.0,
                0.0,
                0.0,
                0.0,
                0.0,
                0.0,
                0.0,
                0.0,
                0.0,
                0.0
            ],
            "average_cpu_busy": 0.0,
            "user_cpu_time": 0.20582699999999998,
            "sys_cpu_time": 0.0,
            "total_cpu_time": 0.20582699999999998,
            "max_rss": 19304,
            "exit_code": 0,
            "failed": false
        },
        {
            "index": 3,
            "input": 2000.0,
            "run_time": 1635889.0,
            "start_time": 1679835455771248125,
            "stop_time": 1679835455772884014,
            "ram_samples": [],
            "cpu_samples": [
                0.0,
                0.0,
                0.0,
                0.0,
                0.0,
                0.0,
                0.0,
                0.0,
                0.0,
                0.0,
                0.0,
                0.0,
                0.0,
                0.0,
                0.0,
                0.0
            ],
            "average_cpu_busy": 0.0,
            "user_cpu_time": 0.20130599999999998,
            "sys_cpu_time": 0.0,
            "total_cpu_time": 0.20130599999999998,
            "max_rss": 19304,
            "exit_code": 0,
            "failed": false
        },
        {
            "index": 4,
            "input": 2000.0,
            "run_time": 975119.0,
            "start_time": 1679835455978574110,
            "stop_time": 1679835455979549229,
            "ram_samples": [],
            "cpu_samples": [
                0.0,
                0.0,
                0.0,
                0.0,
                0.0,
                0.0,
                0.0,
                0.0,
                0.0,
                0.0,
                0.0,
                0.0,
                0.0,
                0.0,
                0.0,
                0.0
            ],
            "average_cpu_busy": 0.0,
            "user_cpu_time": 0.199293,
            "sys_cpu_time": 0.0,
            "total_cpu_time": 0.199293,
            "max_rss": 19304,
            "exit_code": 0,
            "failed": false
        },
        {
            "index": 5,
            "input": 2000.0,
            "run_time": 956213.0,
            "start_time": 1679835456182355457,
            "stop_time": 1679835456183311670,
            "ram_samples": [],
            "cpu_samples": [
                0.0,
                0.0,
                0.0,
                0.0,
                0.0,
                0.0,
                0.0,
                0.0,
                0.0,
                0.0,
                0.0,
                0.0,
                0.0,
                0.0,
                0.0,
                0.0
            ],
            "average_cpu_busy": 0.0,
            "user_cpu_time": 0.19744799999999998,
            "sys_cpu_time": 0.0,
            "total_cpu_time": 0.19744799999999998,
            "max_rss": 19304,
            "exit_code": 0,
            "failed": false
        }
    ],
    "maximum_runtime": 1635889.0,
    "minimum_runtime": 956213.0
}