{
    "bench": "spectralnorm-1.java",
    "language": "java",
    "input": 2000.0,
    "average_run_time": 1171447.5,
    "maximum_run_time": 1222844.0,
    "minimum_run_time": 1131302.0,
    "average_cpu_time": 0.06491183333333334,
    "minimum_cpu_time": 0.063024,
    "maximum_cpu_time": 0.070473,
    "average_cpu_busy": 0,
    "average_ram_load": 0,
    "run_results": [
        {
            "index": 0,
            "input": 2000.0,
            "run_time": 1222844.0,
            "start_time": 1680009289366450612,
            "stop_time": 1680009289367673456,
            "ram_samples": [],
            "cpu_samples": [
                0.0,
                0.0,
                0.0,
                0.0,
                0.0,
                0.0,
                0.0,
                0.0,
                0.0,
                0.0,
                0.0,
                0.0,
                0.0,
                0.0,
                0.0,
                0.0
            ],
            "average_cpu_busy": 0.0,
            "user_cpu_time": 0.053661,
            "sys_cpu_time": 0.010732,
            "total_cpu_time": 0.064393,
            "max_rss": 42880,
            "exit_code": 0,
            "failed": false
        },
        {
            "index": 1,
            "input": 2000.0,
            "run_time": 1150258.0,
            "start_time": 1680009289421684948,
            "stop_time": 1680009289422835206,
            "ram_samples": [],
            "cpu_samples": [
                0.0,
                0.0,
                100.0,
                0.0,
                0.0,
                0.0,
                0.0,
                0.0,
                0.0,
                0.0,
                100.0,
                0.0,
                100.0,
                0.0,
                0.0,
                0.0
            ],
            "average_cpu_busy": 3.4507739999999998e-06,
            "user_cpu_time": 0.042016,
            "sys_cpu_time": 0.021008,
            "total_cpu_time": 0.063024,
            "max_rss": 42880,
            "exit_code": 0,
            "failed": false
        },
        {
            "index": 2,
            "input": 2000.0,
            "run_time": 1150127.0,
            "start_time": 1680009289474856405,
            "stop_time": 1680009289476006532,
            "ram_samples": [],
            "cpu_samples": [
                0.0,
                0.0,
                0.0,
                0.0,
                0.0,
                0.0,
                0.0,
                0.0,
                0.0,
                0.0,
                0.0,
                0.0,
                0.0,
                0.0,
                0.0,
                0.0
            ],
            "average_cpu_busy": 0.0,
            "user_cpu_time": 0.044164999999999996,
            "sys_cpu_time": 0.019629,
            "total_cpu_time": 0.06379399999999999,
            "max_rss": 42880,
            "exit_code": 0,
            "failed": false
        },
        {
            "index": 3,
            "input": 2000.0,
            "run_time": 1151871.0,
            "start_time": 1680009289529155206,
            "stop_time": 1680009289530307077,
            "ram_samples": [],
            "cpu_samples": [
                0.0,
                0.0,
                0.0,
                0.0,
                0.0,
                0.0,
                0.0,
                0.0,
                0.0,
                0.0,
                0.0,
                0.0,
                0.0,
                0.0,
                0.0,
                0.0
            ],
            "average_cpu_busy": 0.0,
            "user_cpu_time": 0.053694,
            "sys_cpu_time": 0.016779,
            "total_cpu_time": 0.070473,
            "max_rss": 42880,
            "exit_code": 0,
            "failed": false
        },
        {
            "index": 4,
            "input": 2000.0,
            "run_time": 1222283.0,
            "start_time": 1680009289586620817,
            "stop_time": 1680009289587843100,
            "ram_samples": [],
            "cpu_samples": [
                0.0,
                0.0,
                0.0,
                0.0,
                0.0,
                0.0,
                0.0,
                0.0,
                0.0,
                0.0,
                0.0,
                0.0,
                0.0,
                0.0,
                0.0,
                0.0
            ],
            "average_cpu_busy": 0.0,
            "user_cpu_time": 0.054438999999999994,
            "sys_cpu_time": 0.009073,
            "total_cpu_time": 0.063512,
            "max_rss": 42864,
            "exit_code": 0,
            "failed": false
        },
        {
            "index": 5,
            "input": 2000.0,
            "run_time": 1131302.0,
            "start_time": 1680009289640435911,
            "stop_time": 1680009289641567213,
            "ram_samples": [],
            "cpu_samples": [
                0.0,
                0.0,
                0.0,
                0.0,
                0.0,
                0.0,
                0.0,
                0.0,
                0.0,
                0.0,
                0.0,
                0.0,
                0.0,
                0.0,
                0.0,
                0.0
            ],
            "average_cpu_busy": 0.0,
            "user_cpu_time": 0.045911,
            "sys_cpu_time": 0.018364,
            "total_cpu_time": 0.064275,
            "max_rss": 43100,
            "exit_code": 0,
            "failed": false
        }
    ]
}