{
    "bench": "spectralnorm-3.java",
    "language": "java",
    "input": 4000.0,
    "average_run_time": 1192834.0,
    "maximum_run_time": 1268129.0,
    "minimum_run_time": 1141611.0,
    "average_cpu_time": 0.14345383333333334,
    "minimum_cpu_time": 0.141031,
    "maximum_cpu_time": 0.146007,
    "average_cpu_busy": 0,
    "average_ram_load": 0,
    "run_results": [
        {
            "index": 0,
            "input": 4000.0,
            "run_time": 1141611.0,
            "start_time": 1680009347220354264,
            "stop_time": 1680009347221495875,
            "ram_samples": [],
            "cpu_samples": [
                0.0,
                0.0,
                0.0,
                0.0,
                0.0,
                0.0,
                0.0,
                0.0,
                0.0,
                0.0,
                0.0,
                0.0,
                0.0,
                0.0,
                0.0,
                0.0
            ],
            "average_cpu_busy": 0.0,
            "user_cpu_time": 0.09677899999999999,
            "sys_cpu_time": 0.048388999999999995,
            "total_cpu_time": 0.145168,
            "max_rss": 44408,
            "exit_code": 0,
            "failed": false
        },
        {
            "index": 1,
            "input": 4000.0,
            "run_time": 1190533.0,
            "start_time": 1680009347286186387,
            "stop_time": 1680009347287376920,
            "ram_samples": [],
            "cpu_samples": [
                0.0,
                0.0,
                100.0,
                100.0,
                0.0,
                0.0,
                0.0,
                0.0,
                0.0,
                0.0,
                0.0,
                0.0,
                0.0,
                0.0,
                0.0,
                0.0
            ],
            "average_cpu_busy": 2.3810660000000003e-06,
            "user_cpu_time": 0.077567,
            "sys_cpu_time": 0.06346399999999999,
            "total_cpu_time": 0.141031,
            "max_rss": 44500,
            "exit_code": 0,
            "failed": false
        },
        {
            "index": 2,
            "input": 4000.0,
            "run_time": 1154385.0,
            "start_time": 1680009347350773174,
            "stop_time": 1680009347351927559,
            "ram_samples": [],
            "cpu_samples": [
                0.0,
                0.0,
                0.0,
                0.0,
                0.0,
                0.0,
                0.0,
                0.0,
                0.0,
                0.0,
                0.0,
                0.0,
                0.0,
                0.0,
                0.0,
                0.0
            ],
            "average_cpu_busy": 0.0,
            "user_cpu_time": 0.10040099999999999,
            "sys_cpu_time": 0.042274,
            "total_cpu_time": 0.142675,
            "max_rss": 44288,
            "exit_code": 0,
            "failed": false
        },
        {
            "index": 3,
            "input": 4000.0,
            "run_time": 1188830.0,
            "start_time": 1680009347416506431,
            "stop_time": 1680009347417695261,
            "ram_samples": [],
            "cpu_samples": [
                0.0,
                0.0,
                0.0,
                0.0,
                0.0,
                0.0,
                0.0,
                0.0,
                0.0,
                0.0,
                0.0,
                0.0,
                0.0,
                0.0,
                0.0,
                0.0
            ],
            "average_cpu_busy": 0.0,
            "user_cpu_time": 0.103742,
            "sys_cpu_time": 0.042265,
            "total_cpu_time": 0.146007,
            "max_rss": 44592,
            "exit_code": 0,
            "failed": false
        },
        {
            "index": 4,
            "input": 4000.0,
            "run_time": 1268129.0,
            "start_time": 1680009347482462186,
            "stop_time": 1680009347483730315,
            "ram_samples": [],
            "cpu_samples": [
                0.0,
                0.0,
                0.0,
                0.0,
                0.0,
                0.0,
                0.0,
                0.0,
                0.0,
                0.0,
                0.0,
                0.0,
                0.0,
                0.0,
                0.0,
                0.0
            ],
            "average_cpu_busy": 0.0,
            "user_cpu_time": 0.08072599999999999,
            "sys_cpu_time": 0.061506,
            "total_cpu_time": 0.142232,
            "max_rss": 44384,
            "exit_code": 0,
            "failed": false
        },
        {
            "index": 5,
            "input": 4000.0,
            "run_time": 1213516.0,
            "start_time": 1680009347548348821,
            "stop_time": 1680009347549562337,
            "ram_samples": [],
            "cpu_samples": [
                0.0,
                0.0,
                0.0,
                0.0,
                0.0,
                0.0,
                0.0,
                0.0,
                0.0,
                0.0,
                0.0,
                0.0,
                0.0,
                0.0,
                0.0,
                0.0
            ],
            "average_cpu_busy": 0.0,
            "user_cpu_time": 0.07796,
            "sys_cpu_time": 0.06565,
            "total_cpu_time": 0.14361000000000002,
            "max_rss": 44416,
            "exit_code": 0,
            "failed": false
        }
    ]
}