{
    "bench": "spectralnorm-3.rust",
    "language": "rust",
    "input": 1000.0,
    "average_run_time": 1128900.8333333333,
    "maximum_run_time": 1252459.0,
    "minimum_run_time": 1063134.0,
    "average_cpu_time": 0.066366,
    "minimum_cpu_time": 0.06568299999999999,
    "maximum_cpu_time": 0.06695,
    "average_cpu_busy": 0,
    "average_ram_load": 0,
    "run_results": [
        {
            "index": 0,
            "input": 1000.0,
            "run_time": 1252459.0,
            "start_time": 1680009372702866321,
            "stop_time": 1680009372704118780,
            "ram_samples": [],
            "cpu_samples": [
                0.0,
                0.0,
                0.0,
                0.0,
                0.0,
                0.0,
                0.0,
                0.0,
                0.0,
                0.0,
                0.0,
                0.0,
                0.0,
                0.0,
                0.0,
                0.0
            ],
            "average_cpu_busy": 0.0,
            "user_cpu_time": 0.06673799999999999,
            "sys_cpu_time": 0.0,
            "total_cpu_time": 0.06673799999999999,
            "max_rss": 22944,
            "exit_code": 0,
            "failed": false
        },
        {
            "index": 1,
            "input": 1000.0,
            "run_time": 1124399.0,
            "start_time": 1680009372726031349,
            "stop_time": 1680009372727155748,
            "ram_samples": [],
            "cpu_samples": [
                100.0,
                0.0,
                0.0,
                0.0,
                0.0,
                0.0,
                100.0,
                0.0,
                0.0,
                0.0,
                0.0,
                0.0,
                0.0,
                0.0,
                0.0,
                0.0
            ],
            "average_cpu_busy": 2.248798e-06,
            "user_cpu_time": 0.06568299999999999,
            "sys_cpu_time": 0.0,
            "total_cpu_time": 0.06568299999999999,
            "max_rss": 22944,
            "exit_code": 0,
            "failed": false
        },
        {
            "index": 2,
            "input": 1000.0,
            "run_time": 1074716.0,
            "start_time": 1680009372748220586,
            "stop_time": 1680009372749295302,
            "ram_samples": [],
            "cpu_samples": [
                0.0,
                0.0,
                0.0,
                0.0,
                0.0,
                0.0,
                0.0,
                0.0,
                0.0,
                0.0,
                0.0,
                0.0,
                0.0,
                0.0,
                0.0,
                0.0
            ],
            "average_cpu_busy": 0.0,
            "user_cpu_time": 0.066491,
            "sys_cpu_time": 0.0,
            "total_cpu_time": 0.066491,
            "max_rss": 22944,
            "exit_code": 0,
            "failed": false
        },
        {
            "index": 3,
            "input": 1000.0,
            "run_time": 1159565.0,
            "start_time": 1680009372771136737,
            "stop_time": 1680009372772296302,
            "ram_samples": [],
            "cpu_samples": [
                0.0,
                0.0,
                0.0,
                0.0,
                0.0,
                0.0,
                0.0,
                0.0,
                0.0,
                0.0,
                0.0,
                0.0,
                0.0,
                0.0,
                0.0,
                0.0
            ],
            "average_cpu_busy": 0.0,
            "user_cpu_time": 0.06695,
            "sys_cpu_time": 0.0,
            "total_cpu_time": 0.06695,
            "max_rss": 22944,
            "exit_code": 0,
            "failed": false
        },
        {
            "index": 4,
            "input": 1000.0,
            "run_time": 1099132.0,
            "start_time": 1680009372794400109,
            "stop_time": 1680009372795499241,
            "ram_samples": [],
            "cpu_samples": [
                0.0,
                0.0,
                0.0,
                0.0,
                0.0,
                0.0,
                0.0,
                0.0,
                0.0,
                0.0,
                0.0,
                0.0,
                0.0,
                0.0,
                0.0,
                0.0
            ],
            "average_cpu_busy": 0.0,
            "user_cpu_time": 0.06626499999999999,
            "sys_cpu_time": 0.0,
            "total_cpu_time": 0.06626499999999999,
            "max_rss": 22944,
            "exit_code": 0,
            "failed": false
        },
        {
            "index": 5,
            "input": 1000.0,
            "run_time": 1063134.0,
            "start_time": 1680009372816860916,
            "stop_time": 1680009372817924050,
            "ram_samples": [],
            "cpu_samples": [
                0.0,
                0.0,
                0.0,
                0.0,
                0.0,
                0.0,
                0.0,
                0.0,
                0.0,
                0.0,
                0.0,
                0.0,
                0.0,
                0.0,
                0.0,
                0.0
            ],
            "average_cpu_busy": 0.0,
            "user_cpu_time": 0.05726,
            "sys_cpu_time": 0.008808999999999999,
            "total_cpu_time": 0.066069,
            "max_rss": 22952,
            "exit_code": 0,
            "failed": false
        }
    ]
}