{
    "bench": "spectralnorm-1.java",
    "language": "java",
    "input": 2000.0,
    "average_run_time": 1113884.0,
    "maximum_run_time": 1194961.0,
    "minimum_run_time": 1068694.0,
    "average_cpu_time": 0.062472499999999986,
    "minimum_cpu_time": 0.060318,
    "maximum_cpu_time": 0.067906,
    "average_cpu_busy": 0,
    "average_ram_load": 0,
    "run_results": [
        {
            "index": 0,
            "input": 2000.0,
            "run_time": 1194961.0,
            "start_time": 1679838395420570341,
            "stop_time": 1679838395421765302,
            "ram_samples": [],
            "cpu_samples": [
                0.0,
                0.0,
                0.0,
                0.0,
                0.0,
                0.0,
                0.0,
                0.0,
                0.0,
                0.0,
                0.0,
                0.0,
                0.0,
                0.0,
                0.0,
                0.0
            ],
            "average_cpu_busy": 0.0,
            "user_cpu_time": 0.052596,
            "sys_cpu_time": 0.008091,
            "total_cpu_time": 0.060687,
            "max_rss": 43008,
            "exit_code": 0,
            "failed": false
        },
        {
            "index": 1,
            "input": 2000.0,
            "run_time": 1108940.0,
            "start_time": 1679838395474859223,
            "stop_time": 1679838395475968163,
            "ram_samples": [],
            "cpu_samples": [
                0.0,
                0.0,
                0.0,
                0.0,
                0.0,
                0.0,
                0.0,
                0.0,
                0.0,
                0.0,
                0.0,
                0.0,
                0.0,
                0.0,
                0.0,
                0.0
            ],
            "average_cpu_busy": 0.0,
            "user_cpu_time": 0.052815999999999995,
            "sys_cpu_time": 0.01509,
            "total_cpu_time": 0.067906,
            "max_rss": 43008,
            "exit_code": 0,
            "failed": false
        },
        {
            "index": 2,
            "input": 2000.0,
            "run_time": 1113689.0,
            "start_time": 1679838395530498619,
            "stop_time": 1679838395531612308,
            "ram_samples": [],
            "cpu_samples": [
                0.0,
                0.0,
                0.0,
                0.0,
                0.0,
                0.0,
                0.0,
                0.0,
                0.0,
                0.0,
                0.0,
                0.0,
                0.0,
                0.0,
                0.0,
                0.0
            ],
            "average_cpu_busy": 0.0,
            "user_cpu_time": 0.022281,
            "sys_cpu_time": 0.040105999999999996,
            "total_cpu_time": 0.062387,
            "max_rss": 43136,
            "exit_code": 0,
            "failed": false
        },
        {
            "index": 3,
            "input": 2000.0,
            "run_time": 1068694.0,
            "start_time": 1679838395583605054,
            "stop_time": 1679838395584673748,
            "ram_samples": [],
            "cpu_samples": [
                0.0,
                0.0,
                0.0,
                0.0,
                0.0,
                0.0,
                0.0,
                0.0,
                0.0,
                0.0,
                0.0,
                0.0,
                0.0,
                0.0,
                0.0,
                0.0
            ],
            "average_cpu_busy": 0.0,
            "user_cpu_time": 0.052572999999999995,
            "sys_cpu_time": 0.008761999999999999,
            "total_cpu_time": 0.061334999999999994,
            "max_rss": 43108,
            "exit_code": 0,
            "failed": false
        },
        {
            "index": 4,
            "input": 2000.0,
            "run_time": 1115923.0,
            "start_time": 1679838395635609873,
            "stop_time": 1679838395636725796,
            "ram_samples": [],
            "cpu_samples": [
                0.0,
                0.0,
                0.0,
                0.0,
                0.0,
                0.0,
                0.0,
                0.0,
                0.0,
                0.0,
                0.0,
                0.0,
                0.0,
                0.0,
                0.0,
                0.0
            ],
            "average_cpu_busy": 0.0,
            "user_cpu_time": 0.052633,
            "sys_cpu_time": 0.009569,
            "total_cpu_time": 0.062202,
            "max_rss": 43104,
            "exit_code": 0,
            "failed": false
        },
        {
            "index": 5,
            "input": 2000.0,
            "run_time": 1081097.0,
            "start_time": 1679838395689078798,
            "stop_time": 1679838395690159895,
            "ram_samples": [],
            "cpu_samples": [
                0.0,
                0.0,
                0.0,
                0.0,
                0.0,
                0.0,
                0.0,
                0.0,
                0.0,
                0.0,
                0.0,
                0.0,
                0.0,
                0.0,
                0.0,
                0.0
            ],
            "average_cpu_busy": 0.0,
            "user_cpu_time": 0.060318,
            "sys_cpu_time": 0.0,
            "total_cpu_time": 0.060318,
            "max_rss": 42988,
            "exit_code": 0,
            "failed": false
        }
    ]
}