{
    "bench": "spectralnorm-3.ada",
    "language": "ada",
    "input": 2000.0,
    "average_run_time": 900036.3333333334,
    "maximum_run_time": 915717.0,
    "minimum_run_time": 875963.0,
    "average_cpu_time": 0.2509145,
    "minimum_cpu_time": 0.228266,
    "maximum_cpu_time": 0.267732,
    "average_cpu_busy": 0,
    "average_ram_load": 0,
    "run_results": [
        {
            "index": 0,
            "input": 2000.0,
            "run_time": 892514.0,
            "start_time": 1679838404987712431,
            "stop_time": 1679838404988604945,
            "ram_samples": [],
            "cpu_samples": [
                0.0,
                0.0,
                0.0,
                0.0,
                0.0,
                0.0,
                0.0,
                0.0,
                0.0,
                0.0,
                0.0,
                0.0,
                0.0,
                0.0,
                0.0,
                0.0
            ],
            "average_cpu_busy": 0.0,
            "user_cpu_time": 0.217891,
            "sys_cpu_time": 0.010374999999999999,
            "total_cpu_time": 0.228266,
            "max_rss": 19724,
            "exit_code": 0,
            "failed": false
        },
        {
            "index": 1,
            "input": 2000.0,
            "run_time": 875963.0,
            "start_time": 1679838405076276149,
            "stop_time": 1679838405077152112,
            "ram_samples": [],
            "cpu_samples": [
                0.0,
                0.0,
                0.0,
                0.0,
                0.0,
                0.0,
                0.0,
                0.0,
                0.0,
                0.0,
                0.0,
                0.0,
                0.0,
                0.0,
                0.0,
                0.0
            ],
            "average_cpu_busy": 0.0,
            "user_cpu_time": 0.267084,
            "sys_cpu_time": 0.0,
            "total_cpu_time": 0.267084,
            "max_rss": 19724,
            "exit_code": 0,
            "failed": false
        },
        {
            "index": 2,
            "input": 2000.0,
            "run_time": 915717.0,
            "start_time": 1679838405175623422,
            "stop_time": 1679838405176539139,
            "ram_samples": [],
            "cpu_samples": [
                0.0,
                0.0,
                0.0,
                0.0,
                0.0,
                0.0,
                0.0,
                0.0,
                0.0,
                0.0,
                0.0,
                0.0,
                0.0,
                0.0,
                0.0,
                0.0
            ],
            "average_cpu_busy": 0.0,
            "user_cpu_time": 0.23257499999999998,
            "sys_cpu_time": 0.0,
            "total_cpu_time": 0.23257499999999998,
            "max_rss": 19728,
            "exit_code": 0,
            "failed": false
        },
        {
            "index": 3,
            "input": 2000.0,
            "run_time": 909976.0,
            "start_time": 1679838405257076854,
            "stop_time": 1679838405257986830,
            "ram_samples": [],
            "cpu_samples": [
                0.0,
                0.0,
                0.0,
                0.0,
                0.0,
                0.0,
                0.0,
                0.0,
                0.0,
                0.0,
                0.0,
                0.0,
                0.0,
                0.0,
                0.0,
                0.0
            ],
            "average_cpu_busy": 0.0,
            "user_cpu_time": 0.26004,
            "sys_cpu_time": 0.0,
            "total_cpu_time": 0.26004,
            "max_rss": 19732,
            "exit_code": 0,
            "failed": false
        },
        {
            "index": 4,
            "input": 2000.0,
            "run_time": 905960.0,
            "start_time": 1679838405359550119,
            "stop_time": 1679838405360456079,
            "ram_samples": [],
            "cpu_samples": [
                0.0,
                0.0,
                0.0,
                0.0,
                0.0,
                0.0,
                0.0,
                0.0,
                0.0,
                0.0,
                0.0,
                0.0,
                0.0,
                0.0,
                0.0,
                0.0
            ],
            "average_cpu_busy": 0.0,
            "user_cpu_time": 0.24173299999999998,
            "sys_cpu_time": 0.008057,
            "total_cpu_time": 0.24978999999999998,
            "max_rss": 19732,
            "exit_code": 0,
            "failed": false
        },
        {
            "index": 5,
            "input": 2000.0,
            "run_time": 900088.0,
            "start_time": 1679838405455973128,
            "stop_time": 1679838405456873216,
            "ram_samples": [],
            "cpu_samples": [
                0.0,
                0.0,
                0.0,
                0.0,
                0.0,
                0.0,
                0.0,
                0.0,
                0.0,
                0.0,
                0.0,
                0.0,
                0.0,
                0.0,
                0.0,
                0.0
            ],
            "average_cpu_busy": 0.0,
            "user_cpu_time": 0.263795,
            "sys_cpu_time": 0.0039369999999999995,
            "total_cpu_time": 0.267732,
            "max_rss": 19732,
            "exit_code": 0,
            "failed": false
        }
    ]
}