{
    "bench": "spectralnorm-4.ada",
    "language": "ada",
    "input": 2000.0,
    "average_run_time": 927863.5,
    "maximum_run_time": 988955.0,
    "minimum_run_time": 860043.0,
    "average_cpu_time": 0.32956649999999993,
    "minimum_cpu_time": 0.29181399999999996,
    "maximum_cpu_time": 0.39298599999999995,
    "average_cpu_busy": 0,
    "average_ram_load": 0,
    "run_results": [
        {
            "index": 0,
            "input": 2000.0,
            "run_time": 860043.0,
            "start_time": 1680009361593630022,
            "stop_time": 1680009361594490065,
            "ram_samples": [],
            "cpu_samples": [
                0.0,
                0.0,
                0.0,
                0.0,
                0.0,
                0.0,
                0.0,
                0.0,
                0.0,
                0.0,
                0.0,
                0.0,
                0.0,
                0.0,
                0.0,
                0.0
            ],
            "average_cpu_busy": 0.0,
            "user_cpu_time": 0.29319999999999996,
            "sys_cpu_time": 0.0,
            "total_cpu_time": 0.29319999999999996,
            "max_rss": 22872,
            "exit_code": 0,
            "failed": false
        },
        {
            "index": 1,
            "input": 2000.0,
            "run_time": 948749.0,
            "start_time": 1680009361685135668,
            "stop_time": 1680009361686084417,
            "ram_samples": [],
            "cpu_samples": [
                0.0,
                0.0,
                0.0,
                0.0,
                0.0,
                0.0,
                0.0,
                0.0,
                0.0,
                0.0,
                0.0,
                0.0,
                0.0,
                0.0,
                0.0,
                0.0
            ],
            "average_cpu_busy": 0.0,
            "user_cpu_time": 0.35974799999999996,
            "sys_cpu_time": 0.0,
            "total_cpu_time": 0.35974799999999996,
            "max_rss": 22872,
            "exit_code": 0,
            "failed": false
        },
        {
            "index": 2,
            "input": 2000.0,
            "run_time": 943179.0,
            "start_time": 1680009361820189481,
            "stop_time": 1680009361821132660,
            "ram_samples": [],
            "cpu_samples": [
                0.0,
                0.0,
                0.0,
                0.0,
                0.0,
                0.0,
                0.0,
                0.0,
                0.0,
                0.0,
                0.0,
                0.0,
                0.0,
                0.0,
                0.0,
                0.0
            ],
            "average_cpu_busy": 0.0,
            "user_cpu_time": 0.31629599999999997,
            "sys_cpu_time": 0.0,
            "total_cpu_time": 0.31629599999999997,
            "max_rss": 22876,
            "exit_code": 0,
            "failed": false
        },
        {
            "index": 3,
            "input": 2000.0,
            "run_time": 925265.0,
            "start_time": 1680009361920075384,
            "stop_time": 1680009361921000649,
            "ram_samples": [],
            "cpu_samples": [
                0.0,
                0.0,
                0.0,
                0.0,
                0.0,
                0.0,
                0.0,
                0.0,
                0.0,
                0.0,
                0.0,
                0.0,
                0.0,
                0.0,
                0.0,
                0.0
            ],
            "average_cpu_busy": 0.0,
            "user_cpu_time": 0.323355,
            "sys_cpu_time": 0.0,
            "total_cpu_time": 0.323355,
            "max_rss": 22876,
            "exit_code": 0,
            "failed": false
        },
        {
            "index": 4,
            "input": 2000.0,
            "run_time": 900990.0,
            "start_time": 1680009362027109905,
            "stop_time": 1680009362028010895,
            "ram_samples": [],
            "cpu_samples": [
                0.0,
                0.0,
                0.0,
                0.0,
                0.0,
                0.0,
                0.0,
                0.0,
                0.0,
                0.0,
                0.0,
                0.0,
                0.0,
                0.0,
                0.0,
                0.0
            ],
            "average_cpu_busy": 0.0,
            "user_cpu_time": 0.29181399999999996,
            "sys_cpu_time": 0.0,
            "total_cpu_time": 0.29181399999999996,
            "max_rss": 22876,
            "exit_code": 0,
            "failed": false
        },
        {
            "index": 5,
            "input": 2000.0,
            "run_time": 988955.0,
            "start_time": 1680009362116876018,
            "stop_time": 1680009362117864973,
            "ram_samples": [],
            "cpu_samples": [
                0.0,
                0.0,
                0.0,
                0.0,
                0.0,
                0.0,
                0.0,
                0.0,
                0.0,
                0.0,
                0.0,
                0.0,
                0.0,
                0.0,
                0.0,
                0.0
            ],
            "average_cpu_busy": 0.0,
            "user_cpu_time": 0.38861999999999997,
            "sys_cpu_time": 0.004366,
            "total_cpu_time": 0.39298599999999995,
            "max_rss": 22876,
            "exit_code": 0,
            "failed": false
        }
    ]
}