{
    "bench": "spectralnorm-5.cpp",
    "language": "cpp",
    "input": 2000.0,
    "average_runtime": 1125502.5,
    "average_cpu_busy": 0.0,
    "average_ram_load": 0,
    "run_results": [
        {
            "index": 0,
            "input": 2000.0,
            "run_time": 1066290.0,
            "start_time": 1679756578229092393,
            "stop_time": 1679756578230158683,
            "ram_samples": [],
            "cpu_samples": [
                0.0,
                0.0,
                0.0,
                0.0,
                0.0,
                0.0,
                0.0,
                0.0,
                0.0,
                0.0,
                0.0,
                0.0,
                0.0,
                0.0,
                0.0,
                0.0
            ],
            "average_cpu_busy": 0.0,
            "user_cpu_time": 1.229515,
            "sys_cpu_time": 0.0,
            "total_cpu_time": 1.229515,
            "max_rss": 19168,
            "exit_code": 0,
            "failed": false
        },
        {
            "index": 1,
            "input": 2000.0,
            "run_time": 1126683.0,
            "start_time": 1679756578316628403,
            "stop_time": 1679756578317755086,
            "ram_samples": [],
            "cpu_samples": [
                0.0,
                0.0,
                0.0,
                0.0,
                0.0,
                0.0,
                0.0,
                0.0,
                0.0,
                0.0,
                0.0,
                0.0,
                0.0,
                0.0,
                0.0,
                0.0
            ],
            "average_cpu_busy": 0.0,
            "user_cpu_time": 0.870591,
            "sys_cpu_time": 0.007737999999999999,
            "total_cpu_time": 0.878329,
            "max_rss": 19168,
            "exit_code": 0,
            "failed": false
        },
        {
            "index": 2,
            "input": 2000.0,
            "run_time": 1177508.0,
            "start_time": 1679756578378791124,
            "stop_time": 1679756578379968632,
            "ram_samples": [],
            "cpu_samples": [
                0.0,
                0.0,
                0.0,
                0.0,
                0.0,
                0.0,
                0.0,
                0.0,
                0.0,
                0.0,
                0.0,
                0.0,
                0.0,
                0.0,
                0.0,
                0.0
            ],
            "average_cpu_busy": 0.0,
            "user_cpu_time": 0.963098,
            "sys_cpu_time": 0.007894,
            "total_cpu_time": 0.970992,
            "max_rss": 19168,
            "exit_code": 0,
            "failed": false
        },
        {
            "index": 3,
            "input": 2000.0,
            "run_time": 1127364.0,
            "start_time": 1679756578447639454,
            "stop_time": 1679756578448766818,
            "ram_samples": [],
            "cpu_samples": [
                0.0,
                0.0,
                0.0,
                0.0,
                0.0,
                0.0,
                0.0,
                0.0,
                0.0,
                0.0,
                0.0,
                0.0,
                0.0,
                0.0,
                0.0,
                0.0
            ],
            "average_cpu_busy": 0.0,
            "user_cpu_time": 0.8687539999999999,
            "sys_cpu_time": 0.004003,
            "total_cpu_time": 0.8727569999999999,
            "max_rss": 19168,
            "exit_code": 0,
            "failed": false
        },
        {
            "index": 4,
            "input": 2000.0,
            "run_time": 1123628.0,
            "start_time": 1679756578509461976,
            "stop_time": 1679756578510585604,
            "ram_samples": [],
            "cpu_samples": [
                0.0,
                0.0,
                0.0,
                0.0,
                0.0,
                0.0,
                0.0,
                0.0,
                0.0,
                0.0,
                0.0,
                0.0,
                0.0,
                0.0,
                0.0,
                0.0
            ],
            "average_cpu_busy": 0.0,
            "user_cpu_time": 1.003656,
            "sys_cpu_time": 0.008294,
            "total_cpu_time": 1.0119500000000001,
            "max_rss": 19168,
            "exit_code": 0,
            "failed": false
        },
        {
            "index": 5,
            "input": 2000.0,
            "run_time": 1131542.0,
            "start_time": 1679756578581593835,
            "stop_time": 1679756578582725377,
            "ram_samples": [],
            "cpu_samples": [
                0.0,
                0.0,
                0.0,
                0.0,
                0.0,
                0.0,
                0.0,
                0.0,
                0.0,
                0.0,
                0.0,
                0.0,
                0.0,
                0.0,
                0.0,
                0.0
            ],
            "average_cpu_busy": 0.0,
            "user_cpu_time": 0.963841,
            "sys_cpu_time": 0.003966,
            "total_cpu_time": 0.967807,
            "max_rss": 19172,
            "exit_code": 0,
            "failed": false
        }
    ]
}