{
    "bench": "spectralnorm-3.ada",
    "language": "ada",
    "input": 2000.0,
    "average_runtime": 2148824.1666666665,
    "average_cpu_busy": 7.564841666666667e-07,
    "average_ram_load": 0,
    "run_results": [
        {
            "index": 0,
            "input": 2000.0,
            "run_time": 2502853.0,
            "start_time": 1679663731012408386,
            "stop_time": 1679663731014911239,
            "ram_samples": [],
            "cpu_samples": [
                0.0,
                0.0,
                0.0,
                0.0,
                0.0,
                0.0,
                0.0,
                0.0,
                0.0,
                0.0,
                0.0,
                100.0,
                0.0,
                0.0,
                0.0,
                0.0
            ],
            "average_cpu_busy": 2.502853e-06,
            "user_cpu_time": 0.269258,
            "sys_cpu_time": 0.0,
            "total_cpu_time": 0.269258,
            "max_rss": 19288,
            "exit_code": 0,
            "failed": false
        },
        {
            "index": 1,
            "input": 2000.0,
            "run_time": 2308011.0,
            "start_time": 1679663731117180304,
            "stop_time": 1679663731119488315,
            "ram_samples": [],
            "cpu_samples": [
                0.0,
                0.0,
                0.0,
                0.0,
                0.0,
                0.0,
                0.0,
                0.0,
                0.0,
                0.0,
                0.0,
                0.0,
                0.0,
                0.0,
                0.0,
                0.0
            ],
            "average_cpu_busy": 0.0,
            "user_cpu_time": 0.24048,
            "sys_cpu_time": 0.0,
            "total_cpu_time": 0.24048,
            "max_rss": 19296,
            "exit_code": 0,
            "failed": false
        },
        {
            "index": 2,
            "input": 2000.0,
            "run_time": 2036052.0,
            "start_time": 1679663731208366233,
            "stop_time": 1679663731210402285,
            "ram_samples": [],
            "cpu_samples": [
                0.0,
                0.0,
                0.0,
                0.0,
                0.0,
                0.0,
                100.0,
                0.0,
                0.0,
                0.0,
                0.0,
                0.0,
                0.0,
                0.0,
                0.0,
                0.0
            ],
            "average_cpu_busy": 2.0360520000000002e-06,
            "user_cpu_time": 0.204721,
            "sys_cpu_time": 0.003935999999999999,
            "total_cpu_time": 0.20865699999999998,
            "max_rss": 19296,
            "exit_code": 0,
            "failed": false
        },
        {
            "index": 3,
            "input": 2000.0,
            "run_time": 2257605.0,
            "start_time": 1679663731280686415,
            "stop_time": 1679663731282944020,
            "ram_samples": [],
            "cpu_samples": [
                0.0,
                0.0,
                0.0,
                0.0,
                0.0,
                0.0,
                0.0,
                0.0,
                0.0,
                0.0,
                0.0,
                0.0,
                0.0,
                0.0,
                0.0,
                0.0
            ],
            "average_cpu_busy": 0.0,
            "user_cpu_time": 0.259442,
            "sys_cpu_time": 0.0,
            "total_cpu_time": 0.259442,
            "max_rss": 19292,
            "exit_code": 0,
            "failed": false
        },
        {
            "index": 4,
            "input": 2000.0,
            "run_time": 1893551.0,
            "start_time": 1679663731380237206,
            "stop_time": 1679663731382130757,
            "ram_samples": [],
            "cpu_samples": [
                0.0,
                0.0,
                0.0,
                0.0,
                0.0,
                0.0,
                0.0,
                0.0,
                0.0,
                0.0,
                0.0,
                0.0,
                0.0,
                0.0,
                0.0,
                0.0
            ],
            "average_cpu_busy": 0.0,
            "user_cpu_time": 0.335954,
            "sys_cpu_time": 0.003999,
            "total_cpu_time": 0.33995299999999995,
            "max_rss": 19228,
            "exit_code": 0,
            "failed": false
        },
        {
            "index": 5,
            "input": 2000.0,
            "run_time": 1894873.0,
            "start_time": 1679663731514973816,
            "stop_time": 1679663731516868689,
            "ram_samples": [],
            "cpu_samples": [
                0.0,
                0.0,
                0.0,
                0.0,
                0.0,
                0.0,
                0.0,
                0.0,
                0.0,
                0.0,
                0.0,
                0.0,
                0.0,
                0.0,
                0.0,
                0.0
            ],
            "average_cpu_busy": 0.0,
            "user_cpu_time": 0.25971,
            "sys_cpu_time": 0.004477,
            "total_cpu_time": 0.264187,
            "max_rss": 19300,
            "exit_code": 0,
            "failed": false
        }
    ]
}