{
    "bench": "spectralnorm-1.ada",
    "language": "ada",
    "input": 1000.0,
    "average_runtime": 915486.6666666666,
    "average_cpu_busy": 0.0,
    "average_ram_load": 0,
    "run_results": [
        {
            "index": 0,
            "input": 1000.0,
            "run_time": 932569.0,
            "start_time": 1679756583073496370,
            "stop_time": 1679756583074428939,
            "ram_samples": [],
            "cpu_samples": [
                0.0,
                0.0,
                0.0,
                0.0,
                0.0,
                0.0,
                0.0,
                0.0,
                0.0,
                0.0,
                0.0,
                0.0,
                0.0,
                0.0,
                0.0,
                0.0
            ],
            "average_cpu_busy": 0.0,
            "user_cpu_time": 0.051830999999999995,
            "sys_cpu_time": 0.0,
            "total_cpu_time": 0.051830999999999995,
            "max_rss": 19316,
            "exit_code": 0,
            "failed": false
        },
        {
            "index": 1,
            "input": 1000.0,
            "run_time": 928080.0,
            "start_time": 1679756583129238699,
            "stop_time": 1679756583130166779,
            "ram_samples": [],
            "cpu_samples": [
                0.0,
                0.0,
                0.0,
                0.0,
                0.0,
                0.0,
                0.0,
                0.0,
                0.0,
                0.0,
                0.0,
                0.0,
                0.0,
                0.0,
                0.0,
                0.0
            ],
            "average_cpu_busy": 0.0,
            "user_cpu_time": 0.05177,
            "sys_cpu_time": 0.0,
            "total_cpu_time": 0.05177,
            "max_rss": 19320,
            "exit_code": 0,
            "failed": false
        },
        {
            "index": 2,
            "input": 1000.0,
            "run_time": 915797.0,
            "start_time": 1679756583184911367,
            "stop_time": 1679756583185827164,
            "ram_samples": [],
            "cpu_samples": [
                0.0,
                0.0,
                0.0,
                0.0,
                0.0,
                0.0,
                0.0,
                0.0,
                0.0,
                0.0,
                0.0,
                0.0,
                0.0,
                0.0,
                0.0,
                0.0
            ],
            "average_cpu_busy": 0.0,
            "user_cpu_time": 0.051531,
            "sys_cpu_time": 0.0,
            "total_cpu_time": 0.051531,
            "max_rss": 19320,
            "exit_code": 0,
            "failed": false
        },
        {
            "index": 3,
            "input": 1000.0,
            "run_time": 902803.0,
            "start_time": 1679756583240602229,
            "stop_time": 1679756583241505032,
            "ram_samples": [],
            "cpu_samples": [
                0.0,
                0.0,
                0.0,
                0.0,
                0.0,
                0.0,
                0.0,
                0.0,
                0.0,
                0.0,
                0.0,
                0.0,
                0.0,
                0.0,
                0.0,
                0.0
            ],
            "average_cpu_busy": 0.0,
            "user_cpu_time": 0.051634,
            "sys_cpu_time": 0.0,
            "total_cpu_time": 0.051634,
            "max_rss": 19324,
            "exit_code": 0,
            "failed": false
        },
        {
            "index": 4,
            "input": 1000.0,
            "run_time": 885210.0,
            "start_time": 1679756583295917637,
            "stop_time": 1679756583296802847,
            "ram_samples": [],
            "cpu_samples": [
                0.0,
                0.0,
                0.0,
                0.0,
                0.0,
                0.0,
                0.0,
                0.0,
                0.0,
                0.0,
                0.0,
                0.0,
                0.0,
                0.0,
                0.0,
                0.0
            ],
            "average_cpu_busy": 0.0,
            "user_cpu_time": 0.052097,
            "sys_cpu_time": 0.0,
            "total_cpu_time": 0.052097,
            "max_rss": 19328,
            "exit_code": 0,
            "failed": false
        },
        {
            "index": 5,
            "input": 1000.0,
            "run_time": 928461.0,
            "start_time": 1679756583351918441,
            "stop_time": 1679756583352846902,
            "ram_samples": [],
            "cpu_samples": [
                0.0,
                0.0,
                0.0,
                0.0,
                0.0,
                0.0,
                0.0,
                0.0,
                0.0,
                0.0,
                0.0,
                0.0,
                0.0,
                0.0,
                0.0,
                0.0
            ],
            "average_cpu_busy": 0.0,
            "user_cpu_time": 0.051088999999999996,
            "sys_cpu_time": 0.0,
            "total_cpu_time": 0.051088999999999996,
            "max_rss": 19328,
            "exit_code": 0,
            "failed": false
        }
    ]
}