{
    "bench": "spectralnorm-4.rust",
    "language": "rust",
    "input": 1000.0,
    "average_runtime": 917574.3333333334,
    "average_cpu_busy": 0.0,
    "average_ram_load": 0,
    "run_results": [
        {
            "index": 0,
            "input": 1000.0,
            "run_time": 957597.0,
            "start_time": 1679835457421137180,
            "stop_time": 1679835457422094777,
            "ram_samples": [],
            "cpu_samples": [
                0.0,
                0.0,
                0.0,
                0.0,
                0.0,
                0.0,
                0.0,
                0.0,
                0.0,
                0.0,
                0.0,
                0.0,
                0.0,
                0.0,
                0.0,
                0.0
            ],
            "average_cpu_busy": 0.0,
            "user_cpu_time": 0.08642899999999999,
            "sys_cpu_time": 0.005761,
            "total_cpu_time": 0.09219,
            "max_rss": 19352,
            "exit_code": 0,
            "failed": false
        },
        {
            "index": 1,
            "input": 1000.0,
            "run_time": 905799.0,
            "start_time": 1679835457433495279,
            "stop_time": 1679835457434401078,
            "ram_samples": [],
            "cpu_samples": [
                0.0,
                0.0,
                0.0,
                0.0,
                0.0,
                0.0,
                0.0,
                0.0,
                0.0,
                0.0,
                0.0,
                0.0,
                0.0,
                0.0,
                0.0,
                0.0
            ],
            "average_cpu_busy": 0.0,
            "user_cpu_time": 0.082675,
            "sys_cpu_time": 0.005167,
            "total_cpu_time": 0.087842,
            "max_rss": 19352,
            "exit_code": 0,
            "failed": false
        },
        {
            "index": 2,
            "input": 1000.0,
            "run_time": 877906.0,
            "start_time": 1679835457443948986,
            "stop_time": 1679835457444826892,
            "ram_samples": [],
            "cpu_samples": [
                0.0,
                0.0,
                0.0,
                0.0,
                0.0,
                0.0,
                0.0,
                0.0,
                0.0,
                0.0,
                0.0,
                0.0,
                0.0,
                0.0,
                0.0,
                0.0
            ],
            "average_cpu_busy": 0.0,
            "user_cpu_time": 0.100866,
            "sys_cpu_time": 0.0,
            "total_cpu_time": 0.100866,
            "max_rss": 19352,
            "exit_code": 0,
            "failed": false
        },
        {
            "index": 3,
            "input": 1000.0,
            "run_time": 919314.0,
            "start_time": 1679835457457142281,
            "stop_time": 1679835457458061595,
            "ram_samples": [],
            "cpu_samples": [
                0.0,
                0.0,
                0.0,
                0.0,
                0.0,
                0.0,
                0.0,
                0.0,
                0.0,
                0.0,
                0.0,
                0.0,
                0.0,
                0.0,
                0.0,
                0.0
            ],
            "average_cpu_busy": 0.0,
            "user_cpu_time": 0.067831,
            "sys_cpu_time": 0.021197,
            "total_cpu_time": 0.089028,
            "max_rss": 19352,
            "exit_code": 0,
            "failed": false
        },
        {
            "index": 4,
            "input": 1000.0,
            "run_time": 925556.0,
            "start_time": 1679835457468127534,
            "stop_time": 1679835457469053090,
            "ram_samples": [],
            "cpu_samples": [
                0.0,
                0.0,
                0.0,
                0.0,
                0.0,
                0.0,
                0.0,
                0.0,
                0.0,
                0.0,
                0.0,
                0.0,
                0.0,
                0.0,
                0.0,
                0.0
            ],
            "average_cpu_busy": 0.0,
            "user_cpu_time": 0.09623899999999999,
            "sys_cpu_time": 0.0,
            "total_cpu_time": 0.09623899999999999,
            "max_rss": 19356,
            "exit_code": 0,
            "failed": false
        },
        {
            "index": 5,
            "input": 1000.0,
            "run_time": 919274.0,
            "start_time": 1679835457479438579,
            "stop_time": 1679835457480357853,
            "ram_samples": [],
            "cpu_samples": [
                0.0,
                0.0,
                0.0,
                0.0,
                0.0,
                0.0,
                0.0,
                0.0,
                0.0,
                0.0,
                0.0,
                0.0,
                0.0,
                0.0,
                0.0,
                0.0
            ],
            "average_cpu_busy": 0.0,
            "user_cpu_time": 0.095206,
            "sys_cpu_time": 0.0,
            "total_cpu_time": 0.095206,
            "max_rss": 19360,
            "exit_code": 0,
            "failed": false
        }
    ],
    "maximum_runtime": 957597.0,
    "minimum_runtime": 877906.0
}