{
    "bench": "spectralnorm-1.c",
    "language": "c",
    "input": 2000.0,
    "average_run_time": 983361.1666666666,
    "maximum_run_time": 1051963.0,
    "minimum_run_time": 894288.0,
    "average_cpu_time": 0.2002126666666667,
    "minimum_cpu_time": 0.197157,
    "maximum_cpu_time": 0.203292,
    "average_cpu_busy": 0,
    "average_ram_load": 0,
    "run_results": [
        {
            "index": 0,
            "input": 2000.0,
            "run_time": 894288.0,
            "start_time": 1679838401167907954,
            "stop_time": 1679838401168802242,
            "ram_samples": [],
            "cpu_samples": [
                0.0,
                0.0,
                0.0,
                0.0,
                0.0,
                0.0,
                0.0,
                0.0,
                0.0,
                0.0,
                0.0,
                0.0,
                0.0,
                0.0,
                0.0,
                0.0
            ],
            "average_cpu_busy": 0.0,
            "user_cpu_time": 0.197157,
            "sys_cpu_time": 0.0,
            "total_cpu_time": 0.197157,
            "max_rss": 19624,
            "exit_code": 0,
            "failed": false
        },
        {
            "index": 1,
            "input": 2000.0,
            "run_time": 1001068.0,
            "start_time": 1679838401370257495,
            "stop_time": 1679838401371258563,
            "ram_samples": [],
            "cpu_samples": [
                0.0,
                0.0,
                0.0,
                0.0,
                0.0,
                0.0,
                0.0,
                0.0,
                0.0,
                0.0,
                0.0,
                0.0,
                0.0,
                0.0,
                100.0,
                0.0
            ],
            "average_cpu_busy": 1.001068e-06,
            "user_cpu_time": 0.200541,
            "sys_cpu_time": 0.0,
            "total_cpu_time": 0.200541,
            "max_rss": 19628,
            "exit_code": 0,
            "failed": false
        },
        {
            "index": 2,
            "input": 2000.0,
            "run_time": 981842.0,
            "start_time": 1679838401575122023,
            "stop_time": 1679838401576103865,
            "ram_samples": [],
            "cpu_samples": [
                0.0,
                0.0,
                0.0,
                0.0,
                0.0,
                0.0,
                0.0,
                0.0,
                0.0,
                0.0,
                0.0,
                0.0,
                0.0,
                0.0,
                0.0,
                0.0
            ],
            "average_cpu_busy": 0.0,
            "user_cpu_time": 0.203292,
            "sys_cpu_time": 0.0,
            "total_cpu_time": 0.203292,
            "max_rss": 19628,
            "exit_code": 0,
            "failed": false
        },
        {
            "index": 3,
            "input": 2000.0,
            "run_time": 999324.0,
            "start_time": 1679838401785622482,
            "stop_time": 1679838401786621806,
            "ram_samples": [],
            "cpu_samples": [
                0.0,
                0.0,
                0.0,
                0.0,
                0.0,
                0.0,
                0.0,
                0.0,
                0.0,
                0.0,
                0.0,
                0.0,
                0.0,
                0.0,
                0.0,
                0.0
            ],
            "average_cpu_busy": 0.0,
            "user_cpu_time": 0.19588999999999998,
            "sys_cpu_time": 0.003997,
            "total_cpu_time": 0.19988699999999998,
            "max_rss": 19628,
            "exit_code": 0,
            "failed": false
        },
        {
            "index": 4,
            "input": 2000.0,
            "run_time": 1051963.0,
            "start_time": 1679838401990222073,
            "stop_time": 1679838401991274036,
            "ram_samples": [],
            "cpu_samples": [
                100.0,
                0.0,
                0.0,
                0.0,
                0.0,
                0.0,
                0.0,
                0.0,
                0.0,
                0.0,
                0.0,
                0.0,
                0.0,
                0.0,
                0.0,
                0.0
            ],
            "average_cpu_busy": 1.051963e-06,
            "user_cpu_time": 0.20025199999999999,
            "sys_cpu_time": 0.0,
            "total_cpu_time": 0.20025199999999999,
            "max_rss": 19628,
            "exit_code": 0,
            "failed": false
        },
        {
            "index": 5,
            "input": 2000.0,
            "run_time": 971682.0,
            "start_time": 1679838402195405089,
            "stop_time": 1679838402196376771,
            "ram_samples": [],
            "cpu_samples": [
                0.0,
                0.0,
                0.0,
                0.0,
                0.0,
                0.0,
                0.0,
                0.0,
                0.0,
                0.0,
                0.0,
                0.0,
                0.0,
                0.0,
                0.0,
                0.0
            ],
            "average_cpu_busy": 0.0,
            "user_cpu_time": 0.200147,
            "sys_cpu_time": 0.0,
            "total_cpu_time": 0.200147,
            "max_rss": 19632,
            "exit_code": 0,
            "failed": false
        }
    ]
}