{
    "bench": "spectralnorm-1.rust",
    "language": "rust",
    "input": 4000.0,
    "average_run_time": 976982.6666666666,
    "maximum_run_time": 1013531.0,
    "minimum_run_time": 930295.0,
    "average_cpu_time": 0.7884103333333332,
    "minimum_cpu_time": 0.783175,
    "maximum_cpu_time": 0.8002149999999999,
    "average_cpu_busy": 0,
    "average_ram_load": 0,
    "run_results": [
        {
            "index": 0,
            "input": 4000.0,
            "run_time": 978696.0,
            "start_time": 1680009349698133516,
            "stop_time": 1680009349699112212,
            "ram_samples": [],
            "cpu_samples": [
                0.0,
                0.0,
                0.0,
                0.0,
                0.0,
                0.0,
                0.0,
                100.0,
                0.0,
                0.0,
                0.0,
                0.0,
                0.0,
                0.0,
                0.0,
                0.0
            ],
            "average_cpu_busy": 9.78696e-07,
            "user_cpu_time": 0.775304,
            "sys_cpu_time": 0.007871,
            "total_cpu_time": 0.783175,
            "max_rss": 22604,
            "exit_code": 0,
            "failed": false
        },
        {
            "index": 1,
            "input": 4000.0,
            "run_time": 1006879.0,
            "start_time": 1680009349906167038,
            "stop_time": 1680009349907173917,
            "ram_samples": [],
            "cpu_samples": [
                0.0,
                0.0,
                0.0,
                0.0,
                0.0,
                0.0,
                0.0,
                0.0,
                0.0,
                0.0,
                0.0,
                0.0,
                0.0,
                0.0,
                0.0,
                0.0
            ],
            "average_cpu_busy": 0.0,
            "user_cpu_time": 0.7706759999999999,
            "sys_cpu_time": 0.016309999999999998,
            "total_cpu_time": 0.786986,
            "max_rss": 22736,
            "exit_code": 0,
            "failed": false
        },
        {
            "index": 2,
            "input": 4000.0,
            "run_time": 1013531.0,
            "start_time": 1680009350117887665,
            "stop_time": 1680009350118901196,
            "ram_samples": [],
            "cpu_samples": [
                0.0,
                0.0,
                0.0,
                0.0,
                0.0,
                0.0,
                0.0,
                0.0,
                0.0,
                0.0,
                0.0,
                0.0,
                0.0,
                0.0,
                0.0,
                0.0
            ],
            "average_cpu_busy": 0.0,
            "user_cpu_time": 0.77315,
            "sys_cpu_time": 0.011954999999999999,
            "total_cpu_time": 0.785105,
            "max_rss": 22736,
            "exit_code": 0,
            "failed": false
        },
        {
            "index": 3,
            "input": 4000.0,
            "run_time": 930295.0,
            "start_time": 1680009350328914341,
            "stop_time": 1680009350329844636,
            "ram_samples": [],
            "cpu_samples": [
                0.0,
                0.0,
                0.0,
                0.0,
                0.0,
                0.0,
                0.0,
                0.0,
                0.0,
                0.0,
                0.0,
                0.0,
                0.0,
                0.0,
                0.0,
                0.0
            ],
            "average_cpu_busy": 0.0,
            "user_cpu_time": 0.781196,
            "sys_cpu_time": 0.004111,
            "total_cpu_time": 0.785307,
            "max_rss": 22740,
            "exit_code": 0,
            "failed": false
        },
        {
            "index": 4,
            "input": 4000.0,
            "run_time": 959440.0,
            "start_time": 1680009350537244549,
            "stop_time": 1680009350538203989,
            "ram_samples": [],
            "cpu_samples": [
                0.0,
                0.0,
                0.0,
                0.0,
                0.0,
                0.0,
                0.0,
                0.0,
                0.0,
                0.0,
                0.0,
                0.0,
                0.0,
                0.0,
                0.0,
                0.0
            ],
            "average_cpu_busy": 0.0,
            "user_cpu_time": 0.766102,
            "sys_cpu_time": 0.023572,
            "total_cpu_time": 0.789674,
            "max_rss": 22740,
            "exit_code": 0,
            "failed": false
        },
        {
            "index": 5,
            "input": 4000.0,
            "run_time": 973055.0,
            "start_time": 1680009350752871693,
            "stop_time": 1680009350753844748,
            "ram_samples": [],
            "cpu_samples": [
                0.0,
                0.0,
                0.0,
                0.0,
                0.0,
                0.0,
                0.0,
                0.0,
                0.0,
                0.0,
                0.0,
                0.0,
                0.0,
                0.0,
                0.0,
                0.0
            ],
            "average_cpu_busy": 0.0,
            "user_cpu_time": 0.7922929999999999,
            "sys_cpu_time": 0.007922,
            "total_cpu_time": 0.8002149999999999,
            "max_rss": 22740,
            "exit_code": 0,
            "failed": false
        }
    ]
}