{
    "bench": "spectralnorm-4.rust",
    "language": "rust",
    "input": 1000.0,
    "average_run_time": 914806.0,
    "maximum_run_time": 949902.0,
    "minimum_run_time": 853922.0,
    "average_cpu_time": 0.09148049999999998,
    "minimum_cpu_time": 0.082514,
    "maximum_cpu_time": 0.104873,
    "average_cpu_busy": 0,
    "average_ram_load": 0,
    "run_results": [
        {
            "index": 0,
            "input": 1000.0,
            "run_time": 905338.0,
            "start_time": 1680009310049661416,
            "stop_time": 1680009310050566754,
            "ram_samples": [],
            "cpu_samples": [
                0.0,
                0.0,
                0.0,
                0.0,
                0.0,
                0.0,
                0.0,
                0.0,
                0.0,
                0.0,
                0.0,
                0.0,
                0.0,
                0.0,
                0.0,
                0.0
            ],
            "average_cpu_busy": 0.0,
            "user_cpu_time": 0.104873,
            "sys_cpu_time": 0.0,
            "total_cpu_time": 0.104873,
            "max_rss": 22348,
            "exit_code": 0,
            "failed": false
        },
        {
            "index": 1,
            "input": 1000.0,
            "run_time": 922761.0,
            "start_time": 1680009310062310911,
            "stop_time": 1680009310063233672,
            "ram_samples": [],
            "cpu_samples": [
                0.0,
                0.0,
                0.0,
                0.0,
                0.0,
                0.0,
                0.0,
                0.0,
                0.0,
                0.0,
                0.0,
                0.0,
                0.0,
                0.0,
                0.0,
                0.0
            ],
            "average_cpu_busy": 0.0,
            "user_cpu_time": 0.078467,
            "sys_cpu_time": 0.011209,
            "total_cpu_time": 0.08967599999999999,
            "max_rss": 22348,
            "exit_code": 0,
            "failed": false
        },
        {
            "index": 2,
            "input": 1000.0,
            "run_time": 853922.0,
            "start_time": 1680009310073067546,
            "stop_time": 1680009310073921468,
            "ram_samples": [],
            "cpu_samples": [
                0.0,
                0.0,
                0.0,
                0.0,
                0.0,
                0.0,
                0.0,
                0.0,
                0.0,
                0.0,
                0.0,
                0.0,
                0.0,
                0.0,
                0.0,
                0.0
            ],
            "average_cpu_busy": 0.0,
            "user_cpu_time": 0.068371,
            "sys_cpu_time": 0.018231999999999998,
            "total_cpu_time": 0.086603,
            "max_rss": 22348,
            "exit_code": 0,
            "failed": false
        },
        {
            "index": 3,
            "input": 1000.0,
            "run_time": 919675.0,
            "start_time": 1680009310084077055,
            "stop_time": 1680009310084996730,
            "ram_samples": [],
            "cpu_samples": [
                0.0,
                0.0,
                0.0,
                0.0,
                0.0,
                0.0,
                0.0,
                0.0,
                0.0,
                0.0,
                0.0,
                0.0,
                0.0,
                0.0,
                0.0,
                0.0
            ],
            "average_cpu_busy": 0.0,
            "user_cpu_time": 0.058421999999999995,
            "sys_cpu_time": 0.032861999999999995,
            "total_cpu_time": 0.09128399999999999,
            "max_rss": 22352,
            "exit_code": 0,
            "failed": false
        },
        {
            "index": 4,
            "input": 1000.0,
            "run_time": 949902.0,
            "start_time": 1680009310095901723,
            "stop_time": 1680009310096851625,
            "ram_samples": [],
            "cpu_samples": [
                0.0,
                0.0,
                0.0,
                0.0,
                0.0,
                0.0,
                0.0,
                0.0,
                0.0,
                0.0,
                0.0,
                0.0,
                0.0,
                0.0,
                0.0,
                0.0
            ],
            "average_cpu_busy": 0.0,
            "user_cpu_time": 0.093933,
            "sys_cpu_time": 0.0,
            "total_cpu_time": 0.093933,
            "max_rss": 22352,
            "exit_code": 0,
            "failed": false
        },
        {
            "index": 5,
            "input": 1000.0,
            "run_time": 937238.0,
            "start_time": 1680009310108779586,
            "stop_time": 1680009310109716824,
            "ram_samples": [],
            "cpu_samples": [
                0.0,
                0.0,
                0.0,
                0.0,
                0.0,
                0.0,
                0.0,
                0.0,
                0.0,
                0.0,
                0.0,
                0.0,
                0.0,
                0.0,
                0.0,
                0.0
            ],
            "average_cpu_busy": 0.0,
            "user_cpu_time": 0.047151,
            "sys_cpu_time": 0.035363,
            "total_cpu_time": 0.082514,
            "max_rss": 22352,
            "exit_code": 0,
            "failed": false
        }
    ]
}