{
    "bench": "spectralnorm-3.c",
    "language": "c",
    "input": 1000.0,
    "average_runtime": 911154.5,
    "average_cpu_busy": 0.0,
    "average_ram_load": 0,
    "run_results": [
        {
            "index": 0,
            "input": 1000.0,
            "run_time": 941275.0,
            "start_time": 1679663735125335981,
            "stop_time": 1679663735126277256,
            "ram_samples": [],
            "cpu_samples": [
                0.0,
                0.0,
                0.0,
                0.0,
                0.0,
                0.0,
                0.0,
                0.0,
                0.0,
                0.0,
                0.0,
                0.0,
                0.0,
                0.0,
                0.0,
                0.0
            ],
            "average_cpu_busy": 0.0,
            "user_cpu_time": 0.151187,
            "sys_cpu_time": 0.004724,
            "total_cpu_time": 0.155911,
            "max_rss": 19132,
            "exit_code": 0,
            "failed": false
        },
        {
            "index": 1,
            "input": 1000.0,
            "run_time": 904916.0,
            "start_time": 1679663735139532593,
            "stop_time": 1679663735140437509,
            "ram_samples": [],
            "cpu_samples": [
                0.0,
                0.0,
                0.0,
                0.0,
                0.0,
                0.0,
                0.0,
                0.0,
                0.0,
                0.0,
                0.0,
                0.0,
                0.0,
                0.0,
                0.0,
                0.0
            ],
            "average_cpu_busy": 0.0,
            "user_cpu_time": 0.130603,
            "sys_cpu_time": 0.0,
            "total_cpu_time": 0.130603,
            "max_rss": 19136,
            "exit_code": 0,
            "failed": false
        },
        {
            "index": 2,
            "input": 1000.0,
            "run_time": 873546.0,
            "start_time": 1679663735151882153,
            "stop_time": 1679663735152755699,
            "ram_samples": [],
            "cpu_samples": [
                0.0,
                0.0,
                0.0,
                0.0,
                0.0,
                0.0,
                0.0,
                0.0,
                0.0,
                0.0,
                0.0,
                0.0,
                0.0,
                0.0,
                0.0,
                0.0
            ],
            "average_cpu_busy": 0.0,
            "user_cpu_time": 0.150492,
            "sys_cpu_time": 0.0,
            "total_cpu_time": 0.150492,
            "max_rss": 19136,
            "exit_code": 0,
            "failed": false
        },
        {
            "index": 3,
            "input": 1000.0,
            "run_time": 932749.0,
            "start_time": 1679663735166059008,
            "stop_time": 1679663735166991757,
            "ram_samples": [],
            "cpu_samples": [
                0.0,
                0.0,
                0.0,
                0.0,
                0.0,
                0.0,
                0.0,
                0.0,
                0.0,
                0.0,
                0.0,
                0.0,
                0.0,
                0.0,
                0.0,
                0.0
            ],
            "average_cpu_busy": 0.0,
            "user_cpu_time": 0.12628699999999998,
            "sys_cpu_time": 0.0,
            "total_cpu_time": 0.12628699999999998,
            "max_rss": 19136,
            "exit_code": 0,
            "failed": false
        },
        {
            "index": 4,
            "input": 1000.0,
            "run_time": 900688.0,
            "start_time": 1679663735178261398,
            "stop_time": 1679663735179162086,
            "ram_samples": [],
            "cpu_samples": [
                0.0,
                0.0,
                0.0,
                0.0,
                0.0,
                0.0,
                0.0,
                0.0,
                0.0,
                0.0,
                0.0,
                0.0,
                0.0,
                0.0,
                0.0,
                0.0
            ],
            "average_cpu_busy": 0.0,
            "user_cpu_time": 0.191302,
            "sys_cpu_time": 0.0,
            "total_cpu_time": 0.191302,
            "max_rss": 19136,
            "exit_code": 0,
            "failed": false
        },
        {
            "index": 5,
            "input": 1000.0,
            "run_time": 913753.0,
            "start_time": 1679663735194780098,
            "stop_time": 1679663735195693851,
            "ram_samples": [],
            "cpu_samples": [
                0.0,
                0.0,
                0.0,
                0.0,
                0.0,
                0.0,
                0.0,
                0.0,
                0.0,
                0.0,
                0.0,
                0.0,
                0.0,
                0.0,
                0.0,
                0.0
            ],
            "average_cpu_busy": 0.0,
            "user_cpu_time": 0.11114199999999999,
            "sys_cpu_time": 0.0,
            "total_cpu_time": 0.11114199999999999,
            "max_rss": 19140,
            "exit_code": 0,
            "failed": false
        }
    ]
}