{
    "bench": "spectralnorm-1.java",
    "language": "java",
    "input": 2000.0,
    "average_runtime": 1141479.3333333333,
    "average_cpu_busy": 0.0,
    "average_ram_load": 0,
    "run_results": [
        {
            "index": 0,
            "input": 2000.0,
            "run_time": 1188359.0,
            "start_time": 1679756579309427780,
            "stop_time": 1679756579310616139,
            "ram_samples": [],
            "cpu_samples": [
                0.0,
                0.0,
                0.0,
                0.0,
                0.0,
                0.0,
                0.0,
                0.0,
                0.0,
                0.0,
                0.0,
                0.0,
                0.0,
                0.0,
                0.0,
                0.0
            ],
            "average_cpu_busy": 0.0,
            "user_cpu_time": 0.050721999999999996,
            "sys_cpu_time": 0.011705,
            "total_cpu_time": 0.062426999999999996,
            "max_rss": 42988,
            "exit_code": 0,
            "failed": false
        },
        {
            "index": 1,
            "input": 2000.0,
            "run_time": 1116434.0,
            "start_time": 1679756579363024043,
            "stop_time": 1679756579364140477,
            "ram_samples": [],
            "cpu_samples": [
                0.0,
                0.0,
                0.0,
                0.0,
                0.0,
                0.0,
                0.0,
                0.0,
                0.0,
                0.0,
                0.0,
                0.0,
                0.0,
                0.0,
                0.0,
                0.0
            ],
            "average_cpu_busy": 0.0,
            "user_cpu_time": 0.054792,
            "sys_cpu_time": 0.007826999999999999,
            "total_cpu_time": 0.062619,
            "max_rss": 42624,
            "exit_code": 0,
            "failed": false
        },
        {
            "index": 2,
            "input": 2000.0,
            "run_time": 1066511.0,
            "start_time": 1679756579415666097,
            "stop_time": 1679756579416732608,
            "ram_samples": [],
            "cpu_samples": [
                0.0,
                0.0,
                0.0,
                0.0,
                0.0,
                0.0,
                0.0,
                0.0,
                0.0,
                0.0,
                0.0,
                0.0,
                0.0,
                0.0,
                0.0,
                0.0
            ],
            "average_cpu_busy": 0.0,
            "user_cpu_time": 0.045186,
            "sys_cpu_time": 0.018827,
            "total_cpu_time": 0.064013,
            "max_rss": 42868,
            "exit_code": 0,
            "failed": false
        },
        {
            "index": 3,
            "input": 2000.0,
            "run_time": 1210250.0,
            "start_time": 1679756579469557254,
            "stop_time": 1679756579470767504,
            "ram_samples": [],
            "cpu_samples": [
                0.0,
                0.0,
                0.0,
                0.0,
                0.0,
                0.0,
                0.0,
                0.0,
                0.0,
                0.0,
                0.0,
                0.0,
                0.0,
                0.0,
                0.0,
                0.0
            ],
            "average_cpu_busy": 0.0,
            "user_cpu_time": 0.045266999999999995,
            "sys_cpu_time": 0.01741,
            "total_cpu_time": 0.062677,
            "max_rss": 42880,
            "exit_code": 0,
            "failed": false
        },
        {
            "index": 4,
            "input": 2000.0,
            "run_time": 1116163.0,
            "start_time": 1679756579523918242,
            "stop_time": 1679756579525034405,
            "ram_samples": [],
            "cpu_samples": [
                0.0,
                0.0,
                0.0,
                0.0,
                0.0,
                0.0,
                0.0,
                0.0,
                0.0,
                0.0,
                0.0,
                0.0,
                0.0,
                0.0,
                0.0,
                0.0
            ],
            "average_cpu_busy": 0.0,
            "user_cpu_time": 0.062009999999999996,
            "sys_cpu_time": 0.008858,
            "total_cpu_time": 0.070868,
            "max_rss": 42752,
            "exit_code": 0,
            "failed": false
        },
        {
            "index": 5,
            "input": 2000.0,
            "run_time": 1151159.0,
            "start_time": 1679756579580975487,
            "stop_time": 1679756579582126646,
            "ram_samples": [],
            "cpu_samples": [
                0.0,
                0.0,
                0.0,
                0.0,
                0.0,
                0.0,
                0.0,
                0.0,
                0.0,
                0.0,
                0.0,
                0.0,
                0.0,
                0.0,
                0.0,
                0.0
            ],
            "average_cpu_busy": 0.0,
            "user_cpu_time": 0.053592,
            "sys_cpu_time": 0.008931999999999999,
            "total_cpu_time": 0.062524,
            "max_rss": 43008,
            "exit_code": 0,
            "failed": false
        }
    ]
}