{
    "bench": "spectralnorm-2.rust",
    "language": "rust",
    "input": 2000.0,
    "average_run_time": 946303.0,
    "maximum_run_time": 1037155.0,
    "minimum_run_time": 897543.0,
    "average_cpu_time": 0.1950265,
    "minimum_cpu_time": 0.193793,
    "maximum_cpu_time": 0.19644499999999998,
    "average_cpu_busy": 0,
    "average_ram_load": 0,
    "run_results": [
        {
            "index": 0,
            "input": 2000.0,
            "run_time": 897543.0,
            "start_time": 1679838408722837336,
            "stop_time": 1679838408723734879,
            "ram_samples": [],
            "cpu_samples": [
                0.0,
                0.0,
                0.0,
                0.0,
                0.0,
                0.0,
                0.0,
                0.0,
                0.0,
                0.0,
                0.0,
                0.0,
                0.0,
                0.0,
                0.0,
                0.0
            ],
            "average_cpu_busy": 0.0,
            "user_cpu_time": 0.193793,
            "sys_cpu_time": 0.0,
            "total_cpu_time": 0.193793,
            "max_rss": 19844,
            "exit_code": 0,
            "failed": false
        },
        {
            "index": 1,
            "input": 2000.0,
            "run_time": 922019.0,
            "start_time": 1679838408778036706,
            "stop_time": 1679838408778958725,
            "ram_samples": [],
            "cpu_samples": [
                0.0,
                0.0,
                0.0,
                0.0,
                0.0,
                0.0,
                0.0,
                0.0,
                0.0,
                0.0,
                0.0,
                0.0,
                0.0,
                0.0,
                0.0,
                0.0
            ],
            "average_cpu_busy": 0.0,
            "user_cpu_time": 0.19017599999999998,
            "sys_cpu_time": 0.004226,
            "total_cpu_time": 0.194402,
            "max_rss": 19844,
            "exit_code": 0,
            "failed": false
        },
        {
            "index": 2,
            "input": 2000.0,
            "run_time": 918493.0,
            "start_time": 1679838408833890063,
            "stop_time": 1679838408834808556,
            "ram_samples": [],
            "cpu_samples": [
                0.0,
                0.0,
                0.0,
                0.0,
                0.0,
                0.0,
                0.0,
                0.0,
                100.0,
                0.0,
                0.0,
                0.0,
                0.0,
                0.0,
                0.0,
                0.0
            ],
            "average_cpu_busy": 9.18493e-07,
            "user_cpu_time": 0.188742,
            "sys_cpu_time": 0.007703,
            "total_cpu_time": 0.19644499999999998,
            "max_rss": 19844,
            "exit_code": 0,
            "failed": false
        },
        {
            "index": 3,
            "input": 2000.0,
            "run_time": 917460.0,
            "start_time": 1679838408891031336,
            "stop_time": 1679838408891948796,
            "ram_samples": [],
            "cpu_samples": [
                0.0,
                0.0,
                0.0,
                0.0,
                0.0,
                0.0,
                0.0,
                0.0,
                0.0,
                0.0,
                0.0,
                0.0,
                0.0,
                0.0,
                0.0,
                0.0
            ],
            "average_cpu_busy": 0.0,
            "user_cpu_time": 0.19067699999999999,
            "sys_cpu_time": 0.004539,
            "total_cpu_time": 0.19521599999999997,
            "max_rss": 19844,
            "exit_code": 0,
            "failed": false
        },
        {
            "index": 4,
            "input": 2000.0,
            "run_time": 985148.0,
            "start_time": 1679838408946724592,
            "stop_time": 1679838408947709740,
            "ram_samples": [],
            "cpu_samples": [
                0.0,
                0.0,
                0.0,
                0.0,
                0.0,
                0.0,
                0.0,
                0.0,
                0.0,
                0.0,
                0.0,
                0.0,
                0.0,
                0.0,
                0.0,
                0.0
            ],
            "average_cpu_busy": 0.0,
            "user_cpu_time": 0.184323,
            "sys_cpu_time": 0.011059,
            "total_cpu_time": 0.195382,
            "max_rss": 19844,
            "exit_code": 0,
            "failed": false
        },
        {
            "index": 5,
            "input": 2000.0,
            "run_time": 1037155.0,
            "start_time": 1679838409002262317,
            "stop_time": 1679838409003299472,
            "ram_samples": [],
            "cpu_samples": [
                0.0,
                0.0,
                0.0,
                0.0,
                0.0,
                0.0,
                0.0,
                0.0,
                0.0,
                0.0,
                0.0,
                0.0,
                100.0,
                0.0,
                0.0,
                100.0
            ],
            "average_cpu_busy": 2.07431e-06,
            "user_cpu_time": 0.186447,
            "sys_cpu_time": 0.008473999999999999,
            "total_cpu_time": 0.194921,
            "max_rss": 19848,
            "exit_code": 0,
            "failed": false
        }
    ]
}