{
    "bench": "spectralnorm-1.cpp",
    "language": "cpp",
    "input": 2000.0,
    "average_run_time": 1058719.0,
    "maximum_run_time": 1350623.0,
    "minimum_run_time": 833674.0,
    "average_cpu_time": 0.20020166666666664,
    "minimum_cpu_time": 0.196494,
    "maximum_cpu_time": 0.202809,
    "average_cpu_busy": 0,
    "average_ram_load": 0,
    "run_results": [
        {
            "index": 0,
            "input": 2000.0,
            "run_time": 833674.0,
            "start_time": 1679838396551494590,
            "stop_time": 1679838396552328264,
            "ram_samples": [],
            "cpu_samples": [
                0.0,
                0.0,
                0.0,
                0.0,
                0.0,
                0.0,
                0.0,
                0.0,
                0.0,
                0.0,
                0.0,
                0.0,
                0.0,
                0.0,
                0.0,
                0.0
            ],
            "average_cpu_busy": 0.0,
            "user_cpu_time": 0.202809,
            "sys_cpu_time": 0.0,
            "total_cpu_time": 0.202809,
            "max_rss": 19480,
            "exit_code": 0,
            "failed": false
        },
        {
            "index": 1,
            "input": 2000.0,
            "run_time": 1350623.0,
            "start_time": 1679838396760821348,
            "stop_time": 1679838396762171971,
            "ram_samples": [],
            "cpu_samples": [
                0.0,
                0.0,
                0.0,
                0.0,
                0.0,
                0.0,
                0.0,
                0.0,
                0.0,
                0.0,
                0.0,
                0.0,
                0.0,
                0.0,
                0.0,
                0.0
            ],
            "average_cpu_busy": 0.0,
            "user_cpu_time": 0.20055699999999999,
            "sys_cpu_time": 0.0,
            "total_cpu_time": 0.20055699999999999,
            "max_rss": 19480,
            "exit_code": 0,
            "failed": false
        },
        {
            "index": 2,
            "input": 2000.0,
            "run_time": 895189.0,
            "start_time": 1679838396966956869,
            "stop_time": 1679838396967852058,
            "ram_samples": [],
            "cpu_samples": [
                0.0,
                0.0,
                0.0,
                0.0,
                0.0,
                0.0,
                0.0,
                0.0,
                0.0,
                0.0,
                0.0,
                0.0,
                0.0,
                0.0,
                0.0,
                0.0
            ],
            "average_cpu_busy": 0.0,
            "user_cpu_time": 0.202488,
            "sys_cpu_time": 0.0,
            "total_cpu_time": 0.202488,
            "max_rss": 19480,
            "exit_code": 0,
            "failed": false
        },
        {
            "index": 3,
            "input": 2000.0,
            "run_time": 968436.0,
            "start_time": 1679838397176055920,
            "stop_time": 1679838397177024356,
            "ram_samples": [],
            "cpu_samples": [
                0.0,
                0.0,
                0.0,
                0.0,
                0.0,
                0.0,
                0.0,
                0.0,
                0.0,
                0.0,
                0.0,
                0.0,
                0.0,
                0.0,
                0.0,
                0.0
            ],
            "average_cpu_busy": 0.0,
            "user_cpu_time": 0.19963599999999998,
            "sys_cpu_time": 0.0,
            "total_cpu_time": 0.19963599999999998,
            "max_rss": 19480,
            "exit_code": 0,
            "failed": false
        },
        {
            "index": 4,
            "input": 2000.0,
            "run_time": 1346456.0,
            "start_time": 1679838397381210732,
            "stop_time": 1679838397382557188,
            "ram_samples": [],
            "cpu_samples": [
                0.0,
                0.0,
                0.0,
                0.0,
                0.0,
                0.0,
                0.0,
                0.0,
                0.0,
                0.0,
                0.0,
                0.0,
                0.0,
                0.0,
                0.0,
                0.0
            ],
            "average_cpu_busy": 0.0,
            "user_cpu_time": 0.195242,
            "sys_cpu_time": 0.003984,
            "total_cpu_time": 0.199226,
            "max_rss": 19480,
            "exit_code": 0,
            "failed": false
        },
        {
            "index": 5,
            "input": 2000.0,
            "run_time": 957936.0,
            "start_time": 1679838397585515611,
            "stop_time": 1679838397586473547,
            "ram_samples": [],
            "cpu_samples": [
                0.0,
                0.0,
                0.0,
                0.0,
                0.0,
                0.0,
                0.0,
                0.0,
                0.0,
                0.0,
                0.0,
                0.0,
                0.0,
                0.0,
                0.0,
                0.0
            ],
            "average_cpu_busy": 0.0,
            "user_cpu_time": 0.192484,
            "sys_cpu_time": 0.00401,
            "total_cpu_time": 0.196494,
            "max_rss": 19480,
            "exit_code": 0,
            "failed": false
        }
    ]
}