{
    "bench": "spectralnorm-1.c",
    "language": "c",
    "input": 4000.0,
    "average_run_time": 1142118.5,
    "maximum_run_time": 1254593.0,
    "minimum_run_time": 953959.0,
    "average_cpu_time": 0.7948876666666668,
    "minimum_cpu_time": 0.786484,
    "maximum_cpu_time": 0.800516,
    "average_cpu_busy": 0,
    "average_ram_load": 0,
    "run_results": [
        {
            "index": 0,
            "input": 4000.0,
            "run_time": 1160326.0,
            "start_time": 1680009333380666057,
            "stop_time": 1680009333381826383,
            "ram_samples": [],
            "cpu_samples": [
                0.0,
                0.0,
                0.0,
                0.0,
                0.0,
                0.0,
                0.0,
                0.0,
                0.0,
                0.0,
                0.0,
                0.0,
                0.0,
                0.0,
                0.0,
                0.0
            ],
            "average_cpu_busy": 0.0,
            "user_cpu_time": 0.7938989999999999,
            "sys_cpu_time": 0.0,
            "total_cpu_time": 0.7938989999999999,
            "max_rss": 22560,
            "exit_code": 0,
            "failed": false
        },
        {
            "index": 1,
            "input": 4000.0,
            "run_time": 1239023.0,
            "start_time": 1680009334180327630,
            "stop_time": 1680009334181566653,
            "ram_samples": [],
            "cpu_samples": [
                0.0,
                0.0,
                0.0,
                0.0,
                0.0,
                0.0,
                0.0,
                0.0,
                0.0,
                0.0,
                0.0,
                0.0,
                0.0,
                0.0,
                0.0,
                0.0
            ],
            "average_cpu_busy": 0.0,
            "user_cpu_time": 0.794192,
            "sys_cpu_time": 0.0,
            "total_cpu_time": 0.794192,
            "max_rss": 22564,
            "exit_code": 0,
            "failed": false
        },
        {
            "index": 2,
            "input": 4000.0,
            "run_time": 953959.0,
            "start_time": 1680009334979761475,
            "stop_time": 1680009334980715434,
            "ram_samples": [],
            "cpu_samples": [
                0.0,
                0.0,
                0.0,
                0.0,
                0.0,
                0.0,
                0.0,
                0.0,
                0.0,
                0.0,
                0.0,
                0.0,
                0.0,
                0.0,
                0.0,
                0.0
            ],
            "average_cpu_busy": 0.0,
            "user_cpu_time": 0.786484,
            "sys_cpu_time": 0.0,
            "total_cpu_time": 0.786484,
            "max_rss": 22564,
            "exit_code": 0,
            "failed": false
        },
        {
            "index": 3,
            "input": 4000.0,
            "run_time": 1227963.0,
            "start_time": 1680009335771319399,
            "stop_time": 1680009335772547362,
            "ram_samples": [],
            "cpu_samples": [
                0.0,
                0.0,
                0.0,
                0.0,
                0.0,
                0.0,
                0.0,
                0.0,
                0.0,
                0.0,
                0.0,
                0.0,
                0.0,
                0.0,
                0.0,
                0.0
            ],
            "average_cpu_busy": 0.0,
            "user_cpu_time": 0.800516,
            "sys_cpu_time": 0.0,
            "total_cpu_time": 0.800516,
            "max_rss": 22564,
            "exit_code": 0,
            "failed": false
        },
        {
            "index": 4,
            "input": 4000.0,
            "run_time": 1016847.0,
            "start_time": 1680009336577681158,
            "stop_time": 1680009336578698005,
            "ram_samples": [],
            "cpu_samples": [
                0.0,
                0.0,
                0.0,
                0.0,
                0.0,
                0.0,
                0.0,
                0.0,
                0.0,
                0.0,
                0.0,
                0.0,
                0.0,
                0.0,
                0.0,
                0.0
            ],
            "average_cpu_busy": 0.0,
            "user_cpu_time": 0.7940699999999999,
            "sys_cpu_time": 0.0,
            "total_cpu_time": 0.7940699999999999,
            "max_rss": 22564,
            "exit_code": 0,
            "failed": false
        },
        {
            "index": 5,
            "input": 4000.0,
            "run_time": 1254593.0,
            "start_time": 1680009337377423682,
            "stop_time": 1680009337378678275,
            "ram_samples": [],
            "cpu_samples": [
                0.0,
                0.0,
                0.0,
                0.0,
                0.0,
                0.0,
                0.0,
                0.0,
                0.0,
                0.0,
                0.0,
                0.0,
                0.0,
                0.0,
                0.0,
                0.0
            ],
            "average_cpu_busy": 0.0,
            "user_cpu_time": 0.796165,
            "sys_cpu_time": 0.004,
            "total_cpu_time": 0.800165,
            "max_rss": 22564,
            "exit_code": 0,
            "failed": false
        }
    ]
}