{
    "bench": "spectralnorm-1.rust",
    "language": "rust",
    "input": 1000.0,
    "average_runtime": 924171.3333333334,
    "average_cpu_busy": 0.0,
    "average_ram_load": 0,
    "run_results": [
        {
            "index": 0,
            "input": 1000.0,
            "run_time": 882134.0,
            "start_time": 1679835462791331936,
            "stop_time": 1679835462792214070,
            "ram_samples": [],
            "cpu_samples": [
                0.0,
                0.0,
                0.0,
                0.0,
                0.0,
                0.0,
                0.0,
                0.0,
                0.0,
                0.0,
                0.0,
                0.0,
                0.0,
                0.0,
                0.0,
                0.0
            ],
            "average_cpu_busy": 0.0,
            "user_cpu_time": 0.045201,
            "sys_cpu_time": 0.010043999999999999,
            "total_cpu_time": 0.055244999999999995,
            "max_rss": 19496,
            "exit_code": 0,
            "failed": false
        },
        {
            "index": 1,
            "input": 1000.0,
            "run_time": 918592.0,
            "start_time": 1679835462811957661,
            "stop_time": 1679835462812876253,
            "ram_samples": [],
            "cpu_samples": [
                0.0,
                0.0,
                0.0,
                0.0,
                0.0,
                0.0,
                0.0,
                0.0,
                0.0,
                0.0,
                0.0,
                0.0,
                0.0,
                0.0,
                0.0,
                0.0
            ],
            "average_cpu_busy": 0.0,
            "user_cpu_time": 0.046291,
            "sys_cpu_time": 0.007121,
            "total_cpu_time": 0.053412,
            "max_rss": 19496,
            "exit_code": 0,
            "failed": false
        },
        {
            "index": 2,
            "input": 1000.0,
            "run_time": 919184.0,
            "start_time": 1679835462830767029,
            "stop_time": 1679835462831686213,
            "ram_samples": [],
            "cpu_samples": [
                0.0,
                0.0,
                0.0,
                0.0,
                0.0,
                0.0,
                0.0,
                0.0,
                0.0,
                0.0,
                0.0,
                0.0,
                0.0,
                0.0,
                0.0,
                0.0
            ],
            "average_cpu_busy": 0.0,
            "user_cpu_time": 0.053645,
            "sys_cpu_time": 0.0,
            "total_cpu_time": 0.053645,
            "max_rss": 19496,
            "exit_code": 0,
            "failed": false
        },
        {
            "index": 3,
            "input": 1000.0,
            "run_time": 931206.0,
            "start_time": 1679835462850016122,
            "stop_time": 1679835462850947328,
            "ram_samples": [],
            "cpu_samples": [
                0.0,
                0.0,
                0.0,
                0.0,
                0.0,
                0.0,
                0.0,
                0.0,
                0.0,
                0.0,
                0.0,
                0.0,
                0.0,
                0.0,
                0.0,
                0.0
            ],
            "average_cpu_busy": 0.0,
            "user_cpu_time": 0.049165,
            "sys_cpu_time": 0.004097,
            "total_cpu_time": 0.053262000000000004,
            "max_rss": 19500,
            "exit_code": 0,
            "failed": false
        },
        {
            "index": 4,
            "input": 1000.0,
            "run_time": 971241.0,
            "start_time": 1679835462868912714,
            "stop_time": 1679835462869883955,
            "ram_samples": [],
            "cpu_samples": [
                0.0,
                0.0,
                0.0,
                0.0,
                0.0,
                0.0,
                0.0,
                0.0,
                0.0,
                0.0,
                0.0,
                0.0,
                0.0,
                0.0,
                0.0,
                0.0
            ],
            "average_cpu_busy": 0.0,
            "user_cpu_time": 0.034117999999999996,
            "sys_cpu_time": 0.019496,
            "total_cpu_time": 0.053613999999999995,
            "max_rss": 19500,
            "exit_code": 0,
            "failed": false
        },
        {
            "index": 5,
            "input": 1000.0,
            "run_time": 922671.0,
            "start_time": 1679835462888556627,
            "stop_time": 1679835462889479298,
            "ram_samples": [],
            "cpu_samples": [
                0.0,
                0.0,
                0.0,
                0.0,
                0.0,
                0.0,
                0.0,
                0.0,
                0.0,
                0.0,
                0.0,
                0.0,
                0.0,
                0.0,
                0.0,
                0.0
            ],
            "average_cpu_busy": 0.0,
            "user_cpu_time": 0.043487,
            "sys_cpu_time": 0.009663,
            "total_cpu_time": 0.053149999999999996,
            "max_rss": 19500,
            "exit_code": 0,
            "failed": false
        }
    ],
    "maximum_runtime": 971241.0,
    "minimum_runtime": 882134.0
}