{
    "bench": "spectralnorm-4.c",
    "language": "c",
    "input": 2000.0,
    "average_run_time": 945695.3333333334,
    "maximum_run_time": 1146029.0,
    "minimum_run_time": 858080.0,
    "average_cpu_time": 0.284618,
    "minimum_cpu_time": 0.241645,
    "maximum_cpu_time": 0.377424,
    "average_cpu_busy": 0,
    "average_ram_load": 0,
    "run_results": [
        {
            "index": 0,
            "input": 2000.0,
            "run_time": 901351.0,
            "start_time": 1680009308029967515,
            "stop_time": 1680009308030868866,
            "ram_samples": [],
            "cpu_samples": [
                0.0,
                0.0,
                0.0,
                0.0,
                0.0,
                0.0,
                0.0,
                0.0,
                0.0,
                0.0,
                0.0,
                0.0,
                0.0,
                0.0,
                0.0,
                0.0
            ],
            "average_cpu_busy": 0.0,
            "user_cpu_time": 0.241811,
            "sys_cpu_time": 0.007676,
            "total_cpu_time": 0.249487,
            "max_rss": 22276,
            "exit_code": 0,
            "failed": false
        },
        {
            "index": 1,
            "input": 2000.0,
            "run_time": 977643.0,
            "start_time": 1680009308049945606,
            "stop_time": 1680009308050923249,
            "ram_samples": [],
            "cpu_samples": [
                0.0,
                0.0,
                0.0,
                0.0,
                0.0,
                0.0,
                0.0,
                0.0,
                0.0,
                0.0,
                0.0,
                0.0,
                0.0,
                0.0,
                0.0,
                0.0
            ],
            "average_cpu_busy": 0.0,
            "user_cpu_time": 0.373322,
            "sys_cpu_time": 0.004102,
            "total_cpu_time": 0.377424,
            "max_rss": 22276,
            "exit_code": 0,
            "failed": false
        },
        {
            "index": 2,
            "input": 2000.0,
            "run_time": 882746.0,
            "start_time": 1680009308079327353,
            "stop_time": 1680009308080210099,
            "ram_samples": [],
            "cpu_samples": [
                0.0,
                0.0,
                0.0,
                0.0,
                0.0,
                0.0,
                0.0,
                0.0,
                0.0,
                0.0,
                0.0,
                0.0,
                0.0,
                0.0,
                0.0,
                0.0
            ],
            "average_cpu_busy": 0.0,
            "user_cpu_time": 0.279182,
            "sys_cpu_time": 0.0035789999999999997,
            "total_cpu_time": 0.282761,
            "max_rss": 22276,
            "exit_code": 0,
            "failed": false
        },
        {
            "index": 3,
            "input": 2000.0,
            "run_time": 1146029.0,
            "start_time": 1680009308101897896,
            "stop_time": 1680009308103043925,
            "ram_samples": [],
            "cpu_samples": [
                0.0,
                0.0,
                0.0,
                0.0,
                0.0,
                0.0,
                0.0,
                0.0,
                0.0,
                0.0,
                0.0,
                0.0,
                0.0,
                0.0,
                0.0,
                0.0
            ],
            "average_cpu_busy": 0.0,
            "user_cpu_time": 0.28646299999999997,
            "sys_cpu_time": 0.0,
            "total_cpu_time": 0.28646299999999997,
            "max_rss": 22280,
            "exit_code": 0,
            "failed": false
        },
        {
            "index": 4,
            "input": 2000.0,
            "run_time": 908323.0,
            "start_time": 1680009308125151951,
            "stop_time": 1680009308126060274,
            "ram_samples": [],
            "cpu_samples": [
                0.0,
                0.0,
                0.0,
                0.0,
                0.0,
                0.0,
                0.0,
                0.0,
                0.0,
                0.0,
                0.0,
                0.0,
                0.0,
                0.0,
                0.0,
                0.0
            ],
            "average_cpu_busy": 0.0,
            "user_cpu_time": 0.241645,
            "sys_cpu_time": 0.0,
            "total_cpu_time": 0.241645,
            "max_rss": 22280,
            "exit_code": 0,
            "failed": false
        },
        {
            "index": 5,
            "input": 2000.0,
            "run_time": 858080.0,
            "start_time": 1680009308144788881,
            "stop_time": 1680009308145646961,
            "ram_samples": [],
            "cpu_samples": [
                0.0,
                0.0,
                0.0,
                0.0,
                0.0,
                0.0,
                0.0,
                0.0,
                0.0,
                0.0,
                0.0,
                0.0,
                0.0,
                0.0,
                0.0,
                0.0
            ],
            "average_cpu_busy": 0.0,
            "user_cpu_time": 0.269928,
            "sys_cpu_time": 0.0,
            "total_cpu_time": 0.269928,
            "max_rss": 22280,
            "exit_code": 0,
            "failed": false
        }
    ]
}