{
    "bench": "spectralnorm-1.rust",
    "language": "rust",
    "input": 2000.0,
    "average_runtime": 918686.6666666666,
    "average_cpu_busy": 1.5733183333333335e-07,
    "average_ram_load": 0,
    "run_results": [
        {
            "index": 0,
            "input": 2000.0,
            "run_time": 919673.0,
            "start_time": 1679663730174852440,
            "stop_time": 1679663730175772113,
            "ram_samples": [],
            "cpu_samples": [
                0.0,
                0.0,
                0.0,
                0.0,
                0.0,
                0.0,
                0.0,
                0.0,
                0.0,
                0.0,
                0.0,
                0.0,
                0.0,
                0.0,
                0.0,
                0.0
            ],
            "average_cpu_busy": 0.0,
            "user_cpu_time": 0.18265199999999998,
            "sys_cpu_time": 0.011658,
            "total_cpu_time": 0.19430999999999998,
            "max_rss": 18976,
            "exit_code": 0,
            "failed": false
        },
        {
            "index": 1,
            "input": 2000.0,
            "run_time": 943991.0,
            "start_time": 1679663730229444324,
            "stop_time": 1679663730230388315,
            "ram_samples": [],
            "cpu_samples": [
                0.0,
                0.0,
                100.0,
                0.0,
                0.0,
                0.0,
                0.0,
                0.0,
                0.0,
                0.0,
                0.0,
                0.0,
                0.0,
                0.0,
                0.0,
                0.0
            ],
            "average_cpu_busy": 9.43991e-07,
            "user_cpu_time": 0.191136,
            "sys_cpu_time": 0.003981999999999999,
            "total_cpu_time": 0.195118,
            "max_rss": 18980,
            "exit_code": 0,
            "failed": false
        },
        {
            "index": 2,
            "input": 2000.0,
            "run_time": 893954.0,
            "start_time": 1679663730284381018,
            "stop_time": 1679663730285274972,
            "ram_samples": [],
            "cpu_samples": [
                0.0,
                0.0,
                0.0,
                0.0,
                0.0,
                0.0,
                0.0,
                0.0,
                0.0,
                0.0,
                0.0,
                0.0,
                0.0,
                0.0,
                0.0,
                0.0
            ],
            "average_cpu_busy": 0.0,
            "user_cpu_time": 0.198658,
            "sys_cpu_time": 0.0,
            "total_cpu_time": 0.198658,
            "max_rss": 18980,
            "exit_code": 0,
            "failed": false
        },
        {
            "index": 3,
            "input": 2000.0,
            "run_time": 912450.0,
            "start_time": 1679663730342940619,
            "stop_time": 1679663730343853069,
            "ram_samples": [],
            "cpu_samples": [
                0.0,
                0.0,
                0.0,
                0.0,
                0.0,
                0.0,
                0.0,
                0.0,
                0.0,
                0.0,
                0.0,
                0.0,
                0.0,
                0.0,
                0.0,
                0.0
            ],
            "average_cpu_busy": 0.0,
            "user_cpu_time": 0.183858,
            "sys_cpu_time": 0.012256999999999999,
            "total_cpu_time": 0.19611499999999998,
            "max_rss": 18984,
            "exit_code": 0,
            "failed": false
        },
        {
            "index": 4,
            "input": 2000.0,
            "run_time": 915596.0,
            "start_time": 1679663730398691775,
            "stop_time": 1679663730399607371,
            "ram_samples": [],
            "cpu_samples": [
                0.0,
                0.0,
                0.0,
                0.0,
                0.0,
                0.0,
                0.0,
                0.0,
                0.0,
                0.0,
                0.0,
                0.0,
                0.0,
                0.0,
                0.0,
                0.0
            ],
            "average_cpu_busy": 0.0,
            "user_cpu_time": 0.192384,
            "sys_cpu_time": 0.004007999999999999,
            "total_cpu_time": 0.196392,
            "max_rss": 18984,
            "exit_code": 0,
            "failed": false
        },
        {
            "index": 5,
            "input": 2000.0,
            "run_time": 926456.0,
            "start_time": 1679663730454952072,
            "stop_time": 1679663730455878528,
            "ram_samples": [],
            "cpu_samples": [
                0.0,
                0.0,
                0.0,
                0.0,
                0.0,
                0.0,
                0.0,
                0.0,
                0.0,
                0.0,
                0.0,
                0.0,
                0.0,
                0.0,
                0.0,
                0.0
            ],
            "average_cpu_busy": 0.0,
            "user_cpu_time": 0.196846,
            "sys_cpu_time": 0.0,
            "total_cpu_time": 0.196846,
            "max_rss": 18988,
            "exit_code": 0,
            "failed": false
        }
    ]
}