{
    "bench": "spectralnorm-3.rust",
    "language": "rust",
    "input": 2000.0,
    "average_runtime": 1046625.6666666666,
    "average_cpu_busy": 0.0,
    "average_ram_load": 0,
    "run_results": [
        {
            "index": 0,
            "input": 2000.0,
            "run_time": 920916.0,
            "start_time": 1679663733689142457,
            "stop_time": 1679663733690063373,
            "ram_samples": [],
            "cpu_samples": [
                0.0,
                0.0,
                0.0,
                0.0,
                0.0,
                0.0,
                0.0,
                0.0,
                0.0,
                0.0,
                0.0,
                0.0,
                0.0,
                0.0,
                0.0,
                0.0
            ],
            "average_cpu_busy": 0.0,
            "user_cpu_time": 0.239473,
            "sys_cpu_time": 0.003991,
            "total_cpu_time": 0.24346399999999999,
            "max_rss": 19080,
            "exit_code": 0,
            "failed": false
        },
        {
            "index": 1,
            "input": 2000.0,
            "run_time": 1346968.0,
            "start_time": 1679663733757256590,
            "stop_time": 1679663733758603558,
            "ram_samples": [],
            "cpu_samples": [
                0.0,
                0.0,
                0.0,
                0.0,
                0.0,
                0.0,
                0.0,
                0.0,
                0.0,
                0.0,
                0.0,
                0.0,
                0.0,
                0.0,
                0.0,
                0.0
            ],
            "average_cpu_busy": 0.0,
            "user_cpu_time": 0.234652,
            "sys_cpu_time": 0.011732,
            "total_cpu_time": 0.246384,
            "max_rss": 19080,
            "exit_code": 0,
            "failed": false
        },
        {
            "index": 2,
            "input": 2000.0,
            "run_time": 903172.0,
            "start_time": 1679663733827689834,
            "stop_time": 1679663733828593006,
            "ram_samples": [],
            "cpu_samples": [
                0.0,
                0.0,
                0.0,
                0.0,
                0.0,
                0.0,
                0.0,
                0.0,
                0.0,
                0.0,
                0.0,
                0.0,
                0.0,
                0.0,
                0.0,
                0.0
            ],
            "average_cpu_busy": 0.0,
            "user_cpu_time": 0.24118699999999998,
            "sys_cpu_time": 0.003953,
            "total_cpu_time": 0.24514,
            "max_rss": 19084,
            "exit_code": 0,
            "failed": false
        },
        {
            "index": 3,
            "input": 2000.0,
            "run_time": 1034282.0,
            "start_time": 1679663733897458781,
            "stop_time": 1679663733898493063,
            "ram_samples": [],
            "cpu_samples": [
                0.0,
                0.0,
                0.0,
                0.0,
                0.0,
                0.0,
                0.0,
                0.0,
                0.0,
                0.0,
                0.0,
                0.0,
                0.0,
                0.0,
                0.0,
                0.0
            ],
            "average_cpu_busy": 0.0,
            "user_cpu_time": 0.245782,
            "sys_cpu_time": 0.0,
            "total_cpu_time": 0.245782,
            "max_rss": 19084,
            "exit_code": 0,
            "failed": false
        },
        {
            "index": 4,
            "input": 2000.0,
            "run_time": 953929.0,
            "start_time": 1679663733967313422,
            "stop_time": 1679663733968267351,
            "ram_samples": [],
            "cpu_samples": [
                0.0,
                0.0,
                0.0,
                0.0,
                0.0,
                0.0,
                0.0,
                0.0,
                0.0,
                0.0,
                0.0,
                0.0,
                0.0,
                0.0,
                0.0,
                0.0
            ],
            "average_cpu_busy": 0.0,
            "user_cpu_time": 0.24198599999999998,
            "sys_cpu_time": 0.004033,
            "total_cpu_time": 0.246019,
            "max_rss": 19088,
            "exit_code": 0,
            "failed": false
        },
        {
            "index": 5,
            "input": 2000.0,
            "run_time": 1120487.0,
            "start_time": 1679663734036603476,
            "stop_time": 1679663734037723963,
            "ram_samples": [],
            "cpu_samples": [
                0.0,
                0.0,
                0.0,
                0.0,
                0.0,
                0.0,
                0.0,
                0.0,
                0.0,
                0.0,
                0.0,
                0.0,
                0.0,
                0.0,
                0.0,
                0.0
            ],
            "average_cpu_busy": 0.0,
            "user_cpu_time": 0.24317,
            "sys_cpu_time": 0.003799,
            "total_cpu_time": 0.246969,
            "max_rss": 19084,
            "exit_code": 0,
            "failed": false
        }
    ]
}