{
    "bench": "spectralnorm-2.rust",
    "language": "rust",
    "input": 2000.0,
    "average_runtime": 969306.6666666666,
    "average_cpu_busy": 3.1497233333333337e-07,
    "average_ram_load": 0,
    "run_results": [
        {
            "index": 0,
            "input": 2000.0,
            "run_time": 1112061.0,
            "start_time": 1679663734696815543,
            "stop_time": 1679663734697927604,
            "ram_samples": [],
            "cpu_samples": [
                0.0,
                0.0,
                0.0,
                0.0,
                0.0,
                0.0,
                0.0,
                0.0,
                0.0,
                0.0,
                0.0,
                0.0,
                0.0,
                0.0,
                0.0,
                0.0
            ],
            "average_cpu_busy": 0.0,
            "user_cpu_time": 0.192667,
            "sys_cpu_time": 0.0,
            "total_cpu_time": 0.192667,
            "max_rss": 19108,
            "exit_code": 0,
            "failed": false
        },
        {
            "index": 1,
            "input": 2000.0,
            "run_time": 909384.0,
            "start_time": 1679663734751945484,
            "stop_time": 1679663734752854868,
            "ram_samples": [],
            "cpu_samples": [
                0.0,
                0.0,
                0.0,
                0.0,
                0.0,
                0.0,
                0.0,
                0.0,
                0.0,
                0.0,
                0.0,
                0.0,
                0.0,
                0.0,
                0.0,
                0.0
            ],
            "average_cpu_busy": 0.0,
            "user_cpu_time": 0.186893,
            "sys_cpu_time": 0.0038929999999999998,
            "total_cpu_time": 0.190786,
            "max_rss": 19440,
            "exit_code": 0,
            "failed": false
        },
        {
            "index": 2,
            "input": 2000.0,
            "run_time": 971051.0,
            "start_time": 1679663734805597037,
            "stop_time": 1679663734806568088,
            "ram_samples": [],
            "cpu_samples": [
                0.0,
                0.0,
                0.0,
                0.0,
                0.0,
                0.0,
                0.0,
                0.0,
                0.0,
                0.0,
                0.0,
                0.0,
                0.0,
                0.0,
                0.0,
                0.0
            ],
            "average_cpu_busy": 0.0,
            "user_cpu_time": 0.189882,
            "sys_cpu_time": 0.003955,
            "total_cpu_time": 0.19383699999999998,
            "max_rss": 19108,
            "exit_code": 0,
            "failed": false
        },
        {
            "index": 3,
            "input": 2000.0,
            "run_time": 928110.0,
            "start_time": 1679663734861705534,
            "stop_time": 1679663734862633644,
            "ram_samples": [],
            "cpu_samples": [
                0.0,
                0.0,
                0.0,
                0.0,
                0.0,
                0.0,
                100.0,
                0.0,
                0.0,
                0.0,
                0.0,
                0.0,
                0.0,
                0.0,
                0.0,
                0.0
            ],
            "average_cpu_busy": 9.2811e-07,
            "user_cpu_time": 0.186472,
            "sys_cpu_time": 0.004238,
            "total_cpu_time": 0.19071,
            "max_rss": 19448,
            "exit_code": 0,
            "failed": false
        },
        {
            "index": 4,
            "input": 2000.0,
            "run_time": 933510.0,
            "start_time": 1679663734915098293,
            "stop_time": 1679663734916031803,
            "ram_samples": [],
            "cpu_samples": [
                0.0,
                0.0,
                0.0,
                0.0,
                0.0,
                0.0,
                0.0,
                0.0,
                0.0,
                0.0,
                0.0,
                0.0,
                0.0,
                0.0,
                0.0,
                0.0
            ],
            "average_cpu_busy": 0.0,
            "user_cpu_time": 0.185131,
            "sys_cpu_time": 0.007404999999999999,
            "total_cpu_time": 0.19253599999999998,
            "max_rss": 19112,
            "exit_code": 0,
            "failed": false
        },
        {
            "index": 5,
            "input": 2000.0,
            "run_time": 961724.0,
            "start_time": 1679663734969719895,
            "stop_time": 1679663734970681619,
            "ram_samples": [],
            "cpu_samples": [
                100.0,
                0.0,
                0.0,
                0.0,
                0.0,
                0.0,
                0.0,
                0.0,
                0.0,
                0.0,
                0.0,
                0.0,
                0.0,
                0.0,
                0.0,
                0.0
            ],
            "average_cpu_busy": 9.61724e-07,
            "user_cpu_time": 0.19220399999999999,
            "sys_cpu_time": 0.0,
            "total_cpu_time": 0.19220399999999999,
            "max_rss": 19108,
            "exit_code": 0,
            "failed": false
        }
    ]
}