{
    "bench": "spectralnorm-3.java",
    "language": "java",
    "input": 2000.0,
    "average_run_time": 1162622.1666666667,
    "maximum_run_time": 1261516.0,
    "minimum_run_time": 1108038.0,
    "average_cpu_time": 0.14536233333333334,
    "minimum_cpu_time": 0.143552,
    "maximum_cpu_time": 0.14732699999999999,
    "average_cpu_busy": 0,
    "average_ram_load": 0,
    "run_results": [
        {
            "index": 0,
            "input": 2000.0,
            "run_time": 1261516.0,
            "start_time": 1679838403130312595,
            "stop_time": 1679838403131574111,
            "ram_samples": [],
            "cpu_samples": [
                0.0,
                0.0,
                0.0,
                0.0,
                0.0,
                0.0,
                0.0,
                0.0,
                0.0,
                0.0,
                0.0,
                0.0,
                0.0,
                0.0,
                0.0,
                0.0
            ],
            "average_cpu_busy": 0.0,
            "user_cpu_time": 0.11551,
            "sys_cpu_time": 0.029946999999999998,
            "total_cpu_time": 0.145457,
            "max_rss": 44492,
            "exit_code": 0,
            "failed": false
        },
        {
            "index": 1,
            "input": 2000.0,
            "run_time": 1116214.0,
            "start_time": 1679838403196174313,
            "stop_time": 1679838403197290527,
            "ram_samples": [],
            "cpu_samples": [
                0.0,
                0.0,
                0.0,
                0.0,
                0.0,
                0.0,
                0.0,
                0.0,
                0.0,
                0.0,
                0.0,
                0.0,
                0.0,
                0.0,
                0.0,
                0.0
            ],
            "average_cpu_busy": 0.0,
            "user_cpu_time": 0.095092,
            "sys_cpu_time": 0.051868,
            "total_cpu_time": 0.14695999999999998,
            "max_rss": 44892,
            "exit_code": 0,
            "failed": false
        },
        {
            "index": 2,
            "input": 2000.0,
            "run_time": 1108038.0,
            "start_time": 1679838403261456064,
            "stop_time": 1679838403262564102,
            "ram_samples": [],
            "cpu_samples": [
                0.0,
                0.0,
                0.0,
                0.0,
                0.0,
                0.0,
                0.0,
                0.0,
                0.0,
                0.0,
                0.0,
                0.0,
                0.0,
                0.0,
                0.0,
                0.0
            ],
            "average_cpu_busy": 0.0,
            "user_cpu_time": 0.088396,
            "sys_cpu_time": 0.058931,
            "total_cpu_time": 0.14732699999999999,
            "max_rss": 44700,
            "exit_code": 0,
            "failed": false
        },
        {
            "index": 3,
            "input": 2000.0,
            "run_time": 1126432.0,
            "start_time": 1679838403328638770,
            "stop_time": 1679838403329765202,
            "ram_samples": [],
            "cpu_samples": [
                0.0,
                0.0,
                0.0,
                0.0,
                0.0,
                0.0,
                0.0,
                0.0,
                0.0,
                0.0,
                0.0,
                0.0,
                0.0,
                0.0,
                0.0,
                0.0
            ],
            "average_cpu_busy": 0.0,
            "user_cpu_time": 0.078722,
            "sys_cpu_time": 0.06483,
            "total_cpu_time": 0.143552,
            "max_rss": 44384,
            "exit_code": 0,
            "failed": false
        },
        {
            "index": 4,
            "input": 2000.0,
            "run_time": 1153804.0,
            "start_time": 1679838403394618560,
            "stop_time": 1679838403395772364,
            "ram_samples": [],
            "cpu_samples": [
                0.0,
                0.0,
                0.0,
                0.0,
                0.0,
                0.0,
                0.0,
                0.0,
                0.0,
                0.0,
                0.0,
                0.0,
                0.0,
                0.0,
                0.0,
                0.0
            ],
            "average_cpu_busy": 0.0,
            "user_cpu_time": 0.07382799999999999,
            "sys_cpu_time": 0.07013599999999999,
            "total_cpu_time": 0.14396399999999998,
            "max_rss": 44328,
            "exit_code": 0,
            "failed": false
        },
        {
            "index": 5,
            "input": 2000.0,
            "run_time": 1209729.0,
            "start_time": 1679838403462233636,
            "stop_time": 1679838403463443365,
            "ram_samples": [],
            "cpu_samples": [
                0.0,
                0.0,
                0.0,
                0.0,
                0.0,
                0.0,
                100.0,
                0.0,
                0.0,
                0.0,
                0.0,
                0.0,
                0.0,
                0.0,
                0.0,
                0.0
            ],
            "average_cpu_busy": 1.209729e-06,
            "user_cpu_time": 0.09349299999999999,
            "sys_cpu_time": 0.051420999999999994,
            "total_cpu_time": 0.144914,
            "max_rss": 44612,
            "exit_code": 0,
            "failed": false
        }
    ]
}