{
    "bench": "spectralnorm-1.cpp",
    "language": "cpp",
    "input": 1000.0,
    "average_run_time": 1197395.6666666667,
    "maximum_run_time": 1661085.0,
    "minimum_run_time": 1058966.0,
    "average_cpu_time": 0.05185233333333333,
    "minimum_cpu_time": 0.050362,
    "maximum_cpu_time": 0.052868,
    "average_cpu_busy": 0,
    "average_ram_load": 0,
    "run_results": [
        {
            "index": 0,
            "input": 1000.0,
            "run_time": 1141230.0,
            "start_time": 1680009291158675208,
            "stop_time": 1680009291159816438,
            "ram_samples": [],
            "cpu_samples": [
                0.0,
                0.0,
                0.0,
                0.0,
                0.0,
                0.0,
                0.0,
                0.0,
                0.0,
                0.0,
                0.0,
                0.0,
                0.0,
                0.0,
                0.0,
                0.0
            ],
            "average_cpu_busy": 0.0,
            "user_cpu_time": 0.051793,
            "sys_cpu_time": 0.0,
            "total_cpu_time": 0.051793,
            "max_rss": 22172,
            "exit_code": 0,
            "failed": false
        },
        {
            "index": 1,
            "input": 1000.0,
            "run_time": 1156008.0,
            "start_time": 1680009291214485945,
            "stop_time": 1680009291215641953,
            "ram_samples": [],
            "cpu_samples": [
                0.0,
                0.0,
                0.0,
                0.0,
                0.0,
                0.0,
                0.0,
                0.0,
                0.0,
                0.0,
                0.0,
                0.0,
                0.0,
                0.0,
                0.0,
                0.0
            ],
            "average_cpu_busy": 0.0,
            "user_cpu_time": 0.052298,
            "sys_cpu_time": 0.0,
            "total_cpu_time": 0.052298,
            "max_rss": 22172,
            "exit_code": 0,
            "failed": false
        },
        {
            "index": 2,
            "input": 1000.0,
            "run_time": 1098741.0,
            "start_time": 1680009291270758578,
            "stop_time": 1680009291271857319,
            "ram_samples": [],
            "cpu_samples": [
                0.0,
                0.0,
                0.0,
                0.0,
                0.0,
                0.0,
                0.0,
                0.0,
                0.0,
                0.0,
                0.0,
                0.0,
                0.0,
                0.0,
                0.0,
                0.0
            ],
            "average_cpu_busy": 0.0,
            "user_cpu_time": 0.052202,
            "sys_cpu_time": 0.0,
            "total_cpu_time": 0.052202,
            "max_rss": 22172,
            "exit_code": 0,
            "failed": false
        },
        {
            "index": 3,
            "input": 1000.0,
            "run_time": 1068344.0,
            "start_time": 1680009291326955429,
            "stop_time": 1680009291328023773,
            "ram_samples": [],
            "cpu_samples": [
                0.0,
                0.0,
                0.0,
                0.0,
                0.0,
                0.0,
                0.0,
                0.0,
                0.0,
                0.0,
                0.0,
                0.0,
                0.0,
                0.0,
                0.0,
                0.0
            ],
            "average_cpu_busy": 0.0,
            "user_cpu_time": 0.050362,
            "sys_cpu_time": 0.0,
            "total_cpu_time": 0.050362,
            "max_rss": 22172,
            "exit_code": 0,
            "failed": false
        },
        {
            "index": 4,
            "input": 1000.0,
            "run_time": 1661085.0,
            "start_time": 1680009291381881307,
            "stop_time": 1680009291383542392,
            "ram_samples": [],
            "cpu_samples": [
                0.0,
                0.0,
                0.0,
                0.0,
                0.0,
                0.0,
                0.0,
                0.0,
                0.0,
                0.0,
                0.0,
                0.0,
                0.0,
                0.0,
                0.0,
                0.0
            ],
            "average_cpu_busy": 0.0,
            "user_cpu_time": 0.052868,
            "sys_cpu_time": 0.0,
            "total_cpu_time": 0.052868,
            "max_rss": 22172,
            "exit_code": 0,
            "failed": false
        },
        {
            "index": 5,
            "input": 1000.0,
            "run_time": 1058966.0,
            "start_time": 1680009291440484972,
            "stop_time": 1680009291441543938,
            "ram_samples": [],
            "cpu_samples": [
                0.0,
                0.0,
                0.0,
                0.0,
                0.0,
                0.0,
                0.0,
                0.0,
                0.0,
                0.0,
                0.0,
                0.0,
                0.0,
                0.0,
                0.0,
                0.0
            ],
            "average_cpu_busy": 0.0,
            "user_cpu_time": 0.051591,
            "sys_cpu_time": 0.0,
            "total_cpu_time": 0.051591,
            "max_rss": 22172,
            "exit_code": 0,
            "failed": false
        }
    ]
}