{
    "bench": "spectralnorm-3.rust",
    "language": "rust",
    "input": 2000.0,
    "average_runtime": 1122119.6666666667,
    "average_cpu_busy": 3.84134e-07,
    "average_ram_load": 0,
    "run_results": [
        {
            "index": 0,
            "input": 2000.0,
            "run_time": 1118798.0,
            "start_time": 1679756591438595573,
            "stop_time": 1679756591439714371,
            "ram_samples": [],
            "cpu_samples": [
                0.0,
                0.0,
                0.0,
                0.0,
                0.0,
                0.0,
                0.0,
                0.0,
                0.0,
                0.0,
                0.0,
                0.0,
                0.0,
                0.0,
                0.0,
                0.0
            ],
            "average_cpu_busy": 0.0,
            "user_cpu_time": 0.24160299999999998,
            "sys_cpu_time": 0.008628,
            "total_cpu_time": 0.250231,
            "max_rss": 19560,
            "exit_code": 0,
            "failed": false
        },
        {
            "index": 1,
            "input": 2000.0,
            "run_time": 1152402.0,
            "start_time": 1679756591510016077,
            "stop_time": 1679756591511168479,
            "ram_samples": [],
            "cpu_samples": [
                0.0,
                100.0,
                0.0,
                0.0,
                0.0,
                0.0,
                0.0,
                0.0,
                100.0,
                0.0,
                0.0,
                0.0,
                0.0,
                0.0,
                0.0,
                0.0
            ],
            "average_cpu_busy": 2.304804e-06,
            "user_cpu_time": 0.242472,
            "sys_cpu_time": 0.008081999999999999,
            "total_cpu_time": 0.250554,
            "max_rss": 19564,
            "exit_code": 0,
            "failed": false
        },
        {
            "index": 2,
            "input": 2000.0,
            "run_time": 1050901.0,
            "start_time": 1679756591580625671,
            "stop_time": 1679756591581676572,
            "ram_samples": [],
            "cpu_samples": [
                0.0,
                0.0,
                0.0,
                0.0,
                0.0,
                0.0,
                0.0,
                0.0,
                0.0,
                0.0,
                0.0,
                0.0,
                0.0,
                0.0,
                0.0,
                0.0
            ],
            "average_cpu_busy": 0.0,
            "user_cpu_time": 0.238394,
            "sys_cpu_time": 0.011918999999999999,
            "total_cpu_time": 0.250313,
            "max_rss": 19564,
            "exit_code": 0,
            "failed": false
        },
        {
            "index": 3,
            "input": 2000.0,
            "run_time": 1136962.0,
            "start_time": 1679756591651609506,
            "stop_time": 1679756591652746468,
            "ram_samples": [],
            "cpu_samples": [
                0.0,
                0.0,
                0.0,
                0.0,
                0.0,
                0.0,
                0.0,
                0.0,
                0.0,
                0.0,
                0.0,
                0.0,
                0.0,
                0.0,
                0.0,
                0.0
            ],
            "average_cpu_busy": 0.0,
            "user_cpu_time": 0.23968499999999998,
            "sys_cpu_time": 0.011061999999999999,
            "total_cpu_time": 0.250747,
            "max_rss": 19564,
            "exit_code": 0,
            "failed": false
        },
        {
            "index": 4,
            "input": 2000.0,
            "run_time": 1123157.0,
            "start_time": 1679756591722618899,
            "stop_time": 1679756591723742056,
            "ram_samples": [],
            "cpu_samples": [
                0.0,
                0.0,
                0.0,
                0.0,
                0.0,
                0.0,
                0.0,
                0.0,
                0.0,
                0.0,
                0.0,
                0.0,
                0.0,
                0.0,
                0.0,
                0.0
            ],
            "average_cpu_busy": 0.0,
            "user_cpu_time": 0.23830099999999999,
            "sys_cpu_time": 0.012117,
            "total_cpu_time": 0.250418,
            "max_rss": 19564,
            "exit_code": 0,
            "failed": false
        },
        {
            "index": 5,
            "input": 2000.0,
            "run_time": 1150498.0,
            "start_time": 1679756591793969612,
            "stop_time": 1679756591795120110,
            "ram_samples": [],
            "cpu_samples": [
                0.0,
                0.0,
                0.0,
                0.0,
                0.0,
                0.0,
                0.0,
                0.0,
                0.0,
                0.0,
                0.0,
                0.0,
                0.0,
                0.0,
                0.0,
                0.0
            ],
            "average_cpu_busy": 0.0,
            "user_cpu_time": 0.24599,
            "sys_cpu_time": 0.008945,
            "total_cpu_time": 0.25493499999999997,
            "max_rss": 19564,
            "exit_code": 0,
            "failed": false
        }
    ]
}