{
    "bench": "spectralnorm-2.rust",
    "language": "rust",
    "input": 1000.0,
    "average_runtime": 969707.8333333334,
    "average_cpu_busy": 1.5268616666666667e-07,
    "average_ram_load": 0,
    "run_results": [
        {
            "index": 0,
            "input": 1000.0,
            "run_time": 1326891.0,
            "start_time": 1679663734586247062,
            "stop_time": 1679663734587573953,
            "ram_samples": [],
            "cpu_samples": [
                0.0,
                0.0,
                0.0,
                0.0,
                0.0,
                0.0,
                0.0,
                0.0,
                0.0,
                0.0,
                0.0,
                0.0,
                0.0,
                0.0,
                0.0,
                0.0
            ],
            "average_cpu_busy": 0.0,
            "user_cpu_time": 0.038356999999999995,
            "sys_cpu_time": 0.014383,
            "total_cpu_time": 0.052739999999999995,
            "max_rss": 19092,
            "exit_code": 0,
            "failed": false
        },
        {
            "index": 1,
            "input": 1000.0,
            "run_time": 848989.0,
            "start_time": 1679663734605614455,
            "stop_time": 1679663734606463444,
            "ram_samples": [],
            "cpu_samples": [
                0.0,
                0.0,
                0.0,
                0.0,
                0.0,
                0.0,
                0.0,
                0.0,
                0.0,
                0.0,
                0.0,
                0.0,
                0.0,
                0.0,
                0.0,
                0.0
            ],
            "average_cpu_busy": 0.0,
            "user_cpu_time": 0.047052,
            "sys_cpu_time": 0.003921,
            "total_cpu_time": 0.050973,
            "max_rss": 19096,
            "exit_code": 0,
            "failed": false
        },
        {
            "index": 2,
            "input": 1000.0,
            "run_time": 842437.0,
            "start_time": 1679663734623241159,
            "stop_time": 1679663734624083596,
            "ram_samples": [],
            "cpu_samples": [
                0.0,
                0.0,
                0.0,
                0.0,
                0.0,
                0.0,
                0.0,
                0.0,
                0.0,
                0.0,
                0.0,
                0.0,
                0.0,
                0.0,
                0.0,
                0.0
            ],
            "average_cpu_busy": 0.0,
            "user_cpu_time": 0.047313999999999995,
            "sys_cpu_time": 0.003942,
            "total_cpu_time": 0.051255999999999996,
            "max_rss": 19096,
            "exit_code": 0,
            "failed": false
        },
        {
            "index": 3,
            "input": 1000.0,
            "run_time": 994858.0,
            "start_time": 1679663734641045090,
            "stop_time": 1679663734642039948,
            "ram_samples": [],
            "cpu_samples": [
                0.0,
                0.0,
                0.0,
                0.0,
                0.0,
                0.0,
                0.0,
                0.0,
                0.0,
                0.0,
                0.0,
                0.0,
                0.0,
                0.0,
                0.0,
                0.0
            ],
            "average_cpu_busy": 0.0,
            "user_cpu_time": 0.043258,
            "sys_cpu_time": 0.007865,
            "total_cpu_time": 0.051123,
            "max_rss": 19100,
            "exit_code": 0,
            "failed": false
        },
        {
            "index": 4,
            "input": 1000.0,
            "run_time": 888955.0,
            "start_time": 1679663734659331613,
            "stop_time": 1679663734660220568,
            "ram_samples": [],
            "cpu_samples": [
                0.0,
                0.0,
                0.0,
                0.0,
                0.0,
                0.0,
                0.0,
                0.0,
                0.0,
                0.0,
                0.0,
                0.0,
                0.0,
                0.0,
                0.0,
                0.0
            ],
            "average_cpu_busy": 0.0,
            "user_cpu_time": 0.052013,
            "sys_cpu_time": 0.0,
            "total_cpu_time": 0.052013,
            "max_rss": 19100,
            "exit_code": 0,
            "failed": false
        },
        {
            "index": 5,
            "input": 1000.0,
            "run_time": 916117.0,
            "start_time": 1679663734677786896,
            "stop_time": 1679663734678703013,
            "ram_samples": [],
            "cpu_samples": [
                0.0,
                0.0,
                0.0,
                0.0,
                100.0,
                0.0,
                0.0,
                0.0,
                0.0,
                0.0,
                0.0,
                0.0,
                0.0,
                0.0,
                0.0,
                0.0
            ],
            "average_cpu_busy": 9.161169999999999e-07,
            "user_cpu_time": 0.042603999999999996,
            "sys_cpu_time": 0.009467,
            "total_cpu_time": 0.05207099999999999,
            "max_rss": 19100,
            "exit_code": 0,
            "failed": false
        }
    ]
}