{
    "bench": "spectralnorm-1.cpp",
    "language": "cpp",
    "input": 5000.0,
    "average_run_time": 1064400.0,
    "maximum_run_time": 1375340.0,
    "minimum_run_time": 949311.0,
    "average_cpu_time": 1.2502658333333334,
    "minimum_cpu_time": 1.2344629999999999,
    "maximum_cpu_time": 1.2649679999999999,
    "average_cpu_busy": 0,
    "average_ram_load": 0,
    "run_results": [
        {
            "index": 0,
            "input": 5000.0,
            "run_time": 1375340.0,
            "start_time": 1680009300305709606,
            "stop_time": 1680009300307084946,
            "ram_samples": [],
            "cpu_samples": [
                0.0,
                0.0,
                0.0,
                0.0,
                0.0,
                0.0,
                0.0,
                0.0,
                0.0,
                0.0,
                0.0,
                0.0,
                0.0,
                0.0,
                0.0,
                0.0
            ],
            "average_cpu_busy": 0.0,
            "user_cpu_time": 1.260978,
            "sys_cpu_time": 0.00399,
            "total_cpu_time": 1.2649679999999999,
            "max_rss": 22236,
            "exit_code": 0,
            "failed": false
        },
        {
            "index": 1,
            "input": 5000.0,
            "run_time": 985389.0,
            "start_time": 1680009301576588891,
            "stop_time": 1680009301577574280,
            "ram_samples": [],
            "cpu_samples": [
                0.0,
                0.0,
                0.0,
                0.0,
                0.0,
                0.0,
                0.0,
                0.0,
                0.0,
                0.0,
                0.0,
                0.0,
                0.0,
                0.0,
                0.0,
                0.0
            ],
            "average_cpu_busy": 0.0,
            "user_cpu_time": 1.2344629999999999,
            "sys_cpu_time": 0.0,
            "total_cpu_time": 1.2344629999999999,
            "max_rss": 22236,
            "exit_code": 0,
            "failed": false
        },
        {
            "index": 2,
            "input": 5000.0,
            "run_time": 949311.0,
            "start_time": 1680009302815702177,
            "stop_time": 1680009302816651488,
            "ram_samples": [],
            "cpu_samples": [
                0.0,
                0.0,
                0.0,
                0.0,
                0.0,
                0.0,
                0.0,
                0.0,
                0.0,
                0.0,
                0.0,
                0.0,
                0.0,
                0.0,
                0.0,
                0.0
            ],
            "average_cpu_busy": 0.0,
            "user_cpu_time": 1.2642069999999999,
            "sys_cpu_time": 0.0,
            "total_cpu_time": 1.2642069999999999,
            "max_rss": 22244,
            "exit_code": 0,
            "failed": false
        },
        {
            "index": 3,
            "input": 5000.0,
            "run_time": 1068063.0,
            "start_time": 1680009304091080811,
            "stop_time": 1680009304092148874,
            "ram_samples": [],
            "cpu_samples": [
                0.0,
                0.0,
                0.0,
                0.0,
                0.0,
                0.0,
                0.0,
                0.0,
                0.0,
                0.0,
                0.0,
                0.0,
                0.0,
                0.0,
                0.0,
                0.0
            ],
            "average_cpu_busy": 0.0,
            "user_cpu_time": 1.235582,
            "sys_cpu_time": 0.0,
            "total_cpu_time": 1.235582,
            "max_rss": 22244,
            "exit_code": 0,
            "failed": false
        },
        {
            "index": 4,
            "input": 5000.0,
            "run_time": 1009333.0,
            "start_time": 1680009305332096255,
            "stop_time": 1680009305333105588,
            "ram_samples": [],
            "cpu_samples": [
                0.0,
                0.0,
                0.0,
                0.0,
                0.0,
                0.0,
                0.0,
                0.0,
                0.0,
                0.0,
                0.0,
                0.0,
                0.0,
                0.0,
                0.0,
                0.0
            ],
            "average_cpu_busy": 0.0,
            "user_cpu_time": 1.249076,
            "sys_cpu_time": 0.0,
            "total_cpu_time": 1.249076,
            "max_rss": 22248,
            "exit_code": 0,
            "failed": false
        },
        {
            "index": 5,
            "input": 5000.0,
            "run_time": 998964.0,
            "start_time": 1680009306585974954,
            "stop_time": 1680009306586973918,
            "ram_samples": [],
            "cpu_samples": [
                0.0,
                0.0,
                0.0,
                0.0,
                0.0,
                0.0,
                0.0,
                0.0,
                0.0,
                0.0,
                0.0,
                0.0,
                0.0,
                0.0,
                0.0,
                0.0
            ],
            "average_cpu_busy": 0.0,
            "user_cpu_time": 1.249308,
            "sys_cpu_time": 0.003991,
            "total_cpu_time": 1.2532990000000002,
            "max_rss": 22248,
            "exit_code": 0,
            "failed": false
        }
    ]
}