{
    "bench": "spectralnorm-1.c",
    "language": "c",
    "input": 2000.0,
    "average_runtime": 1027854.8333333334,
    "average_cpu_busy": 0.0,
    "average_ram_load": 0,
    "run_results": [
        {
            "index": 0,
            "input": 2000.0,
            "run_time": 918341.0,
            "start_time": 1679663728347108200,
            "stop_time": 1679663728348026541,
            "ram_samples": [],
            "cpu_samples": [
                0.0,
                0.0,
                0.0,
                0.0,
                0.0,
                0.0,
                0.0,
                0.0,
                0.0,
                0.0,
                0.0,
                0.0,
                0.0,
                0.0,
                0.0,
                0.0
            ],
            "average_cpu_busy": 0.0,
            "user_cpu_time": 0.195631,
            "sys_cpu_time": 0.0,
            "total_cpu_time": 0.195631,
            "max_rss": 18944,
            "exit_code": 0,
            "failed": false
        },
        {
            "index": 1,
            "input": 2000.0,
            "run_time": 985740.0,
            "start_time": 1679663728547768493,
            "stop_time": 1679663728548754233,
            "ram_samples": [],
            "cpu_samples": [
                0.0,
                0.0,
                0.0,
                0.0,
                0.0,
                0.0,
                0.0,
                0.0,
                0.0,
                0.0,
                0.0,
                0.0,
                0.0,
                0.0,
                0.0,
                0.0
            ],
            "average_cpu_busy": 0.0,
            "user_cpu_time": 0.199339,
            "sys_cpu_time": 0.0,
            "total_cpu_time": 0.199339,
            "max_rss": 18944,
            "exit_code": 0,
            "failed": false
        },
        {
            "index": 2,
            "input": 2000.0,
            "run_time": 891129.0,
            "start_time": 1679663728751346141,
            "stop_time": 1679663728752237270,
            "ram_samples": [],
            "cpu_samples": [
                0.0,
                0.0,
                0.0,
                0.0,
                0.0,
                0.0,
                0.0,
                0.0,
                0.0,
                0.0,
                0.0,
                0.0,
                0.0,
                0.0,
                0.0,
                0.0
            ],
            "average_cpu_busy": 0.0,
            "user_cpu_time": 0.200213,
            "sys_cpu_time": 0.0,
            "total_cpu_time": 0.200213,
            "max_rss": 18944,
            "exit_code": 0,
            "failed": false
        },
        {
            "index": 3,
            "input": 2000.0,
            "run_time": 1011268.0,
            "start_time": 1679663728956370396,
            "stop_time": 1679663728957381664,
            "ram_samples": [],
            "cpu_samples": [
                0.0,
                0.0,
                0.0,
                0.0,
                0.0,
                0.0,
                0.0,
                0.0,
                0.0,
                0.0,
                0.0,
                0.0,
                0.0,
                0.0,
                0.0,
                0.0
            ],
            "average_cpu_busy": 0.0,
            "user_cpu_time": 0.195896,
            "sys_cpu_time": 0.003997,
            "total_cpu_time": 0.199893,
            "max_rss": 18948,
            "exit_code": 0,
            "failed": false
        },
        {
            "index": 4,
            "input": 2000.0,
            "run_time": 1357448.0,
            "start_time": 1679663729162696495,
            "stop_time": 1679663729164053943,
            "ram_samples": [],
            "cpu_samples": [
                0.0,
                0.0,
                0.0,
                0.0,
                0.0,
                0.0,
                0.0,
                0.0,
                0.0,
                0.0,
                0.0,
                0.0,
                0.0,
                0.0,
                0.0,
                0.0
            ],
            "average_cpu_busy": 0.0,
            "user_cpu_time": 0.20052499999999998,
            "sys_cpu_time": 0.0,
            "total_cpu_time": 0.20052499999999998,
            "max_rss": 18948,
            "exit_code": 0,
            "failed": false
        },
        {
            "index": 5,
            "input": 2000.0,
            "run_time": 1003203.0,
            "start_time": 1679663729367780665,
            "stop_time": 1679663729368783868,
            "ram_samples": [],
            "cpu_samples": [
                0.0,
                0.0,
                0.0,
                0.0,
                0.0,
                0.0,
                0.0,
                0.0,
                0.0,
                0.0,
                0.0,
                0.0,
                0.0,
                0.0,
                0.0,
                0.0
            ],
            "average_cpu_busy": 0.0,
            "user_cpu_time": 0.199293,
            "sys_cpu_time": 0.0,
            "total_cpu_time": 0.199293,
            "max_rss": 18952,
            "exit_code": 0,
            "failed": false
        }
    ]
}