{
    "bench": "spectralnorm-1.rust",
    "language": "rust",
    "input": 2000.0,
    "average_run_time": 928511.6666666666,
    "maximum_run_time": 957075.0,
    "minimum_run_time": 857769.0,
    "average_cpu_time": 0.19751349999999998,
    "minimum_cpu_time": 0.19594599999999998,
    "maximum_cpu_time": 0.19876699999999997,
    "average_cpu_busy": 0,
    "average_ram_load": 0,
    "run_results": [
        {
            "index": 0,
            "input": 2000.0,
            "run_time": 936016.0,
            "start_time": 1679838404141728698,
            "stop_time": 1679838404142664714,
            "ram_samples": [],
            "cpu_samples": [
                0.0,
                0.0,
                0.0,
                0.0,
                0.0,
                0.0,
                0.0,
                0.0,
                0.0,
                0.0,
                0.0,
                0.0,
                0.0,
                0.0,
                0.0,
                0.0
            ],
            "average_cpu_busy": 0.0,
            "user_cpu_time": 0.193649,
            "sys_cpu_time": 0.003724,
            "total_cpu_time": 0.197373,
            "max_rss": 19692,
            "exit_code": 0,
            "failed": false
        },
        {
            "index": 1,
            "input": 2000.0,
            "run_time": 957075.0,
            "start_time": 1679838404198119273,
            "stop_time": 1679838404199076348,
            "ram_samples": [],
            "cpu_samples": [
                0.0,
                0.0,
                0.0,
                0.0,
                0.0,
                0.0,
                0.0,
                0.0,
                0.0,
                0.0,
                0.0,
                0.0,
                0.0,
                0.0,
                0.0,
                0.0
            ],
            "average_cpu_busy": 0.0,
            "user_cpu_time": 0.19594599999999998,
            "sys_cpu_time": 0.0,
            "total_cpu_time": 0.19594599999999998,
            "max_rss": 19692,
            "exit_code": 0,
            "failed": false
        },
        {
            "index": 2,
            "input": 2000.0,
            "run_time": 943680.0,
            "start_time": 1679838404253778315,
            "stop_time": 1679838404254721995,
            "ram_samples": [],
            "cpu_samples": [
                0.0,
                0.0,
                0.0,
                0.0,
                0.0,
                0.0,
                0.0,
                0.0,
                0.0,
                0.0,
                0.0,
                0.0,
                0.0,
                0.0,
                0.0,
                0.0
            ],
            "average_cpu_busy": 0.0,
            "user_cpu_time": 0.19416799999999998,
            "sys_cpu_time": 0.003962,
            "total_cpu_time": 0.19812999999999997,
            "max_rss": 19692,
            "exit_code": 0,
            "failed": false
        },
        {
            "index": 3,
            "input": 2000.0,
            "run_time": 920236.0,
            "start_time": 1679838404310136048,
            "stop_time": 1679838404311056284,
            "ram_samples": [],
            "cpu_samples": [
                0.0,
                0.0,
                0.0,
                0.0,
                0.0,
                0.0,
                0.0,
                0.0,
                0.0,
                100.0,
                0.0,
                0.0,
                0.0,
                0.0,
                0.0,
                0.0
            ],
            "average_cpu_busy": 9.202359999999999e-07,
            "user_cpu_time": 0.18684099999999998,
            "sys_cpu_time": 0.011925999999999999,
            "total_cpu_time": 0.19876699999999997,
            "max_rss": 19692,
            "exit_code": 0,
            "failed": false
        },
        {
            "index": 4,
            "input": 2000.0,
            "run_time": 956294.0,
            "start_time": 1679838404366762555,
            "stop_time": 1679838404367718849,
            "ram_samples": [],
            "cpu_samples": [
                0.0,
                0.0,
                0.0,
                0.0,
                0.0,
                0.0,
                0.0,
                0.0,
                0.0,
                0.0,
                0.0,
                0.0,
                0.0,
                0.0,
                0.0,
                0.0
            ],
            "average_cpu_busy": 0.0,
            "user_cpu_time": 0.187888,
            "sys_cpu_time": 0.00835,
            "total_cpu_time": 0.196238,
            "max_rss": 19696,
            "exit_code": 0,
            "failed": false
        },
        {
            "index": 5,
            "input": 2000.0,
            "run_time": 857769.0,
            "start_time": 1679838404421756761,
            "stop_time": 1679838404422614530,
            "ram_samples": [],
            "cpu_samples": [
                0.0,
                0.0,
                0.0,
                0.0,
                0.0,
                0.0,
                0.0,
                0.0,
                0.0,
                0.0,
                0.0,
                0.0,
                0.0,
                0.0,
                0.0,
                0.0
            ],
            "average_cpu_busy": 0.0,
            "user_cpu_time": 0.198627,
            "sys_cpu_time": 0.0,
            "total_cpu_time": 0.198627,
            "max_rss": 19696,
            "exit_code": 0,
            "failed": false
        }
    ]
}