{
    "bench": "spectralnorm-3.ada",
    "language": "ada",
    "input": 2000.0,
    "average_runtime": 929403.3333333334,
    "average_cpu_busy": 1.662435e-07,
    "average_ram_load": 0,
    "run_results": [
        {
            "index": 0,
            "input": 2000.0,
            "run_time": 902403.0,
            "start_time": 1679756589016311215,
            "stop_time": 1679756589017213618,
            "ram_samples": [],
            "cpu_samples": [
                0.0,
                0.0,
                0.0,
                0.0,
                0.0,
                0.0,
                0.0,
                0.0,
                0.0,
                0.0,
                0.0,
                0.0,
                0.0,
                0.0,
                0.0,
                0.0
            ],
            "average_cpu_busy": 0.0,
            "user_cpu_time": 0.20840799999999998,
            "sys_cpu_time": 0.0,
            "total_cpu_time": 0.20840799999999998,
            "max_rss": 19480,
            "exit_code": 0,
            "failed": false
        },
        {
            "index": 1,
            "input": 2000.0,
            "run_time": 916399.0,
            "start_time": 1679756589085074335,
            "stop_time": 1679756589085990734,
            "ram_samples": [],
            "cpu_samples": [
                0.0,
                0.0,
                0.0,
                0.0,
                0.0,
                0.0,
                0.0,
                0.0,
                0.0,
                0.0,
                0.0,
                0.0,
                0.0,
                0.0,
                0.0,
                0.0
            ],
            "average_cpu_busy": 0.0,
            "user_cpu_time": 0.223443,
            "sys_cpu_time": 0.0,
            "total_cpu_time": 0.223443,
            "max_rss": 19480,
            "exit_code": 0,
            "failed": false
        },
        {
            "index": 2,
            "input": 2000.0,
            "run_time": 997461.0,
            "start_time": 1679756589162225678,
            "stop_time": 1679756589163223139,
            "ram_samples": [],
            "cpu_samples": [
                0.0,
                0.0,
                100.0,
                0.0,
                0.0,
                0.0,
                0.0,
                0.0,
                0.0,
                0.0,
                0.0,
                0.0,
                0.0,
                0.0,
                0.0,
                0.0
            ],
            "average_cpu_busy": 9.97461e-07,
            "user_cpu_time": 0.199424,
            "sys_cpu_time": 0.008139,
            "total_cpu_time": 0.207563,
            "max_rss": 19480,
            "exit_code": 0,
            "failed": false
        },
        {
            "index": 3,
            "input": 2000.0,
            "run_time": 932088.0,
            "start_time": 1679756589231309420,
            "stop_time": 1679756589232241508,
            "ram_samples": [],
            "cpu_samples": [
                0.0,
                0.0,
                0.0,
                0.0,
                0.0,
                0.0,
                0.0,
                0.0,
                0.0,
                0.0,
                0.0,
                0.0,
                0.0,
                0.0,
                0.0,
                0.0
            ],
            "average_cpu_busy": 0.0,
            "user_cpu_time": 0.208525,
            "sys_cpu_time": 0.0,
            "total_cpu_time": 0.208525,
            "max_rss": 19484,
            "exit_code": 0,
            "failed": false
        },
        {
            "index": 4,
            "input": 2000.0,
            "run_time": 905028.0,
            "start_time": 1679756589301363651,
            "stop_time": 1679756589302268679,
            "ram_samples": [],
            "cpu_samples": [
                0.0,
                0.0,
                0.0,
                0.0,
                0.0,
                0.0,
                0.0,
                0.0,
                0.0,
                0.0,
                0.0,
                0.0,
                0.0,
                0.0,
                0.0,
                0.0
            ],
            "average_cpu_busy": 0.0,
            "user_cpu_time": 0.237056,
            "sys_cpu_time": 0.0,
            "total_cpu_time": 0.237056,
            "max_rss": 19484,
            "exit_code": 0,
            "failed": false
        },
        {
            "index": 5,
            "input": 2000.0,
            "run_time": 923041.0,
            "start_time": 1679756589383350644,
            "stop_time": 1679756589384273685,
            "ram_samples": [],
            "cpu_samples": [
                0.0,
                0.0,
                0.0,
                0.0,
                0.0,
                0.0,
                0.0,
                0.0,
                0.0,
                0.0,
                0.0,
                0.0,
                0.0,
                0.0,
                0.0,
                0.0
            ],
            "average_cpu_busy": 0.0,
            "user_cpu_time": 0.211732,
            "sys_cpu_time": 0.004504,
            "total_cpu_time": 0.216236,
            "max_rss": 19484,
            "exit_code": 0,
            "failed": false
        }
    ]
}