{
    "bench": "spectralnorm-4.rust",
    "language": "rust",
    "input": 1000.0,
    "average_runtime": 905657.0,
    "average_cpu_busy": 1.53618e-07,
    "average_ram_load": 0,
    "run_results": [
        {
            "index": 0,
            "input": 1000.0,
            "run_time": 899405.0,
            "start_time": 1679663725939526345,
            "stop_time": 1679663725940425750,
            "ram_samples": [],
            "cpu_samples": [
                0.0,
                0.0,
                0.0,
                0.0,
                0.0,
                0.0,
                0.0,
                0.0,
                0.0,
                0.0,
                0.0,
                0.0,
                0.0,
                0.0,
                0.0,
                0.0
            ],
            "average_cpu_busy": 0.0,
            "user_cpu_time": 0.095914,
            "sys_cpu_time": 0.0,
            "total_cpu_time": 0.095914,
            "max_rss": 18864,
            "exit_code": 0,
            "failed": false
        },
        {
            "index": 1,
            "input": 1000.0,
            "run_time": 930955.0,
            "start_time": 1679663725951954766,
            "stop_time": 1679663725952885721,
            "ram_samples": [],
            "cpu_samples": [
                0.0,
                0.0,
                0.0,
                0.0,
                0.0,
                0.0,
                0.0,
                0.0,
                0.0,
                0.0,
                0.0,
                0.0,
                0.0,
                0.0,
                0.0,
                0.0
            ],
            "average_cpu_busy": 0.0,
            "user_cpu_time": 0.08728999999999999,
            "sys_cpu_time": 0.0,
            "total_cpu_time": 0.08728999999999999,
            "max_rss": 18864,
            "exit_code": 0,
            "failed": false
        },
        {
            "index": 2,
            "input": 1000.0,
            "run_time": 941275.0,
            "start_time": 1679663725962567142,
            "stop_time": 1679663725963508417,
            "ram_samples": [],
            "cpu_samples": [
                0.0,
                0.0,
                0.0,
                0.0,
                0.0,
                0.0,
                0.0,
                0.0,
                0.0,
                0.0,
                0.0,
                0.0,
                0.0,
                0.0,
                0.0,
                0.0
            ],
            "average_cpu_busy": 0.0,
            "user_cpu_time": 0.06931,
            "sys_cpu_time": 0.014591,
            "total_cpu_time": 0.083901,
            "max_rss": 18864,
            "exit_code": 0,
            "failed": false
        },
        {
            "index": 3,
            "input": 1000.0,
            "run_time": 903272.0,
            "start_time": 1679663725974700431,
            "stop_time": 1679663725975603703,
            "ram_samples": [],
            "cpu_samples": [
                0.0,
                0.0,
                0.0,
                0.0,
                0.0,
                0.0,
                0.0,
                0.0,
                0.0,
                0.0,
                0.0,
                0.0,
                0.0,
                0.0,
                0.0,
                0.0
            ],
            "average_cpu_busy": 0.0,
            "user_cpu_time": 0.089756,
            "sys_cpu_time": 0.0,
            "total_cpu_time": 0.089756,
            "max_rss": 18864,
            "exit_code": 0,
            "failed": false
        },
        {
            "index": 4,
            "input": 1000.0,
            "run_time": 921708.0,
            "start_time": 1679663725985506598,
            "stop_time": 1679663725986428306,
            "ram_samples": [],
            "cpu_samples": [
                0.0,
                0.0,
                0.0,
                0.0,
                100.0,
                0.0,
                0.0,
                0.0,
                0.0,
                0.0,
                0.0,
                0.0,
                0.0,
                0.0,
                0.0,
                0.0
            ],
            "average_cpu_busy": 9.217079999999999e-07,
            "user_cpu_time": 0.07269099999999999,
            "sys_cpu_time": 0.011183,
            "total_cpu_time": 0.08387399999999999,
            "max_rss": 18860,
            "exit_code": 0,
            "failed": false
        },
        {
            "index": 5,
            "input": 1000.0,
            "run_time": 837327.0,
            "start_time": 1679663725995682653,
            "stop_time": 1679663725996519980,
            "ram_samples": [],
            "cpu_samples": [
                0.0,
                0.0,
                0.0,
                0.0,
                0.0,
                0.0,
                0.0,
                0.0,
                0.0,
                0.0,
                0.0,
                0.0,
                0.0,
                0.0,
                0.0,
                0.0
            ],
            "average_cpu_busy": 0.0,
            "user_cpu_time": 0.088817,
            "sys_cpu_time": 0.0,
            "total_cpu_time": 0.088817,
            "max_rss": 18860,
            "exit_code": 0,
            "failed": false
        }
    ]
}