{
    "bench": "spectralnorm-5.cpp",
    "language": "cpp",
    "input": 1000.0,
    "average_runtime": 911384.1666666666,
    "average_cpu_busy": 0.0,
    "average_ram_load": 0,
    "run_results": [
        {
            "index": 0,
            "input": 1000.0,
            "run_time": 950262.0,
            "start_time": 1679835452809264403,
            "stop_time": 1679835452810214665,
            "ram_samples": [],
            "cpu_samples": [
                0.0,
                0.0,
                0.0,
                0.0,
                0.0,
                0.0,
                0.0,
                0.0,
                0.0,
                0.0,
                0.0,
                0.0,
                0.0,
                0.0,
                0.0,
                0.0
            ],
            "average_cpu_busy": 0.0,
            "user_cpu_time": 0.223732,
            "sys_cpu_time": 0.0,
            "total_cpu_time": 0.223732,
            "max_rss": 19216,
            "exit_code": 0,
            "failed": false
        },
        {
            "index": 1,
            "input": 1000.0,
            "run_time": 959930.0,
            "start_time": 1679835452828441581,
            "stop_time": 1679835452829401511,
            "ram_samples": [],
            "cpu_samples": [
                0.0,
                0.0,
                0.0,
                0.0,
                0.0,
                0.0,
                0.0,
                0.0,
                0.0,
                0.0,
                0.0,
                0.0,
                0.0,
                0.0,
                0.0,
                0.0
            ],
            "average_cpu_busy": 0.0,
            "user_cpu_time": 0.531164,
            "sys_cpu_time": 0.0,
            "total_cpu_time": 0.531164,
            "max_rss": 19216,
            "exit_code": 0,
            "failed": false
        },
        {
            "index": 2,
            "input": 1000.0,
            "run_time": 885691.0,
            "start_time": 1679835452869121309,
            "stop_time": 1679835452870007000,
            "ram_samples": [],
            "cpu_samples": [
                0.0,
                0.0,
                0.0,
                0.0,
                0.0,
                0.0,
                0.0,
                0.0,
                0.0,
                0.0,
                0.0,
                0.0,
                0.0,
                0.0,
                0.0,
                0.0
            ],
            "average_cpu_busy": 0.0,
            "user_cpu_time": 0.22808399999999998,
            "sys_cpu_time": 0.004654,
            "total_cpu_time": 0.23273799999999997,
            "max_rss": 19216,
            "exit_code": 0,
            "failed": false
        },
        {
            "index": 3,
            "input": 1000.0,
            "run_time": 853491.0,
            "start_time": 1679835452888546522,
            "stop_time": 1679835452889400013,
            "ram_samples": [],
            "cpu_samples": [
                0.0,
                0.0,
                0.0,
                0.0,
                0.0,
                0.0,
                0.0,
                0.0,
                0.0,
                0.0,
                0.0,
                0.0,
                0.0,
                0.0,
                0.0,
                0.0
            ],
            "average_cpu_busy": 0.0,
            "user_cpu_time": 0.254061,
            "sys_cpu_time": 0.0,
            "total_cpu_time": 0.254061,
            "max_rss": 19220,
            "exit_code": 0,
            "failed": false
        },
        {
            "index": 4,
            "input": 1000.0,
            "run_time": 926748.0,
            "start_time": 1679835452909508297,
            "stop_time": 1679835452910435045,
            "ram_samples": [],
            "cpu_samples": [
                0.0,
                0.0,
                0.0,
                0.0,
                0.0,
                0.0,
                0.0,
                0.0,
                0.0,
                0.0,
                0.0,
                0.0,
                0.0,
                0.0,
                0.0,
                0.0
            ],
            "average_cpu_busy": 0.0,
            "user_cpu_time": 0.319364,
            "sys_cpu_time": 0.004258,
            "total_cpu_time": 0.32362199999999997,
            "max_rss": 19220,
            "exit_code": 0,
            "failed": false
        },
        {
            "index": 5,
            "input": 1000.0,
            "run_time": 892183.0,
            "start_time": 1679835452935903744,
            "stop_time": 1679835452936795927,
            "ram_samples": [],
            "cpu_samples": [
                0.0,
                0.0,
                0.0,
                0.0,
                0.0,
                0.0,
                0.0,
                0.0,
                0.0,
                0.0,
                0.0,
                0.0,
                0.0,
                0.0,
                0.0,
                0.0
            ],
            "average_cpu_busy": 0.0,
            "user_cpu_time": 0.26375,
            "sys_cpu_time": 0.003663,
            "total_cpu_time": 0.267413,
            "max_rss": 19220,
            "exit_code": 0,
            "failed": false
        }
    ],
    "maximum_runtime": 959930.0,
    "minimum_runtime": 853491.0
}