{
    "bench": "spectralnorm-1.cpp",
    "language": "cpp",
    "input": 1000.0,
    "average_runtime": 1019106.3333333334,
    "average_cpu_busy": 3.9192183333333336e-07,
    "average_ram_load": 0,
    "run_results": [
        {
            "index": 0,
            "input": 1000.0,
            "run_time": 924474.0,
            "start_time": 1679756580130121069,
            "stop_time": 1679756580131045543,
            "ram_samples": [],
            "cpu_samples": [
                0.0,
                0.0,
                0.0,
                0.0,
                0.0,
                0.0,
                100.0,
                0.0,
                0.0,
                0.0,
                0.0,
                0.0,
                0.0,
                0.0,
                0.0,
                0.0
            ],
            "average_cpu_busy": 9.24474e-07,
            "user_cpu_time": 0.050702,
            "sys_cpu_time": 0.0,
            "total_cpu_time": 0.050702,
            "max_rss": 19244,
            "exit_code": 0,
            "failed": false
        },
        {
            "index": 1,
            "input": 1000.0,
            "run_time": 1427057.0,
            "start_time": 1679756580186093108,
            "stop_time": 1679756580187520165,
            "ram_samples": [],
            "cpu_samples": [
                0.0,
                0.0,
                0.0,
                0.0,
                0.0,
                0.0,
                0.0,
                0.0,
                0.0,
                0.0,
                0.0,
                100.0,
                0.0,
                0.0,
                0.0,
                0.0
            ],
            "average_cpu_busy": 1.427057e-06,
            "user_cpu_time": 0.050814,
            "sys_cpu_time": 0.0,
            "total_cpu_time": 0.050814,
            "max_rss": 19244,
            "exit_code": 0,
            "failed": false
        },
        {
            "index": 2,
            "input": 1000.0,
            "run_time": 931998.0,
            "start_time": 1679756580241202099,
            "stop_time": 1679756580242134097,
            "ram_samples": [],
            "cpu_samples": [
                0.0,
                0.0,
                0.0,
                0.0,
                0.0,
                0.0,
                0.0,
                0.0,
                0.0,
                0.0,
                0.0,
                0.0,
                0.0,
                0.0,
                0.0,
                0.0
            ],
            "average_cpu_busy": 0.0,
            "user_cpu_time": 0.047095,
            "sys_cpu_time": 0.0039239999999999995,
            "total_cpu_time": 0.051018999999999995,
            "max_rss": 19244,
            "exit_code": 0,
            "failed": false
        },
        {
            "index": 3,
            "input": 1000.0,
            "run_time": 977443.0,
            "start_time": 1679756580296090707,
            "stop_time": 1679756580297068150,
            "ram_samples": [],
            "cpu_samples": [
                0.0,
                0.0,
                0.0,
                0.0,
                0.0,
                0.0,
                0.0,
                0.0,
                0.0,
                0.0,
                0.0,
                0.0,
                0.0,
                0.0,
                0.0,
                0.0
            ],
            "average_cpu_busy": 0.0,
            "user_cpu_time": 0.051777,
            "sys_cpu_time": 0.0,
            "total_cpu_time": 0.051777,
            "max_rss": 19244,
            "exit_code": 0,
            "failed": false
        },
        {
            "index": 4,
            "input": 1000.0,
            "run_time": 882034.0,
            "start_time": 1679756580351677714,
            "stop_time": 1679756580352559748,
            "ram_samples": [],
            "cpu_samples": [
                0.0,
                0.0,
                0.0,
                0.0,
                0.0,
                0.0,
                0.0,
                0.0,
                0.0,
                0.0,
                0.0,
                0.0,
                0.0,
                0.0,
                0.0,
                0.0
            ],
            "average_cpu_busy": 0.0,
            "user_cpu_time": 0.05116,
            "sys_cpu_time": 0.0,
            "total_cpu_time": 0.05116,
            "max_rss": 19244,
            "exit_code": 0,
            "failed": false
        },
        {
            "index": 5,
            "input": 1000.0,
            "run_time": 971632.0,
            "start_time": 1679756580406778730,
            "stop_time": 1679756580407750362,
            "ram_samples": [],
            "cpu_samples": [
                0.0,
                0.0,
                0.0,
                0.0,
                0.0,
                0.0,
                0.0,
                0.0,
                0.0,
                0.0,
                0.0,
                0.0,
                0.0,
                0.0,
                0.0,
                0.0
            ],
            "average_cpu_busy": 0.0,
            "user_cpu_time": 0.050823,
            "sys_cpu_time": 0.0,
            "total_cpu_time": 0.050823,
            "max_rss": 19244,
            "exit_code": 0,
            "failed": false
        }
    ]
}