{
    "bench": "spectralnorm-5.cpp",
    "language": "cpp",
    "input": 3000.0,
    "average_run_time": 955283.5,
    "maximum_run_time": 991721.0,
    "minimum_run_time": 916859.0,
    "average_cpu_time": 1.7029718333333335,
    "minimum_cpu_time": 1.649911,
    "maximum_cpu_time": 1.731871,
    "average_cpu_busy": 0,
    "average_ram_load": 0,
    "run_results": [
        {
            "index": 0,
            "input": 3000.0,
            "run_time": 954941.0,
            "start_time": 1680009285077831129,
            "stop_time": 1680009285078786070,
            "ram_samples": [],
            "cpu_samples": [
                0.0,
                0.0,
                0.0,
                0.0,
                0.0,
                0.0,
                0.0,
                0.0,
                0.0,
                0.0,
                0.0,
                0.0,
                0.0,
                0.0,
                0.0,
                0.0
            ],
            "average_cpu_busy": 0.0,
            "user_cpu_time": 1.682806,
            "sys_cpu_time": 0.016142,
            "total_cpu_time": 1.6989480000000001,
            "max_rss": 22016,
            "exit_code": 0,
            "failed": false
        },
        {
            "index": 1,
            "input": 3000.0,
            "run_time": 991721.0,
            "start_time": 1680009285192135675,
            "stop_time": 1680009285193127396,
            "ram_samples": [],
            "cpu_samples": [
                0.0,
                0.0,
                0.0,
                0.0,
                0.0,
                0.0,
                0.0,
                0.0,
                0.0,
                0.0,
                0.0,
                0.0,
                0.0,
                0.0,
                0.0,
                0.0
            ],
            "average_cpu_busy": 0.0,
            "user_cpu_time": 1.7272029999999998,
            "sys_cpu_time": 0.003916,
            "total_cpu_time": 1.7311189999999999,
            "max_rss": 22024,
            "exit_code": 0,
            "failed": false
        },
        {
            "index": 2,
            "input": 3000.0,
            "run_time": 928852.0,
            "start_time": 1680009285308474137,
            "stop_time": 1680009285309402989,
            "ram_samples": [],
            "cpu_samples": [
                0.0,
                0.0,
                0.0,
                0.0,
                0.0,
                0.0,
                0.0,
                0.0,
                0.0,
                0.0,
                0.0,
                0.0,
                0.0,
                0.0,
                0.0,
                0.0
            ],
            "average_cpu_busy": 0.0,
            "user_cpu_time": 1.649911,
            "sys_cpu_time": 0.0,
            "total_cpu_time": 1.649911,
            "max_rss": 22024,
            "exit_code": 0,
            "failed": false
        },
        {
            "index": 3,
            "input": 3000.0,
            "run_time": 974458.0,
            "start_time": 1680009285418946465,
            "stop_time": 1680009285419920923,
            "ram_samples": [],
            "cpu_samples": [
                0.0,
                0.0,
                0.0,
                0.0,
                0.0,
                0.0,
                0.0,
                0.0,
                0.0,
                0.0,
                0.0,
                0.0,
                0.0,
                0.0,
                0.0,
                0.0
            ],
            "average_cpu_busy": 0.0,
            "user_cpu_time": 1.680135,
            "sys_cpu_time": 0.0,
            "total_cpu_time": 1.680135,
            "max_rss": 22028,
            "exit_code": 0,
            "failed": false
        },
        {
            "index": 4,
            "input": 3000.0,
            "run_time": 916859.0,
            "start_time": 1680009285531183885,
            "stop_time": 1680009285532100744,
            "ram_samples": [],
            "cpu_samples": [
                0.0,
                0.0,
                0.0,
                0.0,
                0.0,
                0.0,
                0.0,
                0.0,
                0.0,
                0.0,
                0.0,
                0.0,
                0.0,
                0.0,
                0.0,
                0.0
            ],
            "average_cpu_busy": 0.0,
            "user_cpu_time": 1.727908,
            "sys_cpu_time": 0.0039629999999999995,
            "total_cpu_time": 1.731871,
            "max_rss": 22028,
            "exit_code": 0,
            "failed": false
        },
        {
            "index": 5,
            "input": 3000.0,
            "run_time": 964870.0,
            "start_time": 1680009285648250311,
            "stop_time": 1680009285649215181,
            "ram_samples": [],
            "cpu_samples": [
                0.0,
                0.0,
                0.0,
                0.0,
                0.0,
                0.0,
                0.0,
                0.0,
                0.0,
                0.0,
                0.0,
                0.0,
                0.0,
                0.0,
                0.0,
                0.0
            ],
            "average_cpu_busy": 0.0,
            "user_cpu_time": 1.725847,
            "sys_cpu_time": 0.0,
            "total_cpu_time": 1.725847,
            "max_rss": 22028,
            "exit_code": 0,
            "failed": false
        }
    ]
}