{
    "bench": "spectralnorm-3.c",
    "language": "c",
    "input": 1000.0,
    "average_run_time": 887656.3333333334,
    "maximum_run_time": 918242.0,
    "minimum_run_time": 844994.0,
    "average_cpu_time": 0.14626633333333333,
    "minimum_cpu_time": 0.121386,
    "maximum_cpu_time": 0.18434,
    "average_cpu_busy": 0,
    "average_ram_load": 0,
    "run_results": [
        {
            "index": 0,
            "input": 1000.0,
            "run_time": 896161.0,
            "start_time": 1680009383290166581,
            "stop_time": 1680009383291062742,
            "ram_samples": [],
            "cpu_samples": [
                0.0,
                0.0,
                0.0,
                0.0,
                0.0,
                0.0,
                0.0,
                0.0,
                0.0,
                0.0,
                0.0,
                0.0,
                0.0,
                0.0,
                0.0,
                0.0
            ],
            "average_cpu_busy": 0.0,
            "user_cpu_time": 0.15800599999999998,
            "sys_cpu_time": 0.0,
            "total_cpu_time": 0.15800599999999998,
            "max_rss": 23112,
            "exit_code": 0,
            "failed": false
        },
        {
            "index": 1,
            "input": 1000.0,
            "run_time": 854042.0,
            "start_time": 1680009383304510294,
            "stop_time": 1680009383305364336,
            "ram_samples": [],
            "cpu_samples": [
                0.0,
                0.0,
                0.0,
                0.0,
                0.0,
                0.0,
                0.0,
                0.0,
                0.0,
                0.0,
                0.0,
                0.0,
                0.0,
                0.0,
                0.0,
                0.0
            ],
            "average_cpu_busy": 0.0,
            "user_cpu_time": 0.12375499999999999,
            "sys_cpu_time": 0.0,
            "total_cpu_time": 0.12375499999999999,
            "max_rss": 23116,
            "exit_code": 0,
            "failed": false
        },
        {
            "index": 2,
            "input": 1000.0,
            "run_time": 844994.0,
            "start_time": 1680009383316075035,
            "stop_time": 1680009383316920029,
            "ram_samples": [],
            "cpu_samples": [
                0.0,
                0.0,
                0.0,
                0.0,
                0.0,
                0.0,
                0.0,
                0.0,
                0.0,
                0.0,
                0.0,
                0.0,
                0.0,
                0.0,
                0.0,
                0.0
            ],
            "average_cpu_busy": 0.0,
            "user_cpu_time": 0.09681999999999999,
            "sys_cpu_time": 0.049970999999999995,
            "total_cpu_time": 0.14679099999999998,
            "max_rss": 23116,
            "exit_code": 0,
            "failed": false
        },
        {
            "index": 3,
            "input": 1000.0,
            "run_time": 918242.0,
            "start_time": 1680009383329652570,
            "stop_time": 1680009383330570812,
            "ram_samples": [],
            "cpu_samples": [
                0.0,
                0.0,
                0.0,
                0.0,
                0.0,
                0.0,
                0.0,
                0.0,
                0.0,
                0.0,
                0.0,
                0.0,
                0.0,
                0.0,
                0.0,
                0.0
            ],
            "average_cpu_busy": 0.0,
            "user_cpu_time": 0.107899,
            "sys_cpu_time": 0.013486999999999999,
            "total_cpu_time": 0.121386,
            "max_rss": 23116,
            "exit_code": 0,
            "failed": false
        },
        {
            "index": 4,
            "input": 1000.0,
            "run_time": 902853.0,
            "start_time": 1680009383341435420,
            "stop_time": 1680009383342338273,
            "ram_samples": [],
            "cpu_samples": [
                0.0,
                0.0,
                0.0,
                0.0,
                0.0,
                0.0,
                0.0,
                0.0,
                0.0,
                0.0,
                0.0,
                0.0,
                0.0,
                0.0,
                0.0,
                0.0
            ],
            "average_cpu_busy": 0.0,
            "user_cpu_time": 0.173906,
            "sys_cpu_time": 0.010433999999999999,
            "total_cpu_time": 0.18434,
            "max_rss": 23116,
            "exit_code": 0,
            "failed": false
        },
        {
            "index": 5,
            "input": 1000.0,
            "run_time": 909646.0,
            "start_time": 1680009383357961526,
            "stop_time": 1680009383358871172,
            "ram_samples": [],
            "cpu_samples": [
                0.0,
                0.0,
                0.0,
                0.0,
                0.0,
                0.0,
                0.0,
                0.0,
                100.0,
                0.0,
                0.0,
                0.0,
                0.0,
                0.0,
                0.0,
                0.0
            ],
            "average_cpu_busy": 9.096459999999999e-07,
            "user_cpu_time": 0.138977,
            "sys_cpu_time": 0.004343,
            "total_cpu_time": 0.14332,
            "max_rss": 23120,
            "exit_code": 0,
            "failed": false
        }
    ]
}