{
    "bench": "spectralnorm-3.ada",
    "language": "ada",
    "input": 1000.0,
    "average_runtime": 947253.0,
    "average_cpu_busy": 0.0,
    "average_ram_load": 0,
    "run_results": [
        {
            "index": 0,
            "input": 1000.0,
            "run_time": 1221440.0,
            "start_time": 1679663730814112180,
            "stop_time": 1679663730815333620,
            "ram_samples": [],
            "cpu_samples": [
                0.0,
                0.0,
                0.0,
                0.0,
                0.0,
                0.0,
                0.0,
                0.0,
                0.0,
                0.0,
                0.0,
                0.0,
                0.0,
                0.0,
                0.0,
                0.0
            ],
            "average_cpu_busy": 0.0,
            "user_cpu_time": 0.059878999999999995,
            "sys_cpu_time": 0.0,
            "total_cpu_time": 0.059878999999999995,
            "max_rss": 19000,
            "exit_code": 0,
            "failed": false
        },
        {
            "index": 1,
            "input": 1000.0,
            "run_time": 885027.0,
            "start_time": 1679663730849579466,
            "stop_time": 1679663730850464493,
            "ram_samples": [],
            "cpu_samples": [
                0.0,
                0.0,
                0.0,
                0.0,
                0.0,
                0.0,
                0.0,
                0.0,
                0.0,
                0.0,
                0.0,
                0.0,
                0.0,
                0.0,
                0.0,
                0.0
            ],
            "average_cpu_busy": 0.0,
            "user_cpu_time": 0.070037,
            "sys_cpu_time": 0.004377,
            "total_cpu_time": 0.07441400000000001,
            "max_rss": 19008,
            "exit_code": 0,
            "failed": false
        },
        {
            "index": 2,
            "input": 1000.0,
            "run_time": 930073.0,
            "start_time": 1679663730890171033,
            "stop_time": 1679663730891101106,
            "ram_samples": [],
            "cpu_samples": [
                0.0,
                0.0,
                0.0,
                0.0,
                0.0,
                0.0,
                0.0,
                0.0,
                0.0,
                0.0,
                0.0,
                0.0,
                0.0,
                0.0,
                0.0,
                0.0
            ],
            "average_cpu_busy": 0.0,
            "user_cpu_time": 0.054474999999999996,
            "sys_cpu_time": 0.00419,
            "total_cpu_time": 0.058664999999999995,
            "max_rss": 19008,
            "exit_code": 0,
            "failed": false
        },
        {
            "index": 3,
            "input": 1000.0,
            "run_time": 878355.0,
            "start_time": 1679663730922557263,
            "stop_time": 1679663730923435618,
            "ram_samples": [],
            "cpu_samples": [
                0.0,
                0.0,
                0.0,
                0.0,
                0.0,
                0.0,
                0.0,
                0.0,
                0.0,
                0.0,
                0.0,
                0.0,
                0.0,
                0.0,
                0.0,
                0.0
            ],
            "average_cpu_busy": 0.0,
            "user_cpu_time": 0.054187,
            "sys_cpu_time": 0.0,
            "total_cpu_time": 0.054187,
            "max_rss": 19012,
            "exit_code": 0,
            "failed": false
        },
        {
            "index": 4,
            "input": 1000.0,
            "run_time": 890408.0,
            "start_time": 1679663730952636804,
            "stop_time": 1679663730953527212,
            "ram_samples": [],
            "cpu_samples": [
                0.0,
                0.0,
                0.0,
                0.0,
                0.0,
                0.0,
                0.0,
                0.0,
                0.0,
                0.0,
                0.0,
                0.0,
                0.0,
                0.0,
                0.0,
                0.0
            ],
            "average_cpu_busy": 0.0,
            "user_cpu_time": 0.054258999999999995,
            "sys_cpu_time": 0.0,
            "total_cpu_time": 0.054258999999999995,
            "max_rss": 19012,
            "exit_code": 0,
            "failed": false
        },
        {
            "index": 5,
            "input": 1000.0,
            "run_time": 878215.0,
            "start_time": 1679663730981922921,
            "stop_time": 1679663730982801136,
            "ram_samples": [],
            "cpu_samples": [
                0.0,
                0.0,
                0.0,
                0.0,
                0.0,
                0.0,
                0.0,
                0.0,
                0.0,
                0.0,
                0.0,
                0.0,
                0.0,
                0.0,
                0.0,
                0.0
            ],
            "average_cpu_busy": 0.0,
            "user_cpu_time": 0.048458999999999995,
            "sys_cpu_time": 0.005384,
            "total_cpu_time": 0.053842999999999995,
            "max_rss": 19016,
            "exit_code": 0,
            "failed": false
        }
    ]
}