{
    "bench": "spectralnorm-5.cpp",
    "language": "cpp",
    "input": 2000.0,
    "average_runtime": 943574.5,
    "average_cpu_busy": 0.0,
    "average_ram_load": 0,
    "run_results": [
        {
            "index": 0,
            "input": 2000.0,
            "run_time": 910276.0,
            "start_time": 1679663722620049590,
            "stop_time": 1679663722620959866,
            "ram_samples": [],
            "cpu_samples": [
                0.0,
                0.0,
                0.0,
                0.0,
                0.0,
                0.0,
                0.0,
                0.0,
                0.0,
                0.0,
                0.0,
                0.0,
                0.0,
                0.0,
                0.0,
                0.0
            ],
            "average_cpu_busy": 0.0,
            "user_cpu_time": 0.729302,
            "sys_cpu_time": 0.0,
            "total_cpu_time": 0.729302,
            "max_rss": 18780,
            "exit_code": 0,
            "failed": false
        },
        {
            "index": 1,
            "input": 2000.0,
            "run_time": 912531.0,
            "start_time": 1679663722671073461,
            "stop_time": 1679663722671985992,
            "ram_samples": [],
            "cpu_samples": [
                0.0,
                0.0,
                0.0,
                0.0,
                0.0,
                0.0,
                0.0,
                0.0,
                0.0,
                0.0,
                0.0,
                0.0,
                0.0,
                0.0,
                0.0,
                0.0
            ],
            "average_cpu_busy": 0.0,
            "user_cpu_time": 0.740637,
            "sys_cpu_time": 0.0,
            "total_cpu_time": 0.740637,
            "max_rss": 18780,
            "exit_code": 0,
            "failed": false
        },
        {
            "index": 2,
            "input": 2000.0,
            "run_time": 919403.0,
            "start_time": 1679663722722670486,
            "stop_time": 1679663722723589889,
            "ram_samples": [],
            "cpu_samples": [
                0.0,
                0.0,
                0.0,
                0.0,
                0.0,
                0.0,
                0.0,
                0.0,
                0.0,
                0.0,
                0.0,
                0.0,
                0.0,
                0.0,
                0.0,
                0.0
            ],
            "average_cpu_busy": 0.0,
            "user_cpu_time": 0.779473,
            "sys_cpu_time": 0.0,
            "total_cpu_time": 0.779473,
            "max_rss": 18840,
            "exit_code": 0,
            "failed": false
        },
        {
            "index": 3,
            "input": 2000.0,
            "run_time": 909595.0,
            "start_time": 1679663722777357662,
            "stop_time": 1679663722778267257,
            "ram_samples": [],
            "cpu_samples": [
                0.0,
                0.0,
                0.0,
                0.0,
                0.0,
                0.0,
                0.0,
                0.0,
                0.0,
                0.0,
                0.0,
                0.0,
                0.0,
                0.0,
                0.0,
                0.0
            ],
            "average_cpu_busy": 0.0,
            "user_cpu_time": 0.7222259999999999,
            "sys_cpu_time": 0.0,
            "total_cpu_time": 0.7222259999999999,
            "max_rss": 18784,
            "exit_code": 0,
            "failed": false
        },
        {
            "index": 4,
            "input": 2000.0,
            "run_time": 1069950.0,
            "start_time": 1679663722827908492,
            "stop_time": 1679663722828978442,
            "ram_samples": [],
            "cpu_samples": [
                0.0,
                0.0,
                0.0,
                0.0,
                0.0,
                0.0,
                0.0,
                0.0,
                0.0,
                0.0,
                0.0,
                0.0,
                0.0,
                0.0,
                0.0,
                0.0
            ],
            "average_cpu_busy": 0.0,
            "user_cpu_time": 0.825974,
            "sys_cpu_time": 0.0,
            "total_cpu_time": 0.825974,
            "max_rss": 18784,
            "exit_code": 0,
            "failed": false
        },
        {
            "index": 5,
            "input": 2000.0,
            "run_time": 939692.0,
            "start_time": 1679663722886135759,
            "stop_time": 1679663722887075451,
            "ram_samples": [],
            "cpu_samples": [
                0.0,
                0.0,
                0.0,
                0.0,
                0.0,
                0.0,
                0.0,
                0.0,
                0.0,
                0.0,
                0.0,
                0.0,
                0.0,
                0.0,
                0.0,
                0.0
            ],
            "average_cpu_busy": 0.0,
            "user_cpu_time": 0.854285,
            "sys_cpu_time": 0.0,
            "total_cpu_time": 0.854285,
            "max_rss": 18788,
            "exit_code": 0,
            "failed": false
        }
    ]
}