{
    "bench": "spectralnorm-1.rust",
    "language": "rust",
    "input": 2000.0,
    "average_run_time": 945785.3333333334,
    "maximum_run_time": 991970.0,
    "minimum_run_time": 908664.0,
    "average_cpu_time": 0.1986983333333333,
    "minimum_cpu_time": 0.19651399999999997,
    "maximum_cpu_time": 0.200717,
    "average_cpu_busy": 0,
    "average_ram_load": 0,
    "run_results": [
        {
            "index": 0,
            "input": 2000.0,
            "run_time": 945764.0,
            "start_time": 1680009348640906692,
            "stop_time": 1680009348641852456,
            "ram_samples": [],
            "cpu_samples": [
                0.0,
                0.0,
                0.0,
                0.0,
                0.0,
                0.0,
                0.0,
                0.0,
                0.0,
                0.0,
                0.0,
                0.0,
                0.0,
                0.0,
                0.0,
                0.0
            ],
            "average_cpu_busy": 0.0,
            "user_cpu_time": 0.19869099999999998,
            "sys_cpu_time": 0.0,
            "total_cpu_time": 0.19869099999999998,
            "max_rss": 22700,
            "exit_code": 0,
            "failed": false
        },
        {
            "index": 1,
            "input": 2000.0,
            "run_time": 921308.0,
            "start_time": 1680009348697467636,
            "stop_time": 1680009348698388944,
            "ram_samples": [],
            "cpu_samples": [
                0.0,
                0.0,
                0.0,
                0.0,
                0.0,
                0.0,
                0.0,
                0.0,
                0.0,
                0.0,
                0.0,
                0.0,
                0.0,
                0.0,
                0.0,
                0.0
            ],
            "average_cpu_busy": 0.0,
            "user_cpu_time": 0.17646199999999998,
            "sys_cpu_time": 0.020052,
            "total_cpu_time": 0.19651399999999997,
            "max_rss": 22700,
            "exit_code": 0,
            "failed": false
        },
        {
            "index": 2,
            "input": 2000.0,
            "run_time": 943619.0,
            "start_time": 1680009348753509577,
            "stop_time": 1680009348754453196,
            "ram_samples": [],
            "cpu_samples": [
                0.0,
                0.0,
                0.0,
                0.0,
                0.0,
                0.0,
                0.0,
                0.0,
                0.0,
                0.0,
                0.0,
                0.0,
                0.0,
                0.0,
                0.0,
                0.0
            ],
            "average_cpu_busy": 0.0,
            "user_cpu_time": 0.195264,
            "sys_cpu_time": 0.0039049999999999996,
            "total_cpu_time": 0.19916899999999998,
            "max_rss": 22708,
            "exit_code": 0,
            "failed": false
        },
        {
            "index": 3,
            "input": 2000.0,
            "run_time": 963387.0,
            "start_time": 1680009348810370623,
            "stop_time": 1680009348811334010,
            "ram_samples": [],
            "cpu_samples": [
                0.0,
                0.0,
                0.0,
                0.0,
                0.0,
                0.0,
                0.0,
                0.0,
                0.0,
                0.0,
                0.0,
                0.0,
                0.0,
                0.0,
                0.0,
                0.0
            ],
            "average_cpu_busy": 0.0,
            "user_cpu_time": 0.193402,
            "sys_cpu_time": 0.003946,
            "total_cpu_time": 0.197348,
            "max_rss": 22708,
            "exit_code": 0,
            "failed": false
        },
        {
            "index": 4,
            "input": 2000.0,
            "run_time": 991970.0,
            "start_time": 1680009348866301366,
            "stop_time": 1680009348867293336,
            "ram_samples": [],
            "cpu_samples": [
                0.0,
                0.0,
                0.0,
                0.0,
                0.0,
                0.0,
                0.0,
                0.0,
                0.0,
                0.0,
                0.0,
                0.0,
                0.0,
                0.0,
                0.0,
                0.0
            ],
            "average_cpu_busy": 0.0,
            "user_cpu_time": 0.192689,
            "sys_cpu_time": 0.008028,
            "total_cpu_time": 0.200717,
            "max_rss": 22708,
            "exit_code": 0,
            "failed": false
        },
        {
            "index": 5,
            "input": 2000.0,
            "run_time": 908664.0,
            "start_time": 1680009348924315285,
            "stop_time": 1680009348925223949,
            "ram_samples": [],
            "cpu_samples": [
                0.0,
                0.0,
                0.0,
                0.0,
                0.0,
                0.0,
                0.0,
                0.0,
                0.0,
                0.0,
                0.0,
                0.0,
                0.0,
                0.0,
                0.0,
                0.0
            ],
            "average_cpu_busy": 0.0,
            "user_cpu_time": 0.19975099999999998,
            "sys_cpu_time": 0.0,
            "total_cpu_time": 0.19975099999999998,
            "max_rss": 22708,
            "exit_code": 0,
            "failed": false
        }
    ]
}