{
    "bench": "spectralnorm-1.cpp",
    "language": "cpp",
    "input": 3000.0,
    "average_run_time": 1002685.5,
    "maximum_run_time": 1244614.0,
    "minimum_run_time": 921909.0,
    "average_cpu_time": 0.4521985,
    "minimum_cpu_time": 0.446001,
    "maximum_cpu_time": 0.458831,
    "average_cpu_busy": 0,
    "average_ram_load": 0,
    "run_results": [
        {
            "index": 0,
            "input": 3000.0,
            "run_time": 921909.0,
            "start_time": 1680009292735748021,
            "stop_time": 1680009292736669930,
            "ram_samples": [],
            "cpu_samples": [
                0.0,
                0.0,
                0.0,
                0.0,
                0.0,
                0.0,
                0.0,
                0.0,
                0.0,
                0.0,
                0.0,
                0.0,
                0.0,
                0.0,
                0.0,
                0.0
            ],
            "average_cpu_busy": 0.0,
            "user_cpu_time": 0.451559,
            "sys_cpu_time": 0.004031,
            "total_cpu_time": 0.45559,
            "max_rss": 22208,
            "exit_code": 0,
            "failed": false
        },
        {
            "index": 1,
            "input": 3000.0,
            "run_time": 969899.0,
            "start_time": 1680009293197751011,
            "stop_time": 1680009293198720910,
            "ram_samples": [],
            "cpu_samples": [
                0.0,
                0.0,
                0.0,
                0.0,
                0.0,
                0.0,
                0.0,
                0.0,
                0.0,
                0.0,
                0.0,
                0.0,
                0.0,
                0.0,
                0.0,
                0.0
            ],
            "average_cpu_busy": 0.0,
            "user_cpu_time": 0.454401,
            "sys_cpu_time": 0.0,
            "total_cpu_time": 0.454401,
            "max_rss": 22208,
            "exit_code": 0,
            "failed": false
        },
        {
            "index": 2,
            "input": 3000.0,
            "run_time": 1244614.0,
            "start_time": 1680009293657020243,
            "stop_time": 1680009293658264857,
            "ram_samples": [],
            "cpu_samples": [
                0.0,
                0.0,
                0.0,
                0.0,
                0.0,
                0.0,
                0.0,
                0.0,
                0.0,
                0.0,
                0.0,
                0.0,
                0.0,
                0.0,
                0.0,
                0.0
            ],
            "average_cpu_busy": 0.0,
            "user_cpu_time": 0.44555999999999996,
            "sys_cpu_time": 0.003978,
            "total_cpu_time": 0.44953799999999994,
            "max_rss": 22208,
            "exit_code": 0,
            "failed": false
        },
        {
            "index": 3,
            "input": 3000.0,
            "run_time": 953067.0,
            "start_time": 1680009294111130680,
            "stop_time": 1680009294112083747,
            "ram_samples": [],
            "cpu_samples": [
                0.0,
                0.0,
                0.0,
                0.0,
                0.0,
                0.0,
                0.0,
                0.0,
                0.0,
                0.0,
                0.0,
                0.0,
                0.0,
                0.0,
                0.0,
                0.0
            ],
            "average_cpu_busy": 0.0,
            "user_cpu_time": 0.458831,
            "sys_cpu_time": 0.0,
            "total_cpu_time": 0.458831,
            "max_rss": 22212,
            "exit_code": 0,
            "failed": false
        },
        {
            "index": 4,
            "input": 3000.0,
            "run_time": 949631.0,
            "start_time": 1680009294574992185,
            "stop_time": 1680009294575941816,
            "ram_samples": [],
            "cpu_samples": [
                0.0,
                0.0,
                0.0,
                0.0,
                0.0,
                0.0,
                0.0,
                0.0,
                0.0,
                0.0,
                0.0,
                0.0,
                0.0,
                0.0,
                0.0,
                0.0
            ],
            "average_cpu_busy": 0.0,
            "user_cpu_time": 0.446001,
            "sys_cpu_time": 0.0,
            "total_cpu_time": 0.446001,
            "max_rss": 22212,
            "exit_code": 0,
            "failed": false
        },
        {
            "index": 5,
            "input": 3000.0,
            "run_time": 976993.0,
            "start_time": 1680009295026095281,
            "stop_time": 1680009295027072274,
            "ram_samples": [],
            "cpu_samples": [
                0.0,
                0.0,
                0.0,
                0.0,
                0.0,
                0.0,
                0.0,
                0.0,
                0.0,
                0.0,
                0.0,
                0.0,
                0.0,
                0.0,
                0.0,
                0.0
            ],
            "average_cpu_busy": 0.0,
            "user_cpu_time": 0.44883,
            "sys_cpu_time": 0.0,
            "total_cpu_time": 0.44883,
            "max_rss": 22212,
            "exit_code": 0,
            "failed": false
        }
    ]
}