{
    "bench": "spectralnorm-1.c",
    "language": "c",
    "input": 1000.0,
    "average_run_time": 1056930.6666666667,
    "maximum_run_time": 1300980.0,
    "minimum_run_time": 946175.0,
    "average_cpu_time": 0.050541499999999996,
    "minimum_cpu_time": 0.049678,
    "maximum_cpu_time": 0.051544,
    "average_cpu_busy": 0,
    "average_ram_load": 0,
    "run_results": [
        {
            "index": 0,
            "input": 1000.0,
            "run_time": 946175.0,
            "start_time": 1680009329106627802,
            "stop_time": 1680009329107573977,
            "ram_samples": [],
            "cpu_samples": [
                0.0,
                0.0,
                0.0,
                0.0,
                0.0,
                0.0,
                0.0,
                0.0,
                0.0,
                0.0,
                0.0,
                0.0,
                0.0,
                0.0,
                0.0,
                0.0
            ],
            "average_cpu_busy": 0.0,
            "user_cpu_time": 0.049678,
            "sys_cpu_time": 0.0,
            "total_cpu_time": 0.049678,
            "max_rss": 22512,
            "exit_code": 0,
            "failed": false
        },
        {
            "index": 1,
            "input": 1000.0,
            "run_time": 983544.0,
            "start_time": 1680009329161185850,
            "stop_time": 1680009329162169394,
            "ram_samples": [],
            "cpu_samples": [
                0.0,
                0.0,
                0.0,
                0.0,
                0.0,
                0.0,
                0.0,
                0.0,
                0.0,
                0.0,
                0.0,
                0.0,
                0.0,
                0.0,
                0.0,
                0.0
            ],
            "average_cpu_busy": 0.0,
            "user_cpu_time": 0.050648,
            "sys_cpu_time": 0.0,
            "total_cpu_time": 0.050648,
            "max_rss": 22516,
            "exit_code": 0,
            "failed": false
        },
        {
            "index": 2,
            "input": 1000.0,
            "run_time": 963998.0,
            "start_time": 1680009329216748331,
            "stop_time": 1680009329217712329,
            "ram_samples": [],
            "cpu_samples": [
                0.0,
                0.0,
                0.0,
                0.0,
                0.0,
                0.0,
                0.0,
                0.0,
                0.0,
                0.0,
                0.0,
                0.0,
                0.0,
                0.0,
                0.0,
                0.0
            ],
            "average_cpu_busy": 0.0,
            "user_cpu_time": 0.051544,
            "sys_cpu_time": 0.0,
            "total_cpu_time": 0.051544,
            "max_rss": 22516,
            "exit_code": 0,
            "failed": false
        },
        {
            "index": 3,
            "input": 1000.0,
            "run_time": 1021676.0,
            "start_time": 1680009329273255725,
            "stop_time": 1680009329274277401,
            "ram_samples": [],
            "cpu_samples": [
                0.0,
                0.0,
                0.0,
                0.0,
                0.0,
                0.0,
                0.0,
                0.0,
                0.0,
                0.0,
                0.0,
                0.0,
                0.0,
                0.0,
                0.0,
                0.0
            ],
            "average_cpu_busy": 0.0,
            "user_cpu_time": 0.050726,
            "sys_cpu_time": 0.0,
            "total_cpu_time": 0.050726,
            "max_rss": 22520,
            "exit_code": 0,
            "failed": false
        },
        {
            "index": 4,
            "input": 1000.0,
            "run_time": 1300980.0,
            "start_time": 1680009329328436210,
            "stop_time": 1680009329329737190,
            "ram_samples": [],
            "cpu_samples": [
                0.0,
                0.0,
                0.0,
                0.0,
                0.0,
                0.0,
                0.0,
                0.0,
                0.0,
                0.0,
                0.0,
                0.0,
                0.0,
                0.0,
                0.0,
                0.0
            ],
            "average_cpu_busy": 0.0,
            "user_cpu_time": 0.050519999999999995,
            "sys_cpu_time": 0.0,
            "total_cpu_time": 0.050519999999999995,
            "max_rss": 22520,
            "exit_code": 0,
            "failed": false
        },
        {
            "index": 5,
            "input": 1000.0,
            "run_time": 1125211.0,
            "start_time": 1680009329383561591,
            "stop_time": 1680009329384686802,
            "ram_samples": [],
            "cpu_samples": [
                0.0,
                0.0,
                0.0,
                0.0,
                0.0,
                0.0,
                0.0,
                0.0,
                0.0,
                0.0,
                0.0,
                0.0,
                0.0,
                0.0,
                0.0,
                0.0
            ],
            "average_cpu_busy": 0.0,
            "user_cpu_time": 0.050133,
            "sys_cpu_time": 0.0,
            "total_cpu_time": 0.050133,
            "max_rss": 22520,
            "exit_code": 0,
            "failed": false
        }
    ]
}