{
    "bench": "spectralnorm-3.rust",
    "language": "rust",
    "input": 5000.0,
    "average_run_time": 1074283.0,
    "maximum_run_time": 1352978.0,
    "minimum_run_time": 948900.0,
    "average_cpu_time": 1.569420833333333,
    "minimum_cpu_time": 1.5661109999999998,
    "maximum_cpu_time": 1.5744509999999998,
    "average_cpu_busy": 0,
    "average_ram_load": 0,
    "run_results": [
        {
            "index": 0,
            "input": 5000.0,
            "run_time": 995206.0,
            "start_time": 1680009375789700430,
            "stop_time": 1680009375790695636,
            "ram_samples": [],
            "cpu_samples": [
                0.0,
                0.0,
                0.0,
                0.0,
                0.0,
                0.0,
                0.0,
                0.0,
                0.0,
                0.0,
                0.0,
                0.0,
                0.0,
                0.0,
                0.0,
                0.0
            ],
            "average_cpu_busy": 0.0,
            "user_cpu_time": 1.5661109999999998,
            "sys_cpu_time": 0.0,
            "total_cpu_time": 1.5661109999999998,
            "max_rss": 23012,
            "exit_code": 0,
            "failed": false
        },
        {
            "index": 1,
            "input": 5000.0,
            "run_time": 961703.0,
            "start_time": 1680009376202903973,
            "stop_time": 1680009376203865676,
            "ram_samples": [],
            "cpu_samples": [
                0.0,
                0.0,
                0.0,
                0.0,
                0.0,
                0.0,
                0.0,
                0.0,
                0.0,
                0.0,
                0.0,
                0.0,
                0.0,
                0.0,
                0.0,
                0.0
            ],
            "average_cpu_busy": 0.0,
            "user_cpu_time": 1.5664799999999999,
            "sys_cpu_time": 0.007970999999999999,
            "total_cpu_time": 1.5744509999999998,
            "max_rss": 23012,
            "exit_code": 0,
            "failed": false
        },
        {
            "index": 2,
            "input": 5000.0,
            "run_time": 1352978.0,
            "start_time": 1680009376626627456,
            "stop_time": 1680009376627980434,
            "ram_samples": [],
            "cpu_samples": [
                0.0,
                0.0,
                0.0,
                0.0,
                0.0,
                0.0,
                0.0,
                0.0,
                0.0,
                0.0,
                0.0,
                0.0,
                0.0,
                0.0,
                0.0,
                0.0
            ],
            "average_cpu_busy": 0.0,
            "user_cpu_time": 1.559367,
            "sys_cpu_time": 0.008058,
            "total_cpu_time": 1.5674249999999998,
            "max_rss": 23012,
            "exit_code": 0,
            "failed": false
        },
        {
            "index": 3,
            "input": 5000.0,
            "run_time": 1184211.0,
            "start_time": 1680009377039890621,
            "stop_time": 1680009377041074832,
            "ram_samples": [],
            "cpu_samples": [
                0.0,
                0.0,
                0.0,
                0.0,
                0.0,
                0.0,
                0.0,
                0.0,
                0.0,
                0.0,
                0.0,
                0.0,
                0.0,
                0.0,
                0.0,
                0.0
            ],
            "average_cpu_busy": 0.0,
            "user_cpu_time": 1.551507,
            "sys_cpu_time": 0.019941999999999998,
            "total_cpu_time": 1.5714489999999999,
            "max_rss": 23020,
            "exit_code": 0,
            "failed": false
        },
        {
            "index": 4,
            "input": 5000.0,
            "run_time": 948900.0,
            "start_time": 1680009377457895599,
            "stop_time": 1680009377458844499,
            "ram_samples": [],
            "cpu_samples": [
                0.0,
                0.0,
                0.0,
                0.0,
                0.0,
                0.0,
                0.0,
                0.0,
                0.0,
                0.0,
                0.0,
                0.0,
                0.0,
                0.0,
                0.0,
                0.0
            ],
            "average_cpu_busy": 0.0,
            "user_cpu_time": 1.558849,
            "sys_cpu_time": 0.007932999999999999,
            "total_cpu_time": 1.566782,
            "max_rss": 23020,
            "exit_code": 0,
            "failed": false
        },
        {
            "index": 5,
            "input": 5000.0,
            "run_time": 1002700.0,
            "start_time": 1680009377872189307,
            "stop_time": 1680009377873192007,
            "ram_samples": [],
            "cpu_samples": [
                0.0,
                0.0,
                0.0,
                0.0,
                0.0,
                0.0,
                0.0,
                0.0,
                0.0,
                0.0,
                0.0,
                0.0,
                0.0,
                0.0,
                0.0,
                0.0
            ],
            "average_cpu_busy": 0.0,
            "user_cpu_time": 1.566382,
            "sys_cpu_time": 0.003925,
            "total_cpu_time": 1.570307,
            "max_rss": 23020,
            "exit_code": 0,
            "failed": false
        }
    ]
}