{
    "bench": "spectralnorm-1.cpp",
    "language": "cpp",
    "input": 2000.0,
    "average_runtime": 1184420.5,
    "average_cpu_busy": 0.0,
    "average_ram_load": 0,
    "run_results": [
        {
            "index": 0,
            "input": 2000.0,
            "run_time": 1057957.0,
            "start_time": 1679663723764697263,
            "stop_time": 1679663723765755220,
            "ram_samples": [],
            "cpu_samples": [
                0.0,
                0.0,
                0.0,
                0.0,
                0.0,
                0.0,
                0.0,
                0.0,
                0.0,
                0.0,
                0.0,
                0.0,
                0.0,
                0.0,
                0.0,
                0.0
            ],
            "average_cpu_busy": 0.0,
            "user_cpu_time": 0.196829,
            "sys_cpu_time": 0.0,
            "total_cpu_time": 0.196829,
            "max_rss": 18940,
            "exit_code": 0,
            "failed": false
        },
        {
            "index": 1,
            "input": 2000.0,
            "run_time": 1161555.0,
            "start_time": 1679663723965778169,
            "stop_time": 1679663723966939724,
            "ram_samples": [],
            "cpu_samples": [
                0.0,
                0.0,
                0.0,
                0.0,
                0.0,
                0.0,
                0.0,
                0.0,
                0.0,
                0.0,
                0.0,
                0.0,
                0.0,
                0.0,
                0.0,
                0.0
            ],
            "average_cpu_busy": 0.0,
            "user_cpu_time": 0.201091,
            "sys_cpu_time": 0.0,
            "total_cpu_time": 0.201091,
            "max_rss": 19004,
            "exit_code": 0,
            "failed": false
        },
        {
            "index": 2,
            "input": 2000.0,
            "run_time": 1400471.0,
            "start_time": 1679663724172006130,
            "stop_time": 1679663724173406601,
            "ram_samples": [],
            "cpu_samples": [
                0.0,
                0.0,
                0.0,
                0.0,
                0.0,
                0.0,
                0.0,
                0.0,
                0.0,
                0.0,
                0.0,
                0.0,
                0.0,
                0.0,
                0.0,
                0.0
            ],
            "average_cpu_busy": 0.0,
            "user_cpu_time": 0.20036299999999999,
            "sys_cpu_time": 0.0,
            "total_cpu_time": 0.20036299999999999,
            "max_rss": 18816,
            "exit_code": 0,
            "failed": false
        },
        {
            "index": 3,
            "input": 2000.0,
            "run_time": 1000288.0,
            "start_time": 1679663724377924431,
            "stop_time": 1679663724378924719,
            "ram_samples": [],
            "cpu_samples": [
                0.0,
                0.0,
                0.0,
                0.0,
                0.0,
                0.0,
                0.0,
                0.0,
                0.0,
                0.0,
                0.0,
                0.0,
                0.0,
                0.0,
                0.0,
                0.0
            ],
            "average_cpu_busy": 0.0,
            "user_cpu_time": 0.196267,
            "sys_cpu_time": 0.0,
            "total_cpu_time": 0.196267,
            "max_rss": 18824,
            "exit_code": 0,
            "failed": false
        },
        {
            "index": 4,
            "input": 2000.0,
            "run_time": 1274691.0,
            "start_time": 1679663724579278257,
            "stop_time": 1679663724580552948,
            "ram_samples": [],
            "cpu_samples": [
                0.0,
                0.0,
                0.0,
                0.0,
                0.0,
                0.0,
                0.0,
                0.0,
                0.0,
                0.0,
                0.0,
                0.0,
                0.0,
                0.0,
                0.0,
                0.0
            ],
            "average_cpu_busy": 0.0,
            "user_cpu_time": 0.20030799999999999,
            "sys_cpu_time": 0.0,
            "total_cpu_time": 0.20030799999999999,
            "max_rss": 18824,
            "exit_code": 0,
            "failed": false
        },
        {
            "index": 5,
            "input": 2000.0,
            "run_time": 1211561.0,
            "start_time": 1679663724784947573,
            "stop_time": 1679663724786159134,
            "ram_samples": [],
            "cpu_samples": [
                0.0,
                0.0,
                0.0,
                0.0,
                0.0,
                0.0,
                0.0,
                0.0,
                0.0,
                0.0,
                0.0,
                0.0,
                0.0,
                0.0,
                0.0,
                0.0
            ],
            "average_cpu_busy": 0.0,
            "user_cpu_time": 0.19366699999999998,
            "sys_cpu_time": 0.003952,
            "total_cpu_time": 0.197619,
            "max_rss": 18828,
            "exit_code": 0,
            "failed": false
        }
    ]
}