{
    "bench": "spectralnorm-1.cpp",
    "language": "cpp",
    "input": 1000.0,
    "average_run_time": 1093242.1666666667,
    "maximum_run_time": 1470988.0,
    "minimum_run_time": 888487.0,
    "average_cpu_time": 0.05126050000000001,
    "minimum_cpu_time": 0.050046999999999994,
    "maximum_cpu_time": 0.052274999999999995,
    "average_cpu_busy": 0,
    "average_ram_load": 0,
    "run_results": [
        {
            "index": 0,
            "input": 1000.0,
            "run_time": 1060910.0,
            "start_time": 1679838396217487225,
            "stop_time": 1679838396218548135,
            "ram_samples": [],
            "cpu_samples": [
                0.0,
                0.0,
                0.0,
                0.0,
                0.0,
                0.0,
                0.0,
                0.0,
                0.0,
                0.0,
                0.0,
                0.0,
                0.0,
                0.0,
                0.0,
                0.0
            ],
            "average_cpu_busy": 0.0,
            "user_cpu_time": 0.046704999999999997,
            "sys_cpu_time": 0.0038919999999999996,
            "total_cpu_time": 0.050596999999999996,
            "max_rss": 19468,
            "exit_code": 0,
            "failed": false
        },
        {
            "index": 1,
            "input": 1000.0,
            "run_time": 1470988.0,
            "start_time": 1679838396273217472,
            "stop_time": 1679838396274688460,
            "ram_samples": [],
            "cpu_samples": [
                0.0,
                0.0,
                0.0,
                0.0,
                0.0,
                0.0,
                0.0,
                0.0,
                0.0,
                0.0,
                0.0,
                0.0,
                0.0,
                0.0,
                0.0,
                0.0
            ],
            "average_cpu_busy": 0.0,
            "user_cpu_time": 0.048254,
            "sys_cpu_time": 0.004020999999999999,
            "total_cpu_time": 0.052274999999999995,
            "max_rss": 19468,
            "exit_code": 0,
            "failed": false
        },
        {
            "index": 2,
            "input": 1000.0,
            "run_time": 1283728.0,
            "start_time": 1679838396330395082,
            "stop_time": 1679838396331678810,
            "ram_samples": [],
            "cpu_samples": [
                0.0,
                0.0,
                0.0,
                0.0,
                0.0,
                0.0,
                0.0,
                0.0,
                0.0,
                0.0,
                0.0,
                0.0,
                0.0,
                0.0,
                0.0,
                0.0
            ],
            "average_cpu_busy": 0.0,
            "user_cpu_time": 0.05203,
            "sys_cpu_time": 0.0,
            "total_cpu_time": 0.05203,
            "max_rss": 19468,
            "exit_code": 0,
            "failed": false
        },
        {
            "index": 3,
            "input": 1000.0,
            "run_time": 888487.0,
            "start_time": 1679838396387817121,
            "stop_time": 1679838396388705608,
            "ram_samples": [],
            "cpu_samples": [
                0.0,
                0.0,
                0.0,
                0.0,
                0.0,
                0.0,
                0.0,
                0.0,
                0.0,
                0.0,
                0.0,
                0.0,
                0.0,
                0.0,
                0.0,
                0.0
            ],
            "average_cpu_busy": 0.0,
            "user_cpu_time": 0.050046999999999994,
            "sys_cpu_time": 0.0,
            "total_cpu_time": 0.050046999999999994,
            "max_rss": 19468,
            "exit_code": 0,
            "failed": false
        },
        {
            "index": 4,
            "input": 1000.0,
            "run_time": 927770.0,
            "start_time": 1679838396442000176,
            "stop_time": 1679838396442927946,
            "ram_samples": [],
            "cpu_samples": [
                0.0,
                0.0,
                0.0,
                0.0,
                0.0,
                0.0,
                0.0,
                0.0,
                0.0,
                0.0,
                100.0,
                0.0,
                0.0,
                0.0,
                100.0,
                0.0
            ],
            "average_cpu_busy": 1.85554e-06,
            "user_cpu_time": 0.046768,
            "sys_cpu_time": 0.003897,
            "total_cpu_time": 0.050664999999999995,
            "max_rss": 19468,
            "exit_code": 0,
            "failed": false
        },
        {
            "index": 5,
            "input": 1000.0,
            "run_time": 927570.0,
            "start_time": 1679838396495869501,
            "stop_time": 1679838396496797071,
            "ram_samples": [],
            "cpu_samples": [
                0.0,
                0.0,
                0.0,
                0.0,
                0.0,
                0.0,
                0.0,
                0.0,
                0.0,
                0.0,
                0.0,
                0.0,
                0.0,
                0.0,
                0.0,
                0.0
            ],
            "average_cpu_busy": 0.0,
            "user_cpu_time": 0.051948999999999995,
            "sys_cpu_time": 0.0,
            "total_cpu_time": 0.051948999999999995,
            "max_rss": 19468,
            "exit_code": 0,
            "failed": false
        }
    ]
}