{
    "bench": "spectralnorm-3.java",
    "language": "java",
    "input": 2000.0,
    "average_runtime": 1162371.8333333333,
    "average_cpu_busy": 4.959353333333333e-07,
    "average_ram_load": 0,
    "run_results": [
        {
            "index": 0,
            "input": 2000.0,
            "run_time": 1143184.0,
            "start_time": 1679835461892781901,
            "stop_time": 1679835461893925085,
            "ram_samples": [],
            "cpu_samples": [
                0.0,
                0.0,
                0.0,
                0.0,
                0.0,
                0.0,
                0.0,
                0.0,
                0.0,
                0.0,
                0.0,
                0.0,
                0.0,
                0.0,
                0.0,
                0.0
            ],
            "average_cpu_busy": 0.0,
            "user_cpu_time": 0.075555,
            "sys_cpu_time": 0.071957,
            "total_cpu_time": 0.14751199999999998,
            "max_rss": 44844,
            "exit_code": 0,
            "failed": false
        },
        {
            "index": 1,
            "input": 2000.0,
            "run_time": 1206744.0,
            "start_time": 1679835461958097414,
            "stop_time": 1679835461959304158,
            "ram_samples": [],
            "cpu_samples": [
                0.0,
                0.0,
                0.0,
                0.0,
                0.0,
                0.0,
                0.0,
                0.0,
                0.0,
                100.0,
                0.0,
                50.0,
                0.0,
                0.0,
                0.0,
                0.0
            ],
            "average_cpu_busy": 1.8101159999999998e-06,
            "user_cpu_time": 0.086217,
            "sys_cpu_time": 0.057477999999999994,
            "total_cpu_time": 0.143695,
            "max_rss": 44340,
            "exit_code": 0,
            "failed": false
        },
        {
            "index": 2,
            "input": 2000.0,
            "run_time": 1138756.0,
            "start_time": 1679835462025950127,
            "stop_time": 1679835462027088883,
            "ram_samples": [],
            "cpu_samples": [
                0.0,
                0.0,
                0.0,
                0.0,
                0.0,
                0.0,
                0.0,
                0.0,
                0.0,
                0.0,
                0.0,
                0.0,
                0.0,
                0.0,
                0.0,
                0.0
            ],
            "average_cpu_busy": 0.0,
            "user_cpu_time": 0.10563399999999999,
            "sys_cpu_time": 0.033802,
            "total_cpu_time": 0.139436,
            "max_rss": 44252,
            "exit_code": 0,
            "failed": false
        },
        {
            "index": 3,
            "input": 2000.0,
            "run_time": 1165496.0,
            "start_time": 1679835462089722377,
            "stop_time": 1679835462090887873,
            "ram_samples": [],
            "cpu_samples": [
                100.0,
                0.0,
                0.0,
                0.0,
                0.0,
                0.0,
                0.0,
                0.0,
                0.0,
                0.0,
                0.0,
                0.0,
                0.0,
                0.0,
                0.0,
                0.0
            ],
            "average_cpu_busy": 1.165496e-06,
            "user_cpu_time": 0.098536,
            "sys_cpu_time": 0.052787,
            "total_cpu_time": 0.15132299999999999,
            "max_rss": 44084,
            "exit_code": 0,
            "failed": false
        },
        {
            "index": 4,
            "input": 2000.0,
            "run_time": 1132153.0,
            "start_time": 1679835462159962527,
            "stop_time": 1679835462161094680,
            "ram_samples": [],
            "cpu_samples": [
                0.0,
                0.0,
                0.0,
                0.0,
                0.0,
                0.0,
                0.0,
                0.0,
                0.0,
                0.0,
                0.0,
                0.0,
                0.0,
                0.0,
                0.0,
                0.0
            ],
            "average_cpu_busy": 0.0,
            "user_cpu_time": 0.07449499999999999,
            "sys_cpu_time": 0.070574,
            "total_cpu_time": 0.145069,
            "max_rss": 44700,
            "exit_code": 0,
            "failed": false
        },
        {
            "index": 5,
            "input": 2000.0,
            "run_time": 1187898.0,
            "start_time": 1679835462225573325,
            "stop_time": 1679835462226761223,
            "ram_samples": [],
            "cpu_samples": [
                0.0,
                0.0,
                0.0,
                0.0,
                0.0,
                0.0,
                0.0,
                0.0,
                0.0,
                0.0,
                0.0,
                0.0,
                0.0,
                0.0,
                0.0,
                0.0
            ],
            "average_cpu_busy": 0.0,
            "user_cpu_time": 0.083914,
            "sys_cpu_time": 0.06393499999999999,
            "total_cpu_time": 0.147849,
            "max_rss": 44236,
            "exit_code": 0,
            "failed": false
        }
    ],
    "maximum_runtime": 1206744.0,
    "minimum_runtime": 1132153.0
}