{
    "bench": "spectralnorm-1.java",
    "language": "java",
    "input": 1000.0,
    "average_runtime": 1147105.0,
    "average_cpu_busy": 1.9029200000000002e-07,
    "average_ram_load": 0,
    "run_results": [
        {
            "index": 0,
            "input": 1000.0,
            "run_time": 1095595.0,
            "start_time": 1679835453660223327,
            "stop_time": 1679835453661318922,
            "ram_samples": [],
            "cpu_samples": [
                0.0,
                0.0,
                0.0,
                0.0,
                0.0,
                0.0,
                0.0,
                0.0,
                0.0,
                0.0,
                0.0,
                0.0,
                0.0,
                0.0,
                0.0,
                0.0
            ],
            "average_cpu_busy": 0.0,
            "user_cpu_time": 0.049235,
            "sys_cpu_time": 0.016411,
            "total_cpu_time": 0.065646,
            "max_rss": 43008,
            "exit_code": 0,
            "failed": false
        },
        {
            "index": 1,
            "input": 1000.0,
            "run_time": 1079315.0,
            "start_time": 1679835453715400265,
            "stop_time": 1679835453716479580,
            "ram_samples": [],
            "cpu_samples": [
                0.0,
                0.0,
                0.0,
                0.0,
                0.0,
                0.0,
                0.0,
                0.0,
                0.0,
                0.0,
                0.0,
                0.0,
                0.0,
                0.0,
                0.0,
                0.0
            ],
            "average_cpu_busy": 0.0,
            "user_cpu_time": 0.039265999999999995,
            "sys_cpu_time": 0.023559999999999998,
            "total_cpu_time": 0.06282599999999999,
            "max_rss": 43392,
            "exit_code": 0,
            "failed": false
        },
        {
            "index": 2,
            "input": 1000.0,
            "run_time": 1113879.0,
            "start_time": 1679835453767460087,
            "stop_time": 1679835453768573966,
            "ram_samples": [],
            "cpu_samples": [
                0.0,
                0.0,
                0.0,
                0.0,
                0.0,
                0.0,
                0.0,
                0.0,
                0.0,
                0.0,
                0.0,
                0.0,
                0.0,
                0.0,
                0.0,
                0.0
            ],
            "average_cpu_busy": 0.0,
            "user_cpu_time": 0.047859,
            "sys_cpu_time": 0.019941,
            "total_cpu_time": 0.0678,
            "max_rss": 43136,
            "exit_code": 0,
            "failed": false
        },
        {
            "index": 3,
            "input": 1000.0,
            "run_time": 1188660.0,
            "start_time": 1679835453823641419,
            "stop_time": 1679835453824830079,
            "ram_samples": [],
            "cpu_samples": [
                0.0,
                0.0,
                0.0,
                0.0,
                0.0,
                0.0,
                0.0,
                0.0,
                0.0,
                0.0,
                0.0,
                0.0,
                0.0,
                0.0,
                0.0,
                0.0
            ],
            "average_cpu_busy": 0.0,
            "user_cpu_time": 0.061279,
            "sys_cpu_time": 0.0,
            "total_cpu_time": 0.061279,
            "max_rss": 42880,
            "exit_code": 0,
            "failed": false
        },
        {
            "index": 4,
            "input": 1000.0,
            "run_time": 1263429.0,
            "start_time": 1679835453876722487,
            "stop_time": 1679835453877985916,
            "ram_samples": [],
            "cpu_samples": [
                0.0,
                0.0,
                0.0,
                0.0,
                0.0,
                0.0,
                0.0,
                0.0,
                0.0,
                0.0,
                0.0,
                0.0,
                0.0,
                0.0,
                0.0,
                0.0
            ],
            "average_cpu_busy": 0.0,
            "user_cpu_time": 0.041185,
            "sys_cpu_time": 0.020592,
            "total_cpu_time": 0.061777,
            "max_rss": 42872,
            "exit_code": 0,
            "failed": false
        },
        {
            "index": 5,
            "input": 1000.0,
            "run_time": 1141752.0,
            "start_time": 1679835453929864929,
            "stop_time": 1679835453931006681,
            "ram_samples": [],
            "cpu_samples": [
                0.0,
                0.0,
                0.0,
                0.0,
                0.0,
                0.0,
                0.0,
                100.0,
                0.0,
                0.0,
                0.0,
                0.0,
                0.0,
                0.0,
                0.0,
                0.0
            ],
            "average_cpu_busy": 1.1417520000000002e-06,
            "user_cpu_time": 0.050738,
            "sys_cpu_time": 0.012683999999999999,
            "total_cpu_time": 0.06342199999999999,
            "max_rss": 42624,
            "exit_code": 0,
            "failed": false
        }
    ],
    "maximum_runtime": 1263429.0,
    "minimum_runtime": 1079315.0
}