{
    "bench": "spectralnorm-3.c",
    "language": "c",
    "input": 4000.0,
    "average_run_time": 972350.3333333334,
    "maximum_run_time": 1025253.0,
    "minimum_run_time": 949401.0,
    "average_cpu_time": 1.840612166666667,
    "minimum_cpu_time": 1.7584089999999999,
    "maximum_cpu_time": 2.053436,
    "average_cpu_busy": 0,
    "average_ram_load": 0,
    "run_results": [
        {
            "index": 0,
            "input": 4000.0,
            "run_time": 952807.0,
            "start_time": 1680009384047508170,
            "stop_time": 1680009384048460977,
            "ram_samples": [],
            "cpu_samples": [
                0.0,
                0.0,
                0.0,
                0.0,
                0.0,
                0.0,
                0.0,
                0.0,
                0.0,
                0.0,
                0.0,
                0.0,
                0.0,
                0.0,
                0.0,
                0.0
            ],
            "average_cpu_busy": 0.0,
            "user_cpu_time": 1.80347,
            "sys_cpu_time": 0.007996999999999999,
            "total_cpu_time": 1.811467,
            "max_rss": 23164,
            "exit_code": 0,
            "failed": false
        },
        {
            "index": 1,
            "input": 4000.0,
            "run_time": 958237.0,
            "start_time": 1680009384168162045,
            "stop_time": 1680009384169120282,
            "ram_samples": [],
            "cpu_samples": [
                0.0,
                0.0,
                0.0,
                0.0,
                0.0,
                0.0,
                0.0,
                0.0,
                0.0,
                0.0,
                0.0,
                0.0,
                0.0,
                0.0,
                0.0,
                0.0
            ],
            "average_cpu_busy": 0.0,
            "user_cpu_time": 2.045384,
            "sys_cpu_time": 0.008052,
            "total_cpu_time": 2.053436,
            "max_rss": 23164,
            "exit_code": 0,
            "failed": false
        },
        {
            "index": 2,
            "input": 4000.0,
            "run_time": 1025253.0,
            "start_time": 1680009384306163186,
            "stop_time": 1680009384307188439,
            "ram_samples": [],
            "cpu_samples": [
                0.0,
                0.0,
                0.0,
                0.0,
                0.0,
                0.0,
                0.0,
                0.0,
                0.0,
                0.0,
                0.0,
                0.0,
                0.0,
                0.0,
                0.0,
                0.0
            ],
            "average_cpu_busy": 0.0,
            "user_cpu_time": 1.864977,
            "sys_cpu_time": 0.0040019999999999995,
            "total_cpu_time": 1.8689790000000002,
            "max_rss": 23164,
            "exit_code": 0,
            "failed": false
        },
        {
            "index": 3,
            "input": 4000.0,
            "run_time": 972845.0,
            "start_time": 1680009384431101286,
            "stop_time": 1680009384432074131,
            "ram_samples": [],
            "cpu_samples": [
                0.0,
                0.0,
                0.0,
                0.0,
                0.0,
                0.0,
                0.0,
                0.0,
                0.0,
                0.0,
                0.0,
                0.0,
                0.0,
                0.0,
                0.0,
                0.0
            ],
            "average_cpu_busy": 0.0,
            "user_cpu_time": 1.7878159999999998,
            "sys_cpu_time": 0.0,
            "total_cpu_time": 1.7878159999999998,
            "max_rss": 23164,
            "exit_code": 0,
            "failed": false
        },
        {
            "index": 4,
            "input": 4000.0,
            "run_time": 975559.0,
            "start_time": 1680009384549857372,
            "stop_time": 1680009384550832931,
            "ram_samples": [],
            "cpu_samples": [
                0.0,
                0.0,
                0.0,
                0.0,
                0.0,
                0.0,
                0.0,
                0.0,
                100.0,
                0.0,
                0.0,
                0.0,
                0.0,
                0.0,
                0.0,
                0.0
            ],
            "average_cpu_busy": 9.75559e-07,
            "user_cpu_time": 1.75555,
            "sys_cpu_time": 0.008015999999999999,
            "total_cpu_time": 1.763566,
            "max_rss": 23168,
            "exit_code": 0,
            "failed": false
        },
        {
            "index": 5,
            "input": 4000.0,
            "run_time": 949401.0,
            "start_time": 1680009384666944707,
            "stop_time": 1680009384667894108,
            "ram_samples": [],
            "cpu_samples": [
                0.0,
                0.0,
                0.0,
                0.0,
                0.0,
                0.0,
                0.0,
                0.0,
                0.0,
                0.0,
                0.0,
                0.0,
                0.0,
                0.0,
                0.0,
                0.0
            ],
            "average_cpu_busy": 0.0,
            "user_cpu_time": 1.750435,
            "sys_cpu_time": 0.007974,
            "total_cpu_time": 1.7584089999999999,
            "max_rss": 23168,
            "exit_code": 0,
            "failed": false
        }
    ]
}