{
    "bench": "spectralnorm-4.rust",
    "language": "rust",
    "input": 2000.0,
    "average_runtime": 907295.1666666666,
    "average_cpu_busy": 0.0,
    "average_ram_load": 0,
    "run_results": [
        {
            "index": 0,
            "input": 2000.0,
            "run_time": 912570.0,
            "start_time": 1679663726006678652,
            "stop_time": 1679663726007591222,
            "ram_samples": [],
            "cpu_samples": [
                0.0,
                0.0,
                0.0,
                0.0,
                0.0,
                0.0,
                0.0,
                0.0,
                0.0,
                0.0,
                0.0,
                0.0,
                0.0,
                0.0,
                0.0,
                0.0
            ],
            "average_cpu_busy": 0.0,
            "user_cpu_time": 0.293952,
            "sys_cpu_time": 0.0038669999999999998,
            "total_cpu_time": 0.297819,
            "max_rss": 18884,
            "exit_code": 0,
            "failed": false
        },
        {
            "index": 1,
            "input": 2000.0,
            "run_time": 898123.0,
            "start_time": 1679663726030707294,
            "stop_time": 1679663726031605417,
            "ram_samples": [],
            "cpu_samples": [
                0.0,
                0.0,
                0.0,
                0.0,
                0.0,
                0.0,
                0.0,
                0.0,
                0.0,
                0.0,
                0.0,
                0.0,
                0.0,
                0.0,
                0.0,
                0.0
            ],
            "average_cpu_busy": 0.0,
            "user_cpu_time": 0.28015599999999996,
            "sys_cpu_time": 0.019188,
            "total_cpu_time": 0.29934399999999994,
            "max_rss": 18884,
            "exit_code": 0,
            "failed": false
        },
        {
            "index": 2,
            "input": 2000.0,
            "run_time": 912309.0,
            "start_time": 1679663726054589838,
            "stop_time": 1679663726055502147,
            "ram_samples": [],
            "cpu_samples": [
                0.0,
                0.0,
                0.0,
                0.0,
                0.0,
                0.0,
                0.0,
                0.0,
                0.0,
                0.0,
                0.0,
                0.0,
                0.0,
                0.0,
                0.0,
                0.0
            ],
            "average_cpu_busy": 0.0,
            "user_cpu_time": 0.267507,
            "sys_cpu_time": 0.023603,
            "total_cpu_time": 0.29111,
            "max_rss": 18888,
            "exit_code": 0,
            "failed": false
        },
        {
            "index": 3,
            "input": 2000.0,
            "run_time": 895989.0,
            "start_time": 1679663726079067786,
            "stop_time": 1679663726079963775,
            "ram_samples": [],
            "cpu_samples": [
                0.0,
                0.0,
                0.0,
                0.0,
                0.0,
                0.0,
                0.0,
                0.0,
                0.0,
                0.0,
                0.0,
                0.0,
                0.0,
                0.0,
                0.0,
                0.0
            ],
            "average_cpu_busy": 0.0,
            "user_cpu_time": 0.29903399999999997,
            "sys_cpu_time": 0.0,
            "total_cpu_time": 0.29903399999999997,
            "max_rss": 18888,
            "exit_code": 0,
            "failed": false
        },
        {
            "index": 4,
            "input": 2000.0,
            "run_time": 905818.0,
            "start_time": 1679663726103474329,
            "stop_time": 1679663726104380147,
            "ram_samples": [],
            "cpu_samples": [
                0.0,
                0.0,
                0.0,
                0.0,
                0.0,
                0.0,
                0.0,
                0.0,
                0.0,
                0.0,
                0.0,
                0.0,
                0.0,
                0.0,
                0.0,
                0.0
            ],
            "average_cpu_busy": 0.0,
            "user_cpu_time": 0.298253,
            "sys_cpu_time": 0.0,
            "total_cpu_time": 0.298253,
            "max_rss": 18888,
            "exit_code": 0,
            "failed": false
        },
        {
            "index": 5,
            "input": 2000.0,
            "run_time": 918962.0,
            "start_time": 1679663726128105911,
            "stop_time": 1679663726129024873,
            "ram_samples": [],
            "cpu_samples": [
                0.0,
                0.0,
                0.0,
                0.0,
                0.0,
                0.0,
                0.0,
                0.0,
                0.0,
                0.0,
                0.0,
                0.0,
                0.0,
                0.0,
                0.0,
                0.0
            ],
            "average_cpu_busy": 0.0,
            "user_cpu_time": 0.292472,
            "sys_cpu_time": 0.008124,
            "total_cpu_time": 0.30059600000000003,
            "max_rss": 18884,
            "exit_code": 0,
            "failed": false
        }
    ]
}