{
    "bench": "spectralnorm-3.rust",
    "language": "rust",
    "input": 1000.0,
    "average_runtime": 925804.8333333334,
    "average_cpu_busy": 0.0,
    "average_ram_load": 0,
    "run_results": [
        {
            "index": 0,
            "input": 1000.0,
            "run_time": 982363.0,
            "start_time": 1679835466270890697,
            "stop_time": 1679835466271873060,
            "ram_samples": [],
            "cpu_samples": [
                0.0,
                0.0,
                0.0,
                0.0,
                0.0,
                0.0,
                0.0,
                0.0,
                0.0,
                0.0,
                0.0,
                0.0,
                0.0,
                0.0,
                0.0,
                0.0
            ],
            "average_cpu_busy": 0.0,
            "user_cpu_time": 0.06823499999999999,
            "sys_cpu_time": 0.0,
            "total_cpu_time": 0.06823499999999999,
            "max_rss": 19612,
            "exit_code": 0,
            "failed": false
        },
        {
            "index": 1,
            "input": 1000.0,
            "run_time": 960161.0,
            "start_time": 1679835466295516294,
            "stop_time": 1679835466296476455,
            "ram_samples": [],
            "cpu_samples": [
                0.0,
                0.0,
                0.0,
                0.0,
                0.0,
                0.0,
                0.0,
                0.0,
                0.0,
                0.0,
                0.0,
                0.0,
                0.0,
                0.0,
                0.0,
                0.0
            ],
            "average_cpu_busy": 0.0,
            "user_cpu_time": 0.066386,
            "sys_cpu_time": 0.0,
            "total_cpu_time": 0.066386,
            "max_rss": 19612,
            "exit_code": 0,
            "failed": false
        },
        {
            "index": 2,
            "input": 1000.0,
            "run_time": 943399.0,
            "start_time": 1679835466318465367,
            "stop_time": 1679835466319408766,
            "ram_samples": [],
            "cpu_samples": [
                0.0,
                0.0,
                0.0,
                0.0,
                0.0,
                0.0,
                0.0,
                0.0,
                0.0,
                0.0,
                0.0,
                0.0,
                0.0,
                0.0,
                0.0,
                0.0
            ],
            "average_cpu_busy": 0.0,
            "user_cpu_time": 0.06580699999999999,
            "sys_cpu_time": 0.0,
            "total_cpu_time": 0.06580699999999999,
            "max_rss": 19612,
            "exit_code": 0,
            "failed": false
        },
        {
            "index": 3,
            "input": 1000.0,
            "run_time": 888176.0,
            "start_time": 1679835466340990915,
            "stop_time": 1679835466341879091,
            "ram_samples": [],
            "cpu_samples": [
                0.0,
                0.0,
                0.0,
                0.0,
                0.0,
                0.0,
                0.0,
                0.0,
                0.0,
                0.0,
                0.0,
                0.0,
                0.0,
                0.0,
                0.0,
                0.0
            ],
            "average_cpu_busy": 0.0,
            "user_cpu_time": 0.061917,
            "sys_cpu_time": 0.0038689999999999996,
            "total_cpu_time": 0.065786,
            "max_rss": 19612,
            "exit_code": 0,
            "failed": false
        },
        {
            "index": 4,
            "input": 1000.0,
            "run_time": 924214.0,
            "start_time": 1679835466362715411,
            "stop_time": 1679835466363639625,
            "ram_samples": [],
            "cpu_samples": [
                0.0,
                0.0,
                0.0,
                0.0,
                0.0,
                0.0,
                0.0,
                0.0,
                0.0,
                0.0,
                0.0,
                0.0,
                0.0,
                0.0,
                0.0,
                0.0
            ],
            "average_cpu_busy": 0.0,
            "user_cpu_time": 0.060128999999999995,
            "sys_cpu_time": 0.0054659999999999995,
            "total_cpu_time": 0.065595,
            "max_rss": 19612,
            "exit_code": 0,
            "failed": false
        },
        {
            "index": 5,
            "input": 1000.0,
            "run_time": 856516.0,
            "start_time": 1679835466385166580,
            "stop_time": 1679835466386023096,
            "ram_samples": [],
            "cpu_samples": [
                0.0,
                0.0,
                0.0,
                0.0,
                0.0,
                0.0,
                0.0,
                0.0,
                0.0,
                0.0,
                0.0,
                0.0,
                0.0,
                0.0,
                0.0,
                0.0
            ],
            "average_cpu_busy": 0.0,
            "user_cpu_time": 0.061605,
            "sys_cpu_time": 0.0038499999999999997,
            "total_cpu_time": 0.065455,
            "max_rss": 19612,
            "exit_code": 0,
            "failed": false
        }
    ],
    "maximum_runtime": 982363.0,
    "minimum_runtime": 856516.0
}