{
    "bench": "spectralnorm-2.rust",
    "language": "rust",
    "input": 2000.0,
    "average_runtime": 927399.5,
    "average_cpu_busy": 1.575305e-07,
    "average_ram_load": 0,
    "run_results": [
        {
            "index": 0,
            "input": 2000.0,
            "run_time": 912722.0,
            "start_time": 1679835467431287294,
            "stop_time": 1679835467432200016,
            "ram_samples": [],
            "cpu_samples": [
                0.0,
                0.0,
                0.0,
                0.0,
                0.0,
                0.0,
                0.0,
                0.0,
                0.0,
                0.0,
                0.0,
                0.0,
                0.0,
                0.0,
                0.0,
                0.0
            ],
            "average_cpu_busy": 0.0,
            "user_cpu_time": 0.193773,
            "sys_cpu_time": 0.0,
            "total_cpu_time": 0.193773,
            "max_rss": 19684,
            "exit_code": 0,
            "failed": false
        },
        {
            "index": 1,
            "input": 2000.0,
            "run_time": 945183.0,
            "start_time": 1679835467486100190,
            "stop_time": 1679835467487045373,
            "ram_samples": [],
            "cpu_samples": [
                0.0,
                0.0,
                100.0,
                0.0,
                0.0,
                0.0,
                0.0,
                0.0,
                0.0,
                0.0,
                0.0,
                0.0,
                0.0,
                0.0,
                0.0,
                0.0
            ],
            "average_cpu_busy": 9.45183e-07,
            "user_cpu_time": 0.18933899999999998,
            "sys_cpu_time": 0.004116,
            "total_cpu_time": 0.193455,
            "max_rss": 19684,
            "exit_code": 0,
            "failed": false
        },
        {
            "index": 2,
            "input": 2000.0,
            "run_time": 888917.0,
            "start_time": 1679835467540375287,
            "stop_time": 1679835467541264204,
            "ram_samples": [],
            "cpu_samples": [
                0.0,
                0.0,
                0.0,
                0.0,
                0.0,
                0.0,
                0.0,
                0.0,
                0.0,
                0.0,
                0.0,
                0.0,
                0.0,
                0.0,
                0.0,
                0.0
            ],
            "average_cpu_busy": 0.0,
            "user_cpu_time": 0.18833799999999998,
            "sys_cpu_time": 0.007533,
            "total_cpu_time": 0.195871,
            "max_rss": 19684,
            "exit_code": 0,
            "failed": false
        },
        {
            "index": 3,
            "input": 2000.0,
            "run_time": 931657.0,
            "start_time": 1679835467596090154,
            "stop_time": 1679835467597021811,
            "ram_samples": [],
            "cpu_samples": [
                0.0,
                0.0,
                0.0,
                0.0,
                0.0,
                0.0,
                0.0,
                0.0,
                0.0,
                0.0,
                0.0,
                0.0,
                0.0,
                0.0,
                0.0,
                0.0
            ],
            "average_cpu_busy": 0.0,
            "user_cpu_time": 0.19289299999999998,
            "sys_cpu_time": 0.004193,
            "total_cpu_time": 0.19708599999999998,
            "max_rss": 19684,
            "exit_code": 0,
            "failed": false
        },
        {
            "index": 4,
            "input": 2000.0,
            "run_time": 911931.0,
            "start_time": 1679835467652704548,
            "stop_time": 1679835467653616479,
            "ram_samples": [],
            "cpu_samples": [
                0.0,
                0.0,
                0.0,
                0.0,
                0.0,
                0.0,
                0.0,
                0.0,
                0.0,
                0.0,
                0.0,
                0.0,
                0.0,
                0.0,
                0.0,
                0.0
            ],
            "average_cpu_busy": 0.0,
            "user_cpu_time": 0.194434,
            "sys_cpu_time": 0.0,
            "total_cpu_time": 0.194434,
            "max_rss": 19684,
            "exit_code": 0,
            "failed": false
        },
        {
            "index": 5,
            "input": 2000.0,
            "run_time": 973987.0,
            "start_time": 1679835467708015608,
            "stop_time": 1679835467708989595,
            "ram_samples": [],
            "cpu_samples": [
                0.0,
                0.0,
                0.0,
                0.0,
                0.0,
                0.0,
                0.0,
                0.0,
                0.0,
                0.0,
                0.0,
                0.0,
                0.0,
                0.0,
                0.0,
                0.0
            ],
            "average_cpu_busy": 0.0,
            "user_cpu_time": 0.186776,
            "sys_cpu_time": 0.007623,
            "total_cpu_time": 0.194399,
            "max_rss": 19684,
            "exit_code": 0,
            "failed": false
        }
    ],
    "maximum_runtime": 973987.0,
    "minimum_runtime": 888917.0
}