{
    "bench": "spectralnorm-1.ada",
    "language": "ada",
    "input": 1000.0,
    "average_run_time": 934091.8333333334,
    "maximum_run_time": 983795.0,
    "minimum_run_time": 896391.0,
    "average_cpu_time": 0.052768499999999996,
    "minimum_cpu_time": 0.052260999999999995,
    "maximum_cpu_time": 0.053885999999999996,
    "average_cpu_busy": 0,
    "average_ram_load": 0,
    "run_results": [
        {
            "index": 0,
            "input": 1000.0,
            "run_time": 919214.0,
            "start_time": 1680009312123537880,
            "stop_time": 1680009312124457094,
            "ram_samples": [],
            "cpu_samples": [
                0.0,
                0.0,
                0.0,
                0.0,
                0.0,
                0.0,
                0.0,
                0.0,
                0.0,
                0.0,
                0.0,
                0.0,
                0.0,
                0.0,
                0.0,
                0.0
            ],
            "average_cpu_busy": 0.0,
            "user_cpu_time": 0.052652,
            "sys_cpu_time": 0.0,
            "total_cpu_time": 0.052652,
            "max_rss": 22424,
            "exit_code": 0,
            "failed": false
        },
        {
            "index": 1,
            "input": 1000.0,
            "run_time": 919695.0,
            "start_time": 1680009312179998255,
            "stop_time": 1680009312180917950,
            "ram_samples": [],
            "cpu_samples": [
                0.0,
                0.0,
                0.0,
                0.0,
                0.0,
                0.0,
                0.0,
                0.0,
                0.0,
                0.0,
                0.0,
                0.0,
                0.0,
                0.0,
                0.0,
                0.0
            ],
            "average_cpu_busy": 0.0,
            "user_cpu_time": 0.052334,
            "sys_cpu_time": 0.0,
            "total_cpu_time": 0.052334,
            "max_rss": 22424,
            "exit_code": 0,
            "failed": false
        },
        {
            "index": 2,
            "input": 1000.0,
            "run_time": 896391.0,
            "start_time": 1680009312236217669,
            "stop_time": 1680009312237114060,
            "ram_samples": [],
            "cpu_samples": [
                0.0,
                0.0,
                0.0,
                0.0,
                0.0,
                0.0,
                0.0,
                0.0,
                0.0,
                0.0,
                0.0,
                0.0,
                0.0,
                0.0,
                0.0,
                0.0
            ],
            "average_cpu_busy": 0.0,
            "user_cpu_time": 0.05259,
            "sys_cpu_time": 0.0,
            "total_cpu_time": 0.05259,
            "max_rss": 22428,
            "exit_code": 0,
            "failed": false
        },
        {
            "index": 3,
            "input": 1000.0,
            "run_time": 983795.0,
            "start_time": 1680009312292728720,
            "stop_time": 1680009312293712515,
            "ram_samples": [],
            "cpu_samples": [
                0.0,
                0.0,
                0.0,
                0.0,
                0.0,
                0.0,
                0.0,
                0.0,
                0.0,
                0.0,
                0.0,
                0.0,
                0.0,
                0.0,
                0.0,
                0.0
            ],
            "average_cpu_busy": 0.0,
            "user_cpu_time": 0.053885999999999996,
            "sys_cpu_time": 0.0,
            "total_cpu_time": 0.053885999999999996,
            "max_rss": 22428,
            "exit_code": 0,
            "failed": false
        },
        {
            "index": 4,
            "input": 1000.0,
            "run_time": 950262.0,
            "start_time": 1680009312350390689,
            "stop_time": 1680009312351340951,
            "ram_samples": [],
            "cpu_samples": [
                0.0,
                0.0,
                0.0,
                0.0,
                0.0,
                0.0,
                0.0,
                0.0,
                0.0,
                0.0,
                0.0,
                0.0,
                0.0,
                0.0,
                0.0,
                0.0
            ],
            "average_cpu_busy": 0.0,
            "user_cpu_time": 0.052888,
            "sys_cpu_time": 0.0,
            "total_cpu_time": 0.052888,
            "max_rss": 22428,
            "exit_code": 0,
            "failed": false
        },
        {
            "index": 5,
            "input": 1000.0,
            "run_time": 935194.0,
            "start_time": 1680009312408197239,
            "stop_time": 1680009312409132433,
            "ram_samples": [],
            "cpu_samples": [
                0.0,
                0.0,
                0.0,
                0.0,
                0.0,
                0.0,
                0.0,
                0.0,
                0.0,
                0.0,
                0.0,
                0.0,
                0.0,
                0.0,
                0.0,
                0.0
            ],
            "average_cpu_busy": 0.0,
            "user_cpu_time": 0.052260999999999995,
            "sys_cpu_time": 0.0,
            "total_cpu_time": 0.052260999999999995,
            "max_rss": 22428,
            "exit_code": 0,
            "failed": false
        }
    ]
}