{
    "bench": "spectralnorm-5.cpp",
    "language": "cpp",
    "input": 1000.0,
    "average_runtime": 972503.1666666666,
    "average_cpu_busy": 4.778063333333333e-07,
    "average_ram_load": 0,
    "run_results": [
        {
            "index": 0,
            "input": 1000.0,
            "run_time": 933591.0,
            "start_time": 1679663722451451808,
            "stop_time": 1679663722452385399,
            "ram_samples": [],
            "cpu_samples": [
                0.0,
                0.0,
                0.0,
                0.0,
                0.0,
                0.0,
                0.0,
                0.0,
                0.0,
                0.0,
                0.0,
                0.0,
                0.0,
                0.0,
                0.0,
                0.0
            ],
            "average_cpu_busy": 0.0,
            "user_cpu_time": 0.72104,
            "sys_cpu_time": 0.0,
            "total_cpu_time": 0.72104,
            "max_rss": 18772,
            "exit_code": 0,
            "failed": false
        },
        {
            "index": 1,
            "input": 1000.0,
            "run_time": 1189759.0,
            "start_time": 1679663722505816000,
            "stop_time": 1679663722507005759,
            "ram_samples": [],
            "cpu_samples": [
                0.0,
                0.0,
                0.0,
                0.0,
                0.0,
                0.0,
                0.0,
                0.0,
                0.0,
                0.0,
                0.0,
                0.0,
                0.0,
                0.0,
                0.0,
                0.0
            ],
            "average_cpu_busy": 0.0,
            "user_cpu_time": 0.26665099999999997,
            "sys_cpu_time": 0.0,
            "total_cpu_time": 0.26665099999999997,
            "max_rss": 18772,
            "exit_code": 0,
            "failed": false
        },
        {
            "index": 2,
            "input": 1000.0,
            "run_time": 928791.0,
            "start_time": 1679663722528721720,
            "stop_time": 1679663722529650511,
            "ram_samples": [],
            "cpu_samples": [
                0.0,
                0.0,
                0.0,
                0.0,
                0.0,
                0.0,
                0.0,
                0.0,
                0.0,
                0.0,
                0.0,
                0.0,
                0.0,
                0.0,
                0.0,
                0.0
            ],
            "average_cpu_busy": 0.0,
            "user_cpu_time": 0.23427699999999999,
            "sys_cpu_time": 0.067503,
            "total_cpu_time": 0.30178,
            "max_rss": 18836,
            "exit_code": 0,
            "failed": false
        },
        {
            "index": 3,
            "input": 1000.0,
            "run_time": 970000.0,
            "start_time": 1679663722553625932,
            "stop_time": 1679663722554595932,
            "ram_samples": [],
            "cpu_samples": [
                100.0,
                0.0,
                0.0,
                0.0,
                100.0,
                0.0,
                0.0,
                0.0,
                0.0,
                0.0,
                0.0,
                0.0,
                0.0,
                0.0,
                0.0,
                0.0
            ],
            "average_cpu_busy": 1.94e-06,
            "user_cpu_time": 0.25149,
            "sys_cpu_time": 0.0,
            "total_cpu_time": 0.25149,
            "max_rss": 18836,
            "exit_code": 0,
            "failed": false
        },
        {
            "index": 4,
            "input": 1000.0,
            "run_time": 886040.0,
            "start_time": 1679663722574830398,
            "stop_time": 1679663722575716438,
            "ram_samples": [],
            "cpu_samples": [
                0.0,
                0.0,
                0.0,
                0.0,
                0.0,
                0.0,
                0.0,
                0.0,
                0.0,
                0.0,
                0.0,
                0.0,
                0.0,
                0.0,
                0.0,
                0.0
            ],
            "average_cpu_busy": 0.0,
            "user_cpu_time": 0.222404,
            "sys_cpu_time": 0.0,
            "total_cpu_time": 0.222404,
            "max_rss": 18836,
            "exit_code": 0,
            "failed": false
        },
        {
            "index": 5,
            "input": 1000.0,
            "run_time": 926838.0,
            "start_time": 1679663722593583560,
            "stop_time": 1679663722594510398,
            "ram_samples": [],
            "cpu_samples": [
                0.0,
                0.0,
                0.0,
                0.0,
                0.0,
                0.0,
                0.0,
                100.0,
                0.0,
                0.0,
                0.0,
                0.0,
                0.0,
                0.0,
                0.0,
                0.0
            ],
            "average_cpu_busy": 9.268380000000001e-07,
            "user_cpu_time": 0.32145999999999997,
            "sys_cpu_time": 0.004121,
            "total_cpu_time": 0.32558099999999995,
            "max_rss": 18968,
            "exit_code": 0,
            "failed": false
        }
    ]
}