{
    "bench": "spectralnorm-5.cpp",
    "language": "cpp",
    "input": 2000.0,
    "average_run_time": 967559.5,
    "maximum_run_time": 1092429.0,
    "minimum_run_time": 929292.0,
    "average_cpu_time": 0.8796673333333332,
    "minimum_cpu_time": 0.764529,
    "maximum_cpu_time": 1.063206,
    "average_cpu_busy": 0,
    "average_ram_load": 0,
    "run_results": [
        {
            "index": 0,
            "input": 2000.0,
            "run_time": 959479.0,
            "start_time": 1680009284701877231,
            "stop_time": 1680009284702836710,
            "ram_samples": [],
            "cpu_samples": [
                0.0,
                0.0,
                0.0,
                0.0,
                0.0,
                0.0,
                0.0,
                0.0,
                0.0,
                0.0,
                0.0,
                0.0,
                100.0,
                0.0,
                0.0,
                0.0
            ],
            "average_cpu_busy": 9.59479e-07,
            "user_cpu_time": 0.891388,
            "sys_cpu_time": 0.008177,
            "total_cpu_time": 0.899565,
            "max_rss": 22012,
            "exit_code": 0,
            "failed": false
        },
        {
            "index": 1,
            "input": 2000.0,
            "run_time": 1092429.0,
            "start_time": 1680009284765832904,
            "stop_time": 1680009284766925333,
            "ram_samples": [],
            "cpu_samples": [
                0.0,
                0.0,
                0.0,
                0.0,
                0.0,
                0.0,
                0.0,
                0.0,
                0.0,
                0.0,
                0.0,
                0.0,
                0.0,
                0.0,
                0.0,
                0.0
            ],
            "average_cpu_busy": 0.0,
            "user_cpu_time": 0.8757119999999999,
            "sys_cpu_time": 0.0040349999999999995,
            "total_cpu_time": 0.879747,
            "max_rss": 22012,
            "exit_code": 0,
            "failed": false
        },
        {
            "index": 2,
            "input": 2000.0,
            "run_time": 945043.0,
            "start_time": 1680009284828122893,
            "stop_time": 1680009284829067936,
            "ram_samples": [],
            "cpu_samples": [
                0.0,
                0.0,
                0.0,
                0.0,
                0.0,
                0.0,
                0.0,
                0.0,
                0.0,
                0.0,
                0.0,
                0.0,
                0.0,
                0.0,
                0.0,
                0.0
            ],
            "average_cpu_busy": 0.0,
            "user_cpu_time": 1.063206,
            "sys_cpu_time": 0.0,
            "total_cpu_time": 1.063206,
            "max_rss": 22012,
            "exit_code": 0,
            "failed": false
        },
        {
            "index": 3,
            "input": 2000.0,
            "run_time": 939502.0,
            "start_time": 1680009284904856383,
            "stop_time": 1680009284905795885,
            "ram_samples": [],
            "cpu_samples": [
                0.0,
                0.0,
                0.0,
                0.0,
                0.0,
                0.0,
                0.0,
                0.0,
                0.0,
                0.0,
                0.0,
                0.0,
                0.0,
                0.0,
                0.0,
                0.0
            ],
            "average_cpu_busy": 0.0,
            "user_cpu_time": 0.8805459999999999,
            "sys_cpu_time": 0.007932,
            "total_cpu_time": 0.888478,
            "max_rss": 21884,
            "exit_code": 0,
            "failed": false
        },
        {
            "index": 4,
            "input": 2000.0,
            "run_time": 939612.0,
            "start_time": 1680009284968054205,
            "stop_time": 1680009284968993817,
            "ram_samples": [],
            "cpu_samples": [
                0.0,
                0.0,
                0.0,
                0.0,
                0.0,
                0.0,
                0.0,
                0.0,
                0.0,
                0.0,
                0.0,
                0.0,
                0.0,
                0.0,
                0.0,
                0.0
            ],
            "average_cpu_busy": 0.0,
            "user_cpu_time": 0.7786989999999999,
            "sys_cpu_time": 0.00378,
            "total_cpu_time": 0.7824789999999999,
            "max_rss": 22012,
            "exit_code": 0,
            "failed": false
        },
        {
            "index": 5,
            "input": 2000.0,
            "run_time": 929292.0,
            "start_time": 1680009285023126958,
            "stop_time": 1680009285024056250,
            "ram_samples": [],
            "cpu_samples": [
                0.0,
                0.0,
                0.0,
                0.0,
                0.0,
                0.0,
                0.0,
                0.0,
                0.0,
                0.0,
                0.0,
                0.0,
                0.0,
                0.0,
                0.0,
                0.0
            ],
            "average_cpu_busy": 0.0,
            "user_cpu_time": 0.764529,
            "sys_cpu_time": 0.0,
            "total_cpu_time": 0.764529,
            "max_rss": 22016,
            "exit_code": 0,
            "failed": false
        }
    ]
}