{
    "bench": "spectralnorm-1.ada",
    "language": "ada",
    "input": 5000.0,
    "average_run_time": 988450.5,
    "maximum_run_time": 1233173.0,
    "minimum_run_time": 888476.0,
    "average_cpu_time": 1.2589131666666666,
    "minimum_cpu_time": 1.246242,
    "maximum_cpu_time": 1.271832,
    "average_cpu_busy": 0,
    "average_ram_load": 0,
    "run_results": [
        {
            "index": 0,
            "input": 5000.0,
            "run_time": 888476.0,
            "start_time": 1680009321414306322,
            "stop_time": 1680009321415194798,
            "ram_samples": [],
            "cpu_samples": [
                0.0,
                0.0,
                0.0,
                0.0,
                0.0,
                0.0,
                0.0,
                0.0,
                0.0,
                0.0,
                0.0,
                0.0,
                0.0,
                0.0,
                0.0,
                0.0
            ],
            "average_cpu_busy": 0.0,
            "user_cpu_time": 1.267833,
            "sys_cpu_time": 0.003999,
            "total_cpu_time": 1.271832,
            "max_rss": 22488,
            "exit_code": 0,
            "failed": false
        },
        {
            "index": 1,
            "input": 5000.0,
            "run_time": 958978.0,
            "start_time": 1680009322691162197,
            "stop_time": 1680009322692121175,
            "ram_samples": [],
            "cpu_samples": [
                0.0,
                0.0,
                0.0,
                0.0,
                0.0,
                0.0,
                0.0,
                0.0,
                0.0,
                0.0,
                0.0,
                0.0,
                0.0,
                0.0,
                0.0,
                0.0
            ],
            "average_cpu_busy": 0.0,
            "user_cpu_time": 1.246242,
            "sys_cpu_time": 0.0,
            "total_cpu_time": 1.246242,
            "max_rss": 22488,
            "exit_code": 0,
            "failed": false
        },
        {
            "index": 2,
            "input": 5000.0,
            "run_time": 1233173.0,
            "start_time": 1680009323942915209,
            "stop_time": 1680009323944148382,
            "ram_samples": [],
            "cpu_samples": [
                0.0,
                0.0,
                0.0,
                0.0,
                0.0,
                0.0,
                0.0,
                0.0,
                0.0,
                0.0,
                0.0,
                0.0,
                0.0,
                0.0,
                0.0,
                0.0
            ],
            "average_cpu_busy": 0.0,
            "user_cpu_time": 1.251375,
            "sys_cpu_time": 0.0,
            "total_cpu_time": 1.251375,
            "max_rss": 22488,
            "exit_code": 0,
            "failed": false
        },
        {
            "index": 3,
            "input": 5000.0,
            "run_time": 968156.0,
            "start_time": 1680009325199947894,
            "stop_time": 1680009325200916050,
            "ram_samples": [],
            "cpu_samples": [
                0.0,
                0.0,
                0.0,
                0.0,
                0.0,
                0.0,
                0.0,
                0.0,
                0.0,
                0.0,
                0.0,
                0.0,
                0.0,
                0.0,
                0.0,
                0.0
            ],
            "average_cpu_busy": 0.0,
            "user_cpu_time": 1.257186,
            "sys_cpu_time": 0.0,
            "total_cpu_time": 1.257186,
            "max_rss": 22488,
            "exit_code": 0,
            "failed": false
        },
        {
            "index": 4,
            "input": 5000.0,
            "run_time": 976371.0,
            "start_time": 1680009326462085093,
            "stop_time": 1680009326463061464,
            "ram_samples": [],
            "cpu_samples": [
                0.0,
                0.0,
                0.0,
                0.0,
                0.0,
                0.0,
                0.0,
                0.0,
                0.0,
                0.0,
                0.0,
                0.0,
                0.0,
                0.0,
                0.0,
                0.0
            ],
            "average_cpu_busy": 0.0,
            "user_cpu_time": 1.260522,
            "sys_cpu_time": 0.0,
            "total_cpu_time": 1.260522,
            "max_rss": 22492,
            "exit_code": 0,
            "failed": false
        },
        {
            "index": 5,
            "input": 5000.0,
            "run_time": 905549.0,
            "start_time": 1680009327727558789,
            "stop_time": 1680009327728464338,
            "ram_samples": [],
            "cpu_samples": [
                0.0,
                0.0,
                0.0,
                0.0,
                0.0,
                0.0,
                0.0,
                0.0,
                0.0,
                0.0,
                0.0,
                0.0,
                0.0,
                0.0,
                0.0,
                0.0
            ],
            "average_cpu_busy": 0.0,
            "user_cpu_time": 1.266322,
            "sys_cpu_time": 0.0,
            "total_cpu_time": 1.266322,
            "max_rss": 22500,
            "exit_code": 0,
            "failed": false
        }
    ]
}