{
    "bench": "spectralnorm-3.java",
    "language": "java",
    "input": 2000.0,
    "average_run_time": 1179111.5,
    "maximum_run_time": 1288827.0,
    "minimum_run_time": 1138586.0,
    "average_cpu_time": 0.14670966666666665,
    "minimum_cpu_time": 0.14394,
    "maximum_cpu_time": 0.150268,
    "average_cpu_busy": 0,
    "average_ram_load": 0,
    "run_results": [
        {
            "index": 0,
            "input": 2000.0,
            "run_time": 1288827.0,
            "start_time": 1680009346416957456,
            "stop_time": 1680009346418246283,
            "ram_samples": [],
            "cpu_samples": [
                0.0,
                0.0,
                0.0,
                0.0,
                0.0,
                0.0,
                0.0,
                0.0,
                0.0,
                0.0,
                0.0,
                0.0,
                0.0,
                0.0,
                0.0,
                0.0
            ],
            "average_cpu_busy": 0.0,
            "user_cpu_time": 0.089963,
            "sys_cpu_time": 0.053977,
            "total_cpu_time": 0.14394,
            "max_rss": 44544,
            "exit_code": 0,
            "failed": false
        },
        {
            "index": 1,
            "input": 2000.0,
            "run_time": 1138586.0,
            "start_time": 1680009346483624334,
            "stop_time": 1680009346484762920,
            "ram_samples": [],
            "cpu_samples": [
                0.0,
                0.0,
                0.0,
                0.0,
                0.0,
                0.0,
                0.0,
                0.0,
                0.0,
                0.0,
                0.0,
                0.0,
                0.0,
                0.0,
                0.0,
                0.0
            ],
            "average_cpu_busy": 0.0,
            "user_cpu_time": 0.12211799999999999,
            "sys_cpu_time": 0.025441,
            "total_cpu_time": 0.147559,
            "max_rss": 44620,
            "exit_code": 0,
            "failed": false
        },
        {
            "index": 2,
            "input": 2000.0,
            "run_time": 1175585.0,
            "start_time": 1680009346553248269,
            "stop_time": 1680009346554423854,
            "ram_samples": [],
            "cpu_samples": [
                0.0,
                0.0,
                0.0,
                0.0,
                0.0,
                0.0,
                0.0,
                0.0,
                0.0,
                0.0,
                0.0,
                0.0,
                0.0,
                0.0,
                0.0,
                0.0
            ],
            "average_cpu_busy": 0.0,
            "user_cpu_time": 0.077281,
            "sys_cpu_time": 0.072987,
            "total_cpu_time": 0.150268,
            "max_rss": 44560,
            "exit_code": 0,
            "failed": false
        },
        {
            "index": 3,
            "input": 2000.0,
            "run_time": 1161348.0,
            "start_time": 1680009346622475890,
            "stop_time": 1680009346623637238,
            "ram_samples": [],
            "cpu_samples": [
                0.0,
                0.0,
                0.0,
                0.0,
                0.0,
                0.0,
                0.0,
                0.0,
                0.0,
                0.0,
                0.0,
                0.0,
                0.0,
                0.0,
                0.0,
                0.0
            ],
            "average_cpu_busy": 0.0,
            "user_cpu_time": 0.08555399999999999,
            "sys_cpu_time": 0.06111,
            "total_cpu_time": 0.146664,
            "max_rss": 45480,
            "exit_code": 0,
            "failed": false
        },
        {
            "index": 4,
            "input": 2000.0,
            "run_time": 1156078.0,
            "start_time": 1680009346688516474,
            "stop_time": 1680009346689672552,
            "ram_samples": [],
            "cpu_samples": [
                0.0,
                0.0,
                0.0,
                0.0,
                0.0,
                0.0,
                0.0,
                0.0,
                0.0,
                0.0,
                0.0,
                0.0,
                0.0,
                0.0,
                0.0,
                0.0
            ],
            "average_cpu_busy": 0.0,
            "user_cpu_time": 0.088082,
            "sys_cpu_time": 0.057443999999999995,
            "total_cpu_time": 0.145526,
            "max_rss": 44852,
            "exit_code": 0,
            "failed": false
        },
        {
            "index": 5,
            "input": 2000.0,
            "run_time": 1154245.0,
            "start_time": 1680009346754039778,
            "stop_time": 1680009346755194023,
            "ram_samples": [],
            "cpu_samples": [
                0.0,
                0.0,
                0.0,
                0.0,
                0.0,
                0.0,
                0.0,
                0.0,
                0.0,
                0.0,
                0.0,
                0.0,
                0.0,
                0.0,
                0.0,
                0.0
            ],
            "average_cpu_busy": 0.0,
            "user_cpu_time": 0.056894999999999994,
            "sys_cpu_time": 0.089406,
            "total_cpu_time": 0.146301,
            "max_rss": 44780,
            "exit_code": 0,
            "failed": false
        }
    ]
}