{
    "bench": "spectralnorm-2.java",
    "language": "java",
    "input": 5000.0,
    "average_run_time": 1342264.3333333333,
    "maximum_run_time": 1380560.0,
    "minimum_run_time": 1310067.0,
    "average_cpu_time": 1.2705546666666667,
    "minimum_cpu_time": 1.1784359999999998,
    "maximum_cpu_time": 1.3214480000000002,
    "average_cpu_busy": 0,
    "average_ram_load": 0,
    "run_results": [
        {
            "index": 0,
            "input": 5000.0,
            "run_time": 1368307.0,
            "start_time": 1680009283533475449,
            "stop_time": 1680009283534843756,
            "ram_samples": [],
            "cpu_samples": [
                0.0,
                0.0,
                0.0,
                0.0,
                0.0,
                100.0,
                0.0,
                0.0,
                0.0,
                100.0,
                0.0,
                0.0,
                0.0,
                0.0,
                0.0,
                0.0
            ],
            "average_cpu_busy": 2.736614e-06,
            "user_cpu_time": 1.25427,
            "sys_cpu_time": 0.029462,
            "total_cpu_time": 1.283732,
            "max_rss": 45688,
            "exit_code": 0,
            "failed": false
        },
        {
            "index": 1,
            "input": 5000.0,
            "run_time": 1332499.0,
            "start_time": 1680009283668379021,
            "stop_time": 1680009283669711520,
            "ram_samples": [],
            "cpu_samples": [
                0.0,
                0.0,
                0.0,
                0.0,
                0.0,
                0.0,
                0.0,
                0.0,
                0.0,
                0.0,
                0.0,
                0.0,
                0.0,
                0.0,
                0.0,
                0.0
            ],
            "average_cpu_busy": 0.0,
            "user_cpu_time": 1.267891,
            "sys_cpu_time": 0.028175,
            "total_cpu_time": 1.2960660000000002,
            "max_rss": 45800,
            "exit_code": 0,
            "failed": false
        },
        {
            "index": 2,
            "input": 5000.0,
            "run_time": 1310067.0,
            "start_time": 1680009283807439118,
            "stop_time": 1680009283808749185,
            "ram_samples": [],
            "cpu_samples": [
                0.0,
                0.0,
                0.0,
                0.0,
                0.0,
                0.0,
                0.0,
                0.0,
                0.0,
                0.0,
                0.0,
                0.0,
                0.0,
                0.0,
                0.0,
                0.0
            ],
            "average_cpu_busy": 0.0,
            "user_cpu_time": 1.199011,
            "sys_cpu_time": 0.023821,
            "total_cpu_time": 1.2228320000000001,
            "max_rss": 45292,
            "exit_code": 0,
            "failed": false
        },
        {
            "index": 3,
            "input": 5000.0,
            "run_time": 1333641.0,
            "start_time": 1680009283938689257,
            "stop_time": 1680009283940022898,
            "ram_samples": [],
            "cpu_samples": [
                0.0,
                0.0,
                0.0,
                0.0,
                0.0,
                0.0,
                0.0,
                0.0,
                0.0,
                0.0,
                0.0,
                0.0,
                0.0,
                0.0,
                0.0,
                0.0
            ],
            "average_cpu_busy": 0.0,
            "user_cpu_time": 1.156853,
            "sys_cpu_time": 0.021582999999999998,
            "total_cpu_time": 1.1784359999999998,
            "max_rss": 45440,
            "exit_code": 0,
            "failed": false
        },
        {
            "index": 4,
            "input": 5000.0,
            "run_time": 1380560.0,
            "start_time": 1680009284069778083,
            "stop_time": 1680009284071158643,
            "ram_samples": [],
            "cpu_samples": [
                100.0,
                0.0,
                0.0,
                0.0,
                0.0,
                0.0,
                0.0,
                0.0,
                0.0,
                0.0,
                0.0,
                0.0,
                0.0,
                0.0,
                0.0,
                0.0
            ],
            "average_cpu_busy": 1.3805599999999997e-06,
            "user_cpu_time": 1.292626,
            "sys_cpu_time": 0.028187999999999998,
            "total_cpu_time": 1.3208140000000002,
            "max_rss": 46072,
            "exit_code": 0,
            "failed": false
        },
        {
            "index": 5,
            "input": 5000.0,
            "run_time": 1328512.0,
            "start_time": 1680009284206956571,
            "stop_time": 1680009284208285083,
            "ram_samples": [],
            "cpu_samples": [
                0.0,
                0.0,
                0.0,
                0.0,
                0.0,
                0.0,
                0.0,
                0.0,
                0.0,
                0.0,
                0.0,
                0.0,
                0.0,
                0.0,
                0.0,
                0.0
            ],
            "average_cpu_busy": 0.0,
            "user_cpu_time": 1.295392,
            "sys_cpu_time": 0.026056,
            "total_cpu_time": 1.3214480000000002,
            "max_rss": 45436,
            "exit_code": 0,
            "failed": false
        }
    ]
}