{
    "bench": "spectralnorm-3.java",
    "language": "java",
    "input": 1000.0,
    "average_run_time": 1134892.0,
    "maximum_run_time": 1173742.0,
    "minimum_run_time": 1084143.0,
    "average_cpu_time": 0.1442335,
    "minimum_cpu_time": 0.141236,
    "maximum_cpu_time": 0.150131,
    "average_cpu_busy": 0,
    "average_ram_load": 0,
    "run_results": [
        {
            "index": 0,
            "input": 1000.0,
            "run_time": 1156610.0,
            "start_time": 1679838402737596918,
            "stop_time": 1679838402738753528,
            "ram_samples": [],
            "cpu_samples": [
                0.0,
                0.0,
                0.0,
                0.0,
                0.0,
                0.0,
                0.0,
                0.0,
                0.0,
                0.0,
                0.0,
                0.0,
                0.0,
                0.0,
                0.0,
                0.0
            ],
            "average_cpu_busy": 0.0,
            "user_cpu_time": 0.08735599999999999,
            "sys_cpu_time": 0.05559,
            "total_cpu_time": 0.142946,
            "max_rss": 44912,
            "exit_code": 0,
            "failed": false
        },
        {
            "index": 1,
            "input": 1000.0,
            "run_time": 1084143.0,
            "start_time": 1679838402803418822,
            "stop_time": 1679838402804502965,
            "ram_samples": [],
            "cpu_samples": [
                0.0,
                0.0,
                0.0,
                0.0,
                0.0,
                0.0,
                0.0,
                0.0,
                0.0,
                0.0,
                0.0,
                0.0,
                0.0,
                0.0,
                0.0,
                0.0
            ],
            "average_cpu_busy": 0.0,
            "user_cpu_time": 0.072896,
            "sys_cpu_time": 0.06834,
            "total_cpu_time": 0.141236,
            "max_rss": 44216,
            "exit_code": 0,
            "failed": false
        },
        {
            "index": 2,
            "input": 1000.0,
            "run_time": 1120912.0,
            "start_time": 1679838402868011390,
            "stop_time": 1679838402869132302,
            "ram_samples": [],
            "cpu_samples": [
                0.0,
                0.0,
                0.0,
                0.0,
                0.0,
                0.0,
                0.0,
                0.0,
                0.0,
                0.0,
                0.0,
                0.0,
                0.0,
                0.0,
                0.0,
                0.0
            ],
            "average_cpu_busy": 0.0,
            "user_cpu_time": 0.07356399999999999,
            "sys_cpu_time": 0.06866,
            "total_cpu_time": 0.142224,
            "max_rss": 44404,
            "exit_code": 0,
            "failed": false
        },
        {
            "index": 3,
            "input": 1000.0,
            "run_time": 1138235.0,
            "start_time": 1679838402932132143,
            "stop_time": 1679838402933270378,
            "ram_samples": [],
            "cpu_samples": [
                0.0,
                0.0,
                0.0,
                0.0,
                0.0,
                0.0,
                0.0,
                0.0,
                0.0,
                0.0,
                0.0,
                0.0,
                0.0,
                0.0,
                0.0,
                0.0
            ],
            "average_cpu_busy": 0.0,
            "user_cpu_time": 0.071971,
            "sys_cpu_time": 0.071971,
            "total_cpu_time": 0.143942,
            "max_rss": 44288,
            "exit_code": 0,
            "failed": false
        },
        {
            "index": 4,
            "input": 1000.0,
            "run_time": 1135710.0,
            "start_time": 1679838402999672400,
            "stop_time": 1679838403000808110,
            "ram_samples": [],
            "cpu_samples": [
                0.0,
                0.0,
                0.0,
                0.0,
                0.0,
                0.0,
                0.0,
                0.0,
                0.0,
                0.0,
                0.0,
                0.0,
                0.0,
                0.0,
                0.0,
                0.0
            ],
            "average_cpu_busy": 0.0,
            "user_cpu_time": 0.083406,
            "sys_cpu_time": 0.06672499999999999,
            "total_cpu_time": 0.150131,
            "max_rss": 44824,
            "exit_code": 0,
            "failed": false
        },
        {
            "index": 5,
            "input": 1000.0,
            "run_time": 1173742.0,
            "start_time": 1679838403064381967,
            "stop_time": 1679838403065555709,
            "ram_samples": [],
            "cpu_samples": [
                0.0,
                0.0,
                0.0,
                0.0,
                0.0,
                0.0,
                0.0,
                0.0,
                0.0,
                0.0,
                0.0,
                0.0,
                0.0,
                0.0,
                0.0,
                0.0
            ],
            "average_cpu_busy": 0.0,
            "user_cpu_time": 0.10539799999999999,
            "sys_cpu_time": 0.039524,
            "total_cpu_time": 0.144922,
            "max_rss": 44316,
            "exit_code": 0,
            "failed": false
        }
    ]
}