{
    "bench": "spectralnorm-1.rust",
    "language": "rust",
    "input": 5000.0,
    "average_run_time": 1101025.1666666667,
    "maximum_run_time": 1145058.0,
    "minimum_run_time": 1059728.0,
    "average_cpu_time": 1.2427598333333334,
    "minimum_cpu_time": 1.223312,
    "maximum_cpu_time": 1.299546,
    "average_cpu_busy": 0,
    "average_ram_load": 0,
    "run_results": [
        {
            "index": 0,
            "input": 5000.0,
            "run_time": 1145058.0,
            "start_time": 1680009350971667380,
            "stop_time": 1680009350972812438,
            "ram_samples": [],
            "cpu_samples": [
                0.0,
                0.0,
                0.0,
                0.0,
                0.0,
                0.0,
                0.0,
                0.0,
                0.0,
                0.0,
                0.0,
                0.0,
                0.0,
                0.0,
                0.0,
                0.0
            ],
            "average_cpu_busy": 0.0,
            "user_cpu_time": 1.21839,
            "sys_cpu_time": 0.020374,
            "total_cpu_time": 1.238764,
            "max_rss": 22748,
            "exit_code": 0,
            "failed": false
        },
        {
            "index": 1,
            "input": 5000.0,
            "run_time": 1088522.0,
            "start_time": 1680009351302817917,
            "stop_time": 1680009351303906439,
            "ram_samples": [],
            "cpu_samples": [
                0.0,
                0.0,
                0.0,
                0.0,
                0.0,
                0.0,
                0.0,
                0.0,
                0.0,
                0.0,
                0.0,
                0.0,
                0.0,
                0.0,
                0.0,
                0.0
            ],
            "average_cpu_busy": 0.0,
            "user_cpu_time": 1.225386,
            "sys_cpu_time": 0.0,
            "total_cpu_time": 1.225386,
            "max_rss": 22752,
            "exit_code": 0,
            "failed": false
        },
        {
            "index": 2,
            "input": 5000.0,
            "run_time": 1115192.0,
            "start_time": 1680009351630396053,
            "stop_time": 1680009351631511245,
            "ram_samples": [],
            "cpu_samples": [
                0.0,
                0.0,
                0.0,
                0.0,
                0.0,
                0.0,
                0.0,
                0.0,
                0.0,
                0.0,
                0.0,
                0.0,
                0.0,
                0.0,
                0.0,
                0.0
            ],
            "average_cpu_busy": 0.0,
            "user_cpu_time": 1.295584,
            "sys_cpu_time": 0.003962,
            "total_cpu_time": 1.299546,
            "max_rss": 22752,
            "exit_code": 0,
            "failed": false
        },
        {
            "index": 3,
            "input": 5000.0,
            "run_time": 1059728.0,
            "start_time": 1680009351987083636,
            "stop_time": 1680009351988143364,
            "ram_samples": [],
            "cpu_samples": [
                0.0,
                0.0,
                0.0,
                0.0,
                0.0,
                0.0,
                0.0,
                0.0,
                0.0,
                0.0,
                0.0,
                0.0,
                0.0,
                0.0,
                0.0,
                0.0
            ],
            "average_cpu_busy": 0.0,
            "user_cpu_time": 1.2193019999999999,
            "sys_cpu_time": 0.00401,
            "total_cpu_time": 1.223312,
            "max_rss": 22756,
            "exit_code": 0,
            "failed": false
        },
        {
            "index": 4,
            "input": 5000.0,
            "run_time": 1070688.0,
            "start_time": 1680009352308656610,
            "stop_time": 1680009352309727298,
            "ram_samples": [],
            "cpu_samples": [
                0.0,
                0.0,
                0.0,
                0.0,
                0.0,
                0.0,
                0.0,
                0.0,
                0.0,
                0.0,
                0.0,
                0.0,
                0.0,
                0.0,
                0.0,
                0.0
            ],
            "average_cpu_busy": 0.0,
            "user_cpu_time": 1.212475,
            "sys_cpu_time": 0.015901,
            "total_cpu_time": 1.228376,
            "max_rss": 22756,
            "exit_code": 0,
            "failed": false
        },
        {
            "index": 5,
            "input": 5000.0,
            "run_time": 1126963.0,
            "start_time": 1680009352636701221,
            "stop_time": 1680009352637828184,
            "ram_samples": [],
            "cpu_samples": [
                0.0,
                0.0,
                0.0,
                0.0,
                0.0,
                0.0,
                0.0,
                0.0,
                0.0,
                0.0,
                0.0,
                0.0,
                0.0,
                0.0,
                0.0,
                0.0
            ],
            "average_cpu_busy": 0.0,
            "user_cpu_time": 1.213854,
            "sys_cpu_time": 0.027320999999999998,
            "total_cpu_time": 1.241175,
            "max_rss": 22756,
            "exit_code": 0,
            "failed": false
        }
    ]
}